timestamp,temp_c,util_pct,mem_used_mib,mem_total_mib
2026-09-16 00:48:49,46,91,7802,8151
2026-09-16 00:49:01,47,77,7802,8151
2026-09-16 00:49:12,47,95,7802,8151
2026-09-16 00:49:23,46,4,7802,8151
2026-09-16 00:49:35,46,97,7802,8151
2026-09-16 00:49:46,47,75,7802,8151
2026-09-16 00:49:57,45,0,7802,8151
2026-09-16 00:50:08,47,100,7802,8151
2026-09-16 00:50:19,46,0,7802,8151
2026-09-16 00:50:31,47,96,7802,8151
2026-09-16 00:50:42,46,0,7802,8151
2026-09-16 00:50:53,47,100,7802,8151
2026-09-16 00:51:05,47,100,7802,8151
2026-09-16 00:51:16,47,99,7802,8151
2026-09-16 00:51:27,47,100,7802,8151
2026-09-16 00:51:38,47,93,7802,8151
2026-09-16 00:51:50,47,83,7802,8151
2026-09-16 00:52:01,47,100,7802,8151
2026-09-16 00:52:13,47,81,7802,8151
2026-09-16 00:52:24,47,100,7802,8151
2026-09-16 00:52:35,47,87,7802,8151
2026-09-16 00:52:47,47,100,7802,8151
2026-09-16 00:52:58,47,100,7802,8151
2026-09-16 00:53:10,47,100,7802,8151
2026-09-16 00:53:21,47,100,7802,8151
2026-09-16 00:53:32,46,93,7802,8151
2026-09-16 00:53:44,47,100,7802,8151
2026-09-16 00:53:55,47,91,7802,8151
2026-09-16 00:54:06,47,100,7802,8151
2026-09-16 00:54:17,47,95,7802,8151
2026-09-16 00:54:29,47,98,7802,8151
2026-09-16 00:54:40,47,99,7802,8151
2026-09-16 00:54:51,47,100,7802,8151
2026-09-16 00:55:04,47,86,7802,8151
2026-09-16 00:55:15,47,93,7802,8151
2026-09-16 00:55:26,47,89,7802,8151
2026-09-16 00:55:38,46,0,7802,8151
2026-09-16 00:55:49,47,100,7802,8151
2026-09-16 00:56:00,47,94,7802,8151
2026-09-16 00:56:11,47,93,7802,8151
2026-09-16 00:56:22,46,0,7802,8151
2026-09-16 00:56:34,47,92,7802,8151
2026-09-16 00:56:45,46,0,7802,8151
2026-09-16 00:56:56,47,98,7802,8151
2026-09-16 00:57:07,47,32,7802,8151
2026-09-16 00:57:18,47,100,7802,8151
2026-09-16 00:57:30,47,100,7802,8151
2026-09-16 00:57:41,46,0,7802,8151
2026-09-16 00:57:52,47,98,7802,8151
2026-09-16 00:58:03,46,0,7802,8151
2026-09-16 00:58:15,47,98,7802,8151
2026-09-16 00:58:26,47,94,7802,8151
2026-09-16 00:58:38,47,92,7802,8151
2026-09-16 00:58:49,47,88,7802,8151
2026-09-16 00:59:00,47,94,7802,8151
2026-09-16 00:59:12,47,100,7802,8151
2026-09-16 00:59:24,47,95,7802,8151
2026-09-16 00:59:35,45,0,7802,8151
2026-09-16 00:59:49,46,100,7802,8151
2026-09-16 01:00:00,47,80,7802,8151
2026-09-16 01:00:11,49,100,7802,8151
2026-09-16 01:00:22,52,100,7802,8151
2026-09-16 01:00:32,53,100,7802,8151
2026-09-16 01:00:42,54,100,7802,8151
2026-09-16 01:00:52,55,99,7802,8151
2026-09-16 01:01:02,55,100,7802,8151
2026-09-16 01:01:12,57,100,7802,8151
2026-09-16 01:01:23,57,100,7802,8151
2026-09-16 01:01:33,57,100,7802,8151
2026-09-16 01:01:43,58,100,7802,8151
2026-09-16 01:01:53,58,100,7802,8151
2026-09-16 01:02:03,57,100,7802,8151
2026-09-16 01:02:14,58,99,7802,8151
2026-09-16 01:02:24,58,100,7802,8151
2026-09-16 01:02:34,58,100,7802,8151
2026-09-16 01:02:44,55,0,7802,8151
2026-09-16 01:02:54,58,100,7802,8151
2026-09-16 01:03:05,57,100,7802,8151
2026-09-16 01:03:15,57,100,7802,8151
2026-09-16 01:03:25,55,0,7802,8151
2026-09-16 01:03:35,58,100,7802,8151
2026-09-16 01:03:45,58,99,7802,8151
2026-09-16 01:03:56,59,100,7802,8151
2026-09-16 01:04:06,57,100,7802,8151
2026-09-16 01:04:16,57,100,7802,8151
2026-09-16 01:04:26,57,99,7802,8151
2026-09-16 01:04:36,56,100,7802,8151
2026-09-16 01:04:47,56,99,7802,8151
2026-09-16 01:04:57,56,100,7802,8151
2026-09-16 01:05:07,57,100,7802,8151
2026-09-16 01:05:17,56,99,7802,8151
2026-09-16 01:05:27,58,95,7802,8151
2026-09-16 01:05:38,55,100,7802,8151
2026-09-16 01:05:48,56,100,7802,8151
2026-09-16 01:05:58,56,99,7802,8151
2026-09-16 01:06:08,55,100,7802,8151
2026-09-16 01:06:18,56,99,7802,8151
2026-09-16 01:06:28,56,100,7802,8151
2026-09-16 01:06:39,53,0,7802,8151
2026-09-16 01:06:49,55,100,7802,8151
2026-09-16 01:06:59,55,99,7802,8151
2026-09-16 01:07:09,62,99,7802,8151
2026-09-16 01:07:19,55,100,7802,8151
2026-09-16 01:07:30,55,100,7802,8151
2026-09-16 01:07:40,55,99,7802,8151
2026-09-16 01:07:50,56,97,7802,8151
2026-09-16 01:08:00,55,100,7802,8151
2026-09-16 01:08:10,55,100,7802,8151
2026-09-16 01:08:21,55,100,7802,8151
2026-09-16 01:08:31,55,100,7802,8151
2026-09-16 01:08:41,56,100,7802,8151
2026-09-16 01:08:51,56,100,7802,8151
2026-09-16 01:09:01,56,99,7802,8151
2026-09-16 01:09:11,57,100,7802,8151
2026-09-16 01:09:22,56,100,7802,8151
2026-09-16 01:09:32,57,100,7802,8151
2026-09-16 01:09:42,57,100,7802,8151
2026-09-16 01:09:52,57,100,7802,8151
2026-09-16 01:10:02,57,100,7802,8151
2026-09-16 01:10:13,57,100,7802,8151
2026-09-16 01:10:23,57,100,7802,8151
2026-09-16 01:10:33,56,99,7802,8151
2026-09-16 01:10:43,56,100,7802,8151
2026-09-16 01:10:53,56,100,7802,8151
2026-09-16 01:11:03,56,100,7802,8151
2026-09-16 01:11:14,57,99,7802,8151
2026-09-16 01:11:24,56,100,7802,8151
2026-09-16 01:11:34,57,100,7802,8151
2026-09-16 01:11:44,57,86,7802,8151
2026-09-16 01:11:54,57,100,7802,8151
2026-09-16 01:12:04,54,0,7802,8151
2026-09-16 01:12:15,57,100,7802,8151
2026-09-16 01:12:25,57,100,7802,8151
2026-09-16 01:12:35,57,99,7802,8151
2026-09-16 01:12:45,57,98,7802,8151
2026-09-16 01:12:55,58,99,7802,8151
2026-09-16 01:13:06,57,100,7802,8151
2026-09-16 01:13:16,56,100,7802,8151
2026-09-16 01:13:26,57,100,7802,8151
2026-09-16 01:13:36,57,99,7802,8151
2026-09-16 01:13:46,57,99,7802,8151
2026-09-16 01:13:56,56,100,7802,8151
2026-09-16 01:14:07,56,100,7802,8151
2026-09-16 01:14:17,56,100,7802,8151
2026-09-16 01:14:27,56,100,7802,8151
2026-09-16 01:14:37,56,100,7802,8151
2026-09-16 01:14:47,56,99,7802,8151
2026-09-16 01:14:57,56,100,7802,8151
2026-09-16 01:15:08,57,100,7802,8151
2026-09-16 01:15:18,56,100,7802,8151
2026-09-16 01:15:28,57,100,7802,8151
2026-09-16 01:15:38,57,100,7802,8151
2026-09-16 01:15:48,56,100,7802,8151
2026-09-16 01:15:59,56,100,7802,8151
2026-09-16 01:16:09,62,97,7802,8151
2026-09-16 01:16:19,56,100,7802,8151
2026-09-16 01:16:29,56,100,7802,8151
2026-09-16 01:16:39,56,100,7802,8151
2026-09-16 01:16:49,56,100,7802,8151
2026-09-16 01:16:59,56,100,7802,8151
2026-09-16 01:17:10,56,100,7802,8151
2026-09-16 01:17:20,56,100,7802,8151
2026-09-16 01:17:30,56,99,7802,8151
2026-09-16 01:17:40,56,100,7802,8151
2026-09-16 01:17:50,56,100,7802,8151
2026-09-16 01:18:00,56,97,7802,8151
2026-09-16 01:18:11,56,100,7802,8151
2026-09-16 01:18:21,56,100,7802,8151
2026-09-16 01:18:31,58,99,7802,8151
2026-09-16 01:18:41,56,100,7802,8151
2026-09-16 01:18:51,53,0,7802,8151
2026-09-16 01:19:02,55,100,7802,8151
2026-09-16 01:19:12,58,100,7802,8151
2026-09-16 01:19:22,56,100,7802,8151
2026-09-16 01:19:32,56,99,7802,8151
2026-09-16 01:19:42,55,100,7802,8151
2026-09-16 01:19:52,56,100,7802,8151
2026-09-16 01:20:02,56,100,7802,8151
2026-09-16 01:20:13,56,100,7802,8151
2026-09-16 01:20:23,56,97,7802,8151
2026-09-16 01:20:33,56,100,7802,8151
2026-09-16 01:20:43,57,99,7802,8151
2026-09-16 01:20:53,57,19,7802,8151
2026-09-16 01:21:04,57,100,7802,8151
2026-09-16 01:21:14,56,99,7802,8151
2026-09-16 01:21:24,56,100,7802,8151
2026-09-16 01:21:34,57,100,7802,8151
2026-09-16 01:21:44,57,98,7802,8151
2026-09-16 01:21:54,56,100,7802,8151
2026-09-16 01:22:05,56,100,7802,8151
2026-09-16 01:22:15,57,100,7802,8151
2026-09-16 01:22:25,57,99,7802,8151
2026-09-16 01:22:35,56,100,7802,8151
2026-09-16 01:22:45,55,100,7802,8151
2026-09-16 01:22:56,56,99,7802,8151
2026-09-16 01:23:06,56,99,7802,8151
2026-09-16 01:23:16,56,100,7802,8151
2026-09-16 01:23:26,58,96,7802,8151
2026-09-16 01:23:36,56,100,7802,8151
2026-09-16 01:23:46,56,100,7802,8151
2026-09-16 01:23:57,56,99,7802,8151
2026-09-16 01:24:07,57,98,7802,8151
2026-09-16 01:24:17,55,99,7802,8151
2026-09-16 01:24:27,56,100,7802,8151
2026-09-16 01:24:37,56,99,7802,8151
2026-09-16 01:24:47,56,100,7802,8151
2026-09-16 01:24:58,54,0,7802,8151
2026-09-16 01:25:08,56,100,7802,8151
2026-09-16 01:25:18,56,100,7802,8151
2026-09-16 01:25:28,56,100,7802,8151
2026-09-16 01:25:38,56,100,7802,8151
2026-09-16 01:25:48,56,99,7802,8151
2026-09-16 01:25:59,57,100,7802,8151
2026-09-16 01:26:09,57,98,7802,8151
2026-09-16 01:26:19,55,100,7802,8151
2026-09-16 01:26:29,56,100,7802,8151
2026-09-16 01:26:39,57,97,7802,8151
2026-09-16 01:26:49,56,100,7802,8151
2026-09-16 01:27:00,56,100,7802,8151
2026-09-16 01:27:10,57,100,7802,8151
2026-09-16 01:27:20,55,100,7802,8151
2026-09-16 01:27:30,53,0,7802,8151
2026-09-16 01:27:40,56,99,7802,8151
2026-09-16 01:27:50,55,100,7802,8151
2026-09-16 01:28:01,55,100,7802,8151
2026-09-16 01:28:11,56,100,7802,8151
2026-09-16 01:28:21,56,100,7802,8151
2026-09-16 01:28:31,56,100,7802,8151
2026-09-16 01:28:41,56,100,7802,8151
2026-09-16 01:28:52,56,100,7802,8151
2026-09-16 01:29:02,56,100,7802,8151
2026-09-16 01:29:12,56,100,7802,8151
2026-09-16 01:29:22,56,98,7802,8151
2026-09-16 01:29:32,60,100,7802,8151
2026-09-16 01:29:42,56,100,7802,8151
2026-09-16 01:29:53,56,100,7802,8151
2026-09-16 01:30:03,56,100,7802,8151
2026-09-16 01:30:13,56,100,7802,8151
2026-09-16 01:30:23,56,100,7802,8151
2026-09-16 01:30:33,56,100,7802,8151
2026-09-16 01:30:43,56,100,7802,8151
2026-09-16 01:30:54,56,100,7802,8151
2026-09-16 01:31:04,56,100,7802,8151
2026-09-16 01:31:14,55,99,7802,8151
2026-09-16 01:31:24,55,100,7802,8151
2026-09-16 01:31:34,56,100,7802,8151
2026-09-16 01:31:44,56,100,7802,8151
2026-09-16 01:31:55,56,100,7802,8151
2026-09-16 01:32:05,56,100,7802,8151
2026-09-16 01:32:15,56,100,7802,8151
2026-09-16 01:32:25,56,100,7802,8151
2026-09-16 01:32:35,56,99,7802,8151
2026-09-16 01:32:45,55,100,7802,8151
2026-09-16 01:32:56,54,0,7802,8151
2026-09-16 01:33:06,56,100,7802,8151
2026-09-16 01:33:16,57,99,7802,8151
2026-09-16 01:33:26,56,100,7802,8151
2026-09-16 01:33:36,55,100,7802,8151
2026-09-16 01:33:47,55,100,7802,8151
2026-09-16 01:33:57,56,100,7802,8151
2026-09-16 01:34:07,55,100,7802,8151
2026-09-16 01:34:17,55,99,7802,8151
2026-09-16 01:34:27,56,100,7802,8151
2026-09-16 01:34:37,55,100,7802,8151
2026-09-16 01:34:48,55,100,7802,8151
2026-09-16 01:34:58,56,100,7802,8151
2026-09-16 01:35:08,56,100,7802,8151
2026-09-16 01:35:18,57,98,7802,8151
2026-09-16 01:35:28,56,100,7802,8151
2026-09-16 01:35:38,56,100,7802,8151
2026-09-16 01:35:49,56,99,7802,8151
2026-09-16 01:35:59,53,0,7802,8151
2026-09-16 01:36:09,56,100,7802,8151
2026-09-16 01:36:19,56,100,7802,8151
2026-09-16 01:36:29,55,100,7802,8151
2026-09-16 01:36:40,65,99,7802,8151
2026-09-16 01:36:50,55,99,7802,8151
2026-09-16 01:37:00,56,100,7802,8151
2026-09-16 01:37:10,55,100,7802,8151
2026-09-16 01:37:20,56,100,7802,8151
2026-09-16 01:37:30,55,100,7802,8151
2026-09-16 01:37:41,63,96,7802,8151
2026-09-16 01:37:51,56,100,7802,8151
2026-09-16 01:38:01,56,99,7802,8151
2026-09-16 01:38:11,56,99,7802,8151
2026-09-16 01:38:21,55,100,7802,8151
2026-09-16 01:38:32,58,99,7802,8151
2026-09-16 01:38:42,56,100,7802,8151
2026-09-16 01:38:52,53,0,7802,8151
2026-09-16 01:39:02,55,100,7802,8151
2026-09-16 01:39:12,56,100,7802,8151
2026-09-16 01:39:23,63,100,7802,8151
2026-09-16 01:39:33,56,99,7802,8151
2026-09-16 01:39:43,55,100,7802,8151
2026-09-16 01:39:53,56,98,7802,8151
2026-09-16 01:40:03,56,100,7802,8151
2026-09-16 01:40:13,55,100,7802,8151
2026-09-16 01:40:24,55,99,7802,8151
2026-09-16 01:40:34,55,100,7802,8151
2026-09-16 01:40:44,55,100,7802,8151
2026-09-16 01:40:54,55,99,7802,8151
2026-09-16 01:41:04,55,100,7802,8151
2026-09-16 01:41:14,56,100,7802,8151
2026-09-16 01:41:25,55,100,7802,8151
2026-09-16 01:41:35,56,100,7802,8151
2026-09-16 01:41:45,55,100,7802,8151
2026-09-16 01:41:55,53,0,7802,8151
2026-09-16 01:42:05,55,100,7802,8151
2026-09-16 01:42:15,55,100,7802,8151
2026-09-16 01:42:26,55,100,7802,8151
2026-09-16 01:42:36,57,99,7802,8151
2026-09-16 01:42:46,55,100,7802,8151
2026-09-16 01:42:56,55,100,7802,8151
2026-09-16 01:43:06,55,100,7802,8151
2026-09-16 01:43:16,61,98,7802,8151
2026-09-16 01:43:27,55,100,7802,8151
2026-09-16 01:43:37,55,100,7802,8151
2026-09-16 01:43:47,55,100,7802,8151
2026-09-16 01:43:57,59,98,7802,8151
2026-09-16 01:44:07,55,100,7802,8151
2026-09-16 01:44:17,55,99,7802,8151
2026-09-16 01:44:28,55,99,7802,8151
2026-09-16 01:44:38,53,0,7802,8151
2026-09-16 01:44:48,56,100,7802,8151
2026-09-16 01:44:58,55,99,7802,8151
2026-09-16 01:45:08,55,100,7802,8151
2026-09-16 01:45:19,55,100,7802,8151
2026-09-16 01:45:29,55,100,7802,8151
2026-09-16 01:45:39,55,100,7802,8151
2026-09-16 01:45:49,61,98,7802,8151
2026-09-16 01:45:59,55,100,7802,8151
2026-09-16 01:46:10,55,100,7802,8151
2026-09-16 01:46:20,56,99,7802,8151
2026-09-16 01:46:30,55,100,7802,8151
2026-09-16 01:46:40,55,100,7802,8151
2026-09-16 01:46:50,55,100,7802,8151
2026-09-16 01:47:00,57,99,7802,8151
2026-09-16 01:47:11,55,100,7802,8151
2026-09-16 01:47:21,55,100,7802,8151
2026-09-16 01:47:31,55,100,7802,8151
2026-09-16 01:47:41,55,100,7802,8151
2026-09-16 01:47:51,55,100,7802,8151
2026-09-16 01:48:01,55,100,7802,8151
2026-09-16 01:48:12,57,100,7802,8151
2026-09-16 01:48:22,55,99,7802,8151
2026-09-16 01:48:32,55,100,7802,8151
2026-09-16 01:48:42,56,100,7802,8151
2026-09-16 01:48:52,56,100,7802,8151
2026-09-16 01:49:02,55,100,7802,8151
2026-09-16 01:49:13,55,100,7802,8151
2026-09-16 01:49:23,55,100,7802,8151
2026-09-16 01:49:33,56,99,7802,8151
2026-09-16 01:49:43,55,100,7802,8151
2026-09-16 01:49:53,56,100,7802,8151
2026-09-16 01:50:04,55,100,7802,8151
2026-09-16 01:50:14,55,100,7802,8151
2026-09-16 01:50:24,55,100,7802,8151
2026-09-16 01:50:34,58,100,7802,8151
2026-09-16 01:50:44,55,100,7802,8151
2026-09-16 01:50:54,55,99,7802,8151
2026-09-16 01:51:05,57,98,7802,8151
2026-09-16 01:51:15,61,99,7802,8151
2026-09-16 01:51:25,55,96,7802,8151
2026-09-16 01:51:35,55,100,7802,8151
2026-09-16 01:51:45,55,100,7802,8151
2026-09-16 01:51:55,55,100,7802,8151
2026-09-16 01:52:06,55,100,7802,8151
2026-09-16 01:52:16,56,99,7802,8151
2026-09-16 01:52:26,55,99,7802,8151
2026-09-16 01:52:36,56,99,7802,8151
2026-09-16 01:52:46,55,99,7802,8151
2026-09-16 01:52:56,55,0,7802,8151
2026-09-16 01:53:07,55,99,7802,8151
2026-09-16 01:53:17,56,100,7802,8151
2026-09-16 01:53:27,55,100,7802,8151
2026-09-16 01:53:37,56,99,7802,8151
2026-09-16 01:53:47,56,100,7802,8151
2026-09-16 01:53:57,55,100,7802,8151
2026-09-16 01:54:08,55,100,7802,8151
2026-09-16 01:54:18,55,99,7802,8151
2026-09-16 01:54:28,56,100,7802,8151
2026-09-16 01:54:38,55,100,7802,8151
2026-09-16 01:54:48,55,100,7802,8151
2026-09-16 01:54:58,53,0,7802,8151
2026-09-16 01:55:09,55,100,7802,8151
2026-09-16 01:55:19,56,98,7802,8151
2026-09-16 01:55:29,56,97,7802,8151
2026-09-16 01:55:39,55,100,7802,8151
2026-09-16 01:55:49,55,100,7802,8151
2026-09-16 01:56:00,55,100,7802,8151
2026-09-16 01:56:10,55,100,7802,8151
2026-09-16 01:56:20,59,98,7802,8151
2026-09-16 01:56:30,55,100,7802,8151
2026-09-16 01:56:40,55,100,7802,8151
2026-09-16 01:56:50,54,100,7802,8151
2026-09-16 01:57:01,55,99,7802,8151
2026-09-16 01:57:11,55,100,7802,8151
2026-09-16 01:57:21,54,100,7802,8151
2026-09-16 01:57:31,54,100,7802,8151
2026-09-16 01:57:41,53,0,7802,8151
2026-09-16 01:57:51,55,100,7802,8151
2026-09-16 01:58:02,57,99,7802,8151
2026-09-16 01:58:12,55,100,7802,8151
2026-09-16 01:58:22,54,100,7802,8151
2026-09-16 01:58:32,55,99,7802,8151
2026-09-16 01:58:42,54,100,7802,8151
2026-09-16 01:58:52,54,100,7802,8151
2026-09-16 01:59:03,54,100,7802,8151
2026-09-16 01:59:13,54,99,7802,8151
2026-09-16 01:59:23,56,99,7802,8151
2026-09-16 01:59:33,54,100,7802,8151
2026-09-16 01:59:43,55,100,7802,8151
2026-09-16 01:59:53,54,100,7802,8151
2026-09-16 02:00:04,54,100,7802,8151
2026-09-16 02:00:14,56,99,7802,8151
2026-09-16 02:00:24,55,99,7802,8151
2026-09-16 02:00:34,55,99,7802,8151
2026-09-16 02:00:44,55,99,7802,8151
2026-09-16 02:00:54,54,100,7802,8151
2026-09-16 02:01:05,57,97,7802,8151
2026-09-16 02:01:15,54,100,7802,8151
2026-09-16 02:01:25,55,100,7802,8151
2026-09-16 02:01:35,55,100,7802,8151
2026-09-16 02:01:45,54,100,7802,8151
2026-09-16 02:01:55,54,100,7802,8151
2026-09-16 02:02:05,55,99,7802,8151
2026-09-16 02:02:16,54,100,7802,8151
2026-09-16 02:02:26,54,100,7802,8151
2026-09-16 02:02:36,55,99,7802,8151
2026-09-16 02:02:46,54,100,7802,8151
2026-09-16 02:02:56,54,100,7802,8151
2026-09-16 02:03:07,54,100,7802,8151
2026-09-16 02:03:17,55,100,7802,8151
2026-09-16 02:03:27,54,100,7802,8151
2026-09-16 02:03:37,52,0,7802,8151
2026-09-16 02:03:47,59,100,7802,8151
2026-09-16 02:03:57,54,100,7802,8151
2026-09-16 02:04:08,55,100,7802,8151
2026-09-16 02:04:18,54,100,7802,8151
2026-09-16 02:04:28,54,100,7802,8151
2026-09-16 02:04:38,55,100,7802,8151
2026-09-16 02:04:48,55,100,7802,8151
2026-09-16 02:04:58,55,100,7802,8151
2026-09-16 02:05:09,54,99,7802,8151
2026-09-16 02:05:19,55,100,7802,8151
2026-09-16 02:05:29,54,100,7802,8151
2026-09-16 02:05:39,54,100,7802,8151
2026-09-16 02:05:49,54,100,7802,8151
2026-09-16 02:05:59,54,100,7802,8151
2026-09-16 02:06:10,55,100,7802,8151
2026-09-16 02:06:20,54,100,7802,8151
2026-09-16 02:06:30,54,100,7802,8151
2026-09-16 02:06:40,54,100,7802,8151
2026-09-16 02:06:50,54,100,7802,8151
2026-09-16 02:07:00,54,100,7802,8151
2026-09-16 02:07:11,60,100,7802,8151
2026-09-16 02:07:21,55,99,7802,8151
2026-09-16 02:07:31,54,100,7802,8151
2026-09-16 02:07:41,54,100,7802,8151
2026-09-16 02:07:51,54,100,7802,8151
2026-09-16 02:08:01,54,100,7802,8151
2026-09-16 02:08:12,55,99,7802,8151
2026-09-16 02:08:22,54,99,7802,8151
2026-09-16 02:08:32,54,100,7802,8151
2026-09-16 02:08:42,54,100,7802,8151
2026-09-16 02:08:52,54,100,7802,8151
2026-09-16 02:09:03,54,100,7802,8151
2026-09-16 02:09:13,55,99,7802,8151
2026-09-16 02:09:23,54,100,7802,8151
2026-09-16 02:09:33,54,100,7802,8151
2026-09-16 02:09:43,59,99,7802,8151
2026-09-16 02:09:53,55,100,7802,8151
2026-09-16 02:10:04,54,100,7802,8151
2026-09-16 02:10:14,54,100,7802,8151
2026-09-16 02:10:24,54,100,7802,8151
2026-09-16 02:10:34,54,99,7802,8151
2026-09-16 02:10:44,58,96,7802,8151
2026-09-16 02:10:54,54,100,7802,8151
2026-09-16 02:11:04,54,99,7802,8151
2026-09-16 02:11:15,55,99,7802,8151
2026-09-16 02:11:25,54,100,7802,8151
2026-09-16 02:11:35,54,100,7802,8151
2026-09-16 02:11:45,54,97,7802,8151
2026-09-16 02:11:55,54,100,7802,8151
2026-09-16 02:12:05,55,98,7802,8151
2026-09-16 02:12:16,55,20,7802,8151
2026-09-16 02:12:26,54,100,7802,8151
2026-09-16 02:12:36,54,99,7802,8151
2026-09-16 02:12:46,52,0,7802,8151
2026-09-16 02:12:57,54,99,7802,8151
2026-09-16 02:13:07,54,100,7802,8151
2026-09-16 02:13:17,54,98,7802,8151
2026-09-16 02:13:27,53,100,7802,8151
2026-09-16 02:13:37,52,0,7802,8151
2026-09-16 02:13:48,55,100,7802,8151
2026-09-16 02:13:58,54,100,7802,8151
2026-09-16 02:14:08,56,90,7802,8151
2026-09-16 02:14:18,54,100,7802,8151
2026-09-16 02:14:28,57,100,7802,8151
2026-09-16 02:14:39,55,99,7802,8151
2026-09-16 02:14:49,54,100,7802,8151
2026-09-16 02:14:59,54,100,7802,8151
2026-09-16 02:15:09,55,100,7802,8151
2026-09-16 02:15:19,55,100,7802,8151
2026-09-16 02:15:30,54,100,7802,8151
2026-09-16 02:15:40,55,100,7802,8151
2026-09-16 02:15:50,55,100,7802,8151
2026-09-16 02:16:00,55,100,7802,8151
2026-09-16 02:16:10,57,96,7802,8151
2026-09-16 02:16:20,55,100,7802,8151
2026-09-16 02:16:31,59,99,7802,8151
2026-09-16 02:16:41,55,100,7802,8151
2026-09-16 02:16:51,56,100,7802,8151
2026-09-16 02:17:01,61,99,7802,8151
2026-09-16 02:17:11,55,99,7802,8151
2026-09-16 02:17:21,56,99,7802,8151
2026-09-16 02:17:32,56,100,7802,8151
2026-09-16 02:17:42,55,98,7802,8151
2026-09-16 02:17:52,55,100,7802,8151
2026-09-16 02:18:02,55,100,7802,8151
2026-09-16 02:18:12,56,100,7802,8151
2026-09-16 02:18:22,55,99,7802,8151
2026-09-16 02:18:33,55,99,7802,8151
2026-09-16 02:18:43,55,100,7802,8151
2026-09-16 02:18:53,56,100,7802,8151
2026-09-16 02:19:03,55,100,7802,8151
2026-09-16 02:19:13,55,100,7802,8151
2026-09-16 02:19:23,55,100,7802,8151
2026-09-16 02:19:33,55,100,7802,8151
2026-09-16 02:19:44,55,100,7802,8151
2026-09-16 02:19:54,55,100,7802,8151
2026-09-16 02:20:04,56,99,7802,8151
2026-09-16 02:20:14,56,100,7802,8151
2026-09-16 02:20:24,55,100,7802,8151
2026-09-16 02:20:34,55,100,7802,8151
2026-09-16 02:20:45,55,100,7802,8151
2026-09-16 02:20:55,62,96,7802,8151
2026-09-16 02:21:05,53,0,7802,8151
2026-09-16 02:21:15,55,100,7802,8151
2026-09-16 02:21:25,58,99,7802,8151
2026-09-16 02:21:36,56,99,7802,8151
2026-09-16 02:21:46,55,100,7802,8151
2026-09-16 02:21:56,55,100,7802,8151
2026-09-16 02:22:06,53,0,7802,8151
2026-09-16 02:22:16,56,99,7802,8151
2026-09-16 02:22:26,55,100,7802,8151
2026-09-16 02:22:37,57,99,7802,8151
2026-09-16 02:22:47,55,100,7802,8151
2026-09-16 02:22:57,56,100,7802,8151
2026-09-16 02:23:07,55,100,7802,8151
2026-09-16 02:23:17,56,99,7802,8151
2026-09-16 02:23:27,55,100,7802,8151
2026-09-16 02:23:38,55,99,7802,8151
2026-09-16 02:23:48,55,100,7802,8151
2026-09-16 02:23:58,62,99,7802,8151
2026-09-16 02:24:08,55,100,7802,8151
2026-09-16 02:24:18,55,99,7802,8151
2026-09-16 02:24:28,56,100,7802,8151
2026-09-16 02:24:39,57,44,7802,8151
2026-09-16 02:24:49,56,100,7802,8151
2026-09-16 02:24:59,55,100,7802,8151
2026-09-16 02:25:09,55,46,7802,8151
2026-09-16 02:25:19,56,100,7802,8151
2026-09-16 02:25:30,55,100,7802,8151
2026-09-16 02:25:40,56,100,7802,8151
2026-09-16 02:25:50,55,100,7802,8151
2026-09-16 02:26:00,55,99,7802,8151
2026-09-16 02:26:10,55,100,7802,8151
2026-09-16 02:26:20,55,99,7802,8151
2026-09-16 02:26:31,55,100,7802,8151
2026-09-16 02:26:41,55,100,7802,8151
2026-09-16 02:26:51,55,100,7802,8151
2026-09-16 02:27:01,56,100,7802,8151
2026-09-16 02:27:11,58,41,7802,8151
2026-09-16 02:27:21,55,100,7802,8151
2026-09-16 02:27:32,55,100,7802,8151
2026-09-16 02:27:42,55,100,7802,8151
2026-09-16 02:27:52,55,100,7802,8151
2026-09-16 02:28:02,56,100,7802,8151
2026-09-16 02:28:12,55,100,7802,8151
2026-09-16 02:28:22,55,100,7802,8151
2026-09-16 02:28:33,55,100,7802,8151
2026-09-16 02:28:43,55,96,7802,8151
2026-09-16 02:28:53,55,100,7802,8151
2026-09-16 02:29:03,55,100,7802,8151
2026-09-16 02:29:13,55,100,7802,8151
2026-09-16 02:29:24,55,99,7802,8151
2026-09-16 02:29:34,54,100,7802,8151
2026-09-16 02:29:44,55,100,7802,8151
2026-09-16 02:29:54,55,100,7802,8151
2026-09-16 02:30:04,55,100,7802,8151
2026-09-16 02:30:14,61,95,7802,8151
2026-09-16 02:30:25,55,100,7802,8151
2026-09-16 02:30:35,55,98,7802,8151
2026-09-16 02:30:45,55,100,7802,8151
2026-09-16 02:30:55,55,100,7802,8151
2026-09-16 02:31:05,55,99,7802,8151
2026-09-16 02:31:15,55,100,7802,8151
2026-09-16 02:31:26,55,99,7802,8151
2026-09-16 02:31:36,55,100,7802,8151
2026-09-16 02:31:46,55,100,7802,8151
2026-09-16 02:31:56,55,100,7802,8151
2026-09-16 02:32:06,55,100,7802,8151
2026-09-16 02:32:16,55,100,7802,8151
2026-09-16 02:32:27,55,100,7802,8151
2026-09-16 02:32:37,55,100,7802,8151
2026-09-16 02:32:47,56,99,7802,8151
2026-09-16 02:32:57,55,100,7802,8151
2026-09-16 02:33:07,55,100,7802,8151
2026-09-16 02:33:17,57,98,7802,8151
2026-09-16 02:33:28,52,0,7802,8151
2026-09-16 02:33:38,55,100,7802,8151
2026-09-16 02:33:48,59,99,7802,8151
2026-09-16 02:33:58,56,100,7802,8151
2026-09-16 02:34:08,57,99,7802,8151
2026-09-16 02:34:19,55,100,7802,8151
2026-09-16 02:34:29,55,100,7802,8151
2026-09-16 02:34:39,55,100,7802,8151
2026-09-16 02:34:49,55,100,7802,8151
2026-09-16 02:34:59,56,99,7802,8151
2026-09-16 02:35:09,55,100,7802,8151
2026-09-16 02:35:19,55,100,7802,8151
2026-09-16 02:35:30,52,0,7802,8151
2026-09-16 02:35:40,55,99,7802,8151
2026-09-16 02:35:50,55,100,7802,8151
2026-09-16 02:36:00,52,0,7802,8151
2026-09-16 02:36:10,55,100,7802,8151
2026-09-16 02:36:20,55,99,7802,8151
2026-09-16 02:36:31,55,100,7802,8151
2026-09-16 02:36:41,55,100,7802,8151
2026-09-16 02:36:51,55,100,7802,8151
2026-09-16 02:37:01,55,100,7802,8151
2026-09-16 02:37:11,56,100,7802,8151
2026-09-16 02:37:21,55,99,7802,8151
2026-09-16 02:37:31,54,100,7802,8151
2026-09-16 02:37:42,55,98,7802,8151
2026-09-16 02:37:52,54,100,7802,8151
2026-09-16 02:38:02,55,98,7802,8151
2026-09-16 02:38:12,58,84,7802,8151
2026-09-16 02:38:23,54,100,7802,8151
2026-09-16 02:38:33,55,98,7802,8151
2026-09-16 02:38:43,54,99,7802,8151
2026-09-16 02:38:53,55,100,7802,8151
2026-09-16 02:39:04,54,100,7802,8151
2026-09-16 02:39:14,54,99,7802,8151
2026-09-16 02:39:24,55,98,7802,8151
2026-09-16 02:39:34,54,100,7802,8151
2026-09-16 02:39:45,55,89,7802,8151
2026-09-16 02:39:55,54,100,7802,8151
2026-09-16 02:40:05,55,100,7802,8151
2026-09-16 02:40:15,54,100,7802,8151
2026-09-16 02:40:25,55,100,7802,8151
2026-09-16 02:40:36,54,100,7802,8151
2026-09-16 02:40:46,55,100,7802,8151
2026-09-16 02:40:56,55,100,7802,8151
2026-09-16 02:41:07,54,100,7802,8151
2026-09-16 02:41:17,55,98,7802,8151
2026-09-16 02:41:27,54,99,7802,8151
2026-09-16 02:41:37,52,0,7802,8151
2026-09-16 02:41:47,55,100,7802,8151
2026-09-16 02:41:58,54,100,7802,8151
2026-09-16 02:42:08,56,100,7802,8151
2026-09-16 02:42:18,54,100,7802,8151
2026-09-16 02:42:28,55,99,7802,8151
2026-09-16 02:42:39,55,100,7802,8151
2026-09-16 02:42:49,55,98,7802,8151
2026-09-16 02:42:59,54,99,7802,8151
2026-09-16 02:43:09,55,100,7802,8151
2026-09-16 02:43:19,54,100,7802,8151
2026-09-16 02:43:30,54,100,7802,8151
2026-09-16 02:43:40,54,100,7802,8151
2026-09-16 02:43:50,54,100,7802,8151
2026-09-16 02:44:00,59,95,7802,8151
2026-09-16 02:44:11,54,100,7802,8151
2026-09-16 02:44:21,55,100,7802,8151
2026-09-16 02:44:31,54,100,7802,8151
2026-09-16 02:44:41,55,99,7802,8151
2026-09-16 02:44:51,54,100,7802,8151
2026-09-16 02:45:02,54,99,7802,8151
2026-09-16 02:45:12,55,100,7802,8151
2026-09-16 02:45:22,55,100,7802,8151
2026-09-16 02:45:32,54,100,7802,8151
2026-09-16 02:45:43,62,100,7802,8151
2026-09-16 02:45:53,52,0,7802,8151
2026-09-16 02:46:03,55,100,7802,8151
2026-09-16 02:46:13,59,100,7802,8151
2026-09-16 02:46:24,54,100,7802,8151
2026-09-16 02:46:34,53,84,7802,8151
2026-09-16 02:46:44,54,98,7802,8151
2026-09-16 02:46:54,55,100,7802,8151
2026-09-16 02:47:04,54,100,7802,8151
2026-09-16 02:47:15,55,99,7802,8151
2026-09-16 02:47:25,55,96,7802,8151
2026-09-16 02:47:35,54,100,7802,8151
2026-09-16 02:47:45,56,88,7802,8151
2026-09-16 02:47:56,55,97,7802,8151
2026-09-16 02:48:06,54,5,7802,8151
2026-09-16 02:48:16,54,100,7802,8151
2026-09-16 02:48:26,54,100,7802,8151
2026-09-16 02:48:37,55,97,7802,8151
2026-09-16 02:48:47,54,100,7802,8151
2026-09-16 02:48:57,55,96,7802,8151
2026-09-16 02:49:07,54,100,7802,8151
2026-09-16 02:49:17,54,98,7802,8151
2026-09-16 02:49:28,54,100,7802,8151
2026-09-16 02:49:38,54,100,7802,8151
2026-09-16 02:49:48,51,0,7802,8151
2026-09-16 02:49:58,54,98,7802,8151
2026-09-16 02:50:09,54,100,7802,8151
2026-09-16 02:50:19,56,100,7802,8151
2026-09-16 02:50:29,57,100,7802,8151
2026-09-16 02:50:39,54,100,7802,8151
2026-09-16 02:50:50,51,0,7802,8151
2026-09-16 02:51:00,52,0,7802,8151
2026-09-16 02:51:10,54,100,7802,8151
2026-09-16 02:51:20,52,0,7802,8151
2026-09-16 02:51:31,55,100,7802,8151
2026-09-16 02:51:41,54,99,7802,8151
2026-09-16 02:51:51,54,99,7802,8151
2026-09-16 02:52:01,54,99,7802,8151
2026-09-16 02:52:12,57,93,7802,8151
2026-09-16 02:52:22,55,96,7802,8151
2026-09-16 02:52:32,55,100,7802,8151
2026-09-16 02:52:42,54,100,7802,8151
2026-09-16 02:52:52,54,100,7802,8151
2026-09-16 02:53:03,54,98,7802,8151
2026-09-16 02:53:13,54,100,7802,8151
2026-09-16 02:53:23,54,98,7802,8151
2026-09-16 02:53:33,54,98,7802,8151
2026-09-16 02:53:44,54,98,7802,8151
2026-09-16 02:53:54,54,94,7802,8151
2026-09-16 02:54:04,54,100,7802,8151
2026-09-16 02:54:14,52,0,7802,8151
2026-09-16 02:54:24,54,100,7802,8151
2026-09-16 02:54:35,54,98,7802,8151
2026-09-16 02:54:45,55,98,7802,8151
2026-09-16 02:54:55,54,100,7802,8151
2026-09-16 02:55:05,55,88,7802,8151
2026-09-16 02:55:16,54,97,7802,8151
2026-09-16 02:55:26,54,92,7802,8151
2026-09-16 02:55:36,54,99,7802,8151
2026-09-16 02:55:46,54,94,7802,8151
2026-09-16 02:55:56,54,100,7802,8151
2026-09-16 02:56:07,54,98,7802,8151
2026-09-16 02:56:17,54,98,7802,8151
2026-09-16 02:56:27,54,100,7802,8151
2026-09-16 02:56:37,55,97,7802,8151
2026-09-16 02:56:48,54,100,7802,8151
2026-09-16 02:56:58,55,100,7802,8151
2026-09-16 02:57:08,54,99,7802,8151
2026-09-16 02:57:18,54,99,7802,8151
2026-09-16 02:57:29,54,100,7802,8151
2026-09-16 02:57:39,54,99,7802,8151
2026-09-16 02:57:49,57,85,7802,8151
2026-09-16 02:57:59,54,98,7802,8151
2026-09-16 02:58:10,54,96,7802,8151
2026-09-16 02:58:20,55,99,7802,8151
2026-09-16 02:58:30,51,0,7802,8151
2026-09-16 02:58:40,54,98,7802,8151
2026-09-16 02:58:51,54,100,7802,8151
2026-09-16 02:59:01,56,100,7802,8151
2026-09-16 02:59:11,51,0,7802,8151
2026-09-16 02:59:21,54,100,7802,8151
2026-09-16 02:59:31,54,100,7802,8151
2026-09-16 02:59:42,54,98,7802,8151
2026-09-16 02:59:52,54,92,7802,8151
2026-09-16 03:00:02,54,100,7802,8151
2026-09-16 03:00:12,54,100,7802,8151
2026-09-16 03:00:23,55,100,7802,8151
2026-09-16 03:00:33,54,98,7802,8151
2026-09-16 03:00:43,52,0,7802,8151
2026-09-16 03:00:53,54,100,7802,8151
2026-09-16 03:01:04,54,100,7802,8151
2026-09-16 03:01:14,55,97,7802,8151
2026-09-16 03:01:24,54,100,7802,8151
2026-09-16 03:01:34,55,96,7802,8151
2026-09-16 03:01:44,54,100,7802,8151
2026-09-16 03:01:55,54,98,7802,8151
2026-09-16 03:02:05,53,100,7802,8151
2026-09-16 03:02:15,54,100,7802,8151
2026-09-16 03:02:25,51,0,7802,8151
2026-09-16 03:02:36,54,100,7802,8151
2026-09-16 03:02:46,54,100,7802,8151
2026-09-16 03:02:56,54,100,7802,8151
2026-09-16 03:03:06,54,100,7802,8151
2026-09-16 03:03:16,54,100,7802,8151
2026-09-16 03:03:27,54,99,7802,8151
2026-09-16 03:03:37,51,0,7802,8151
2026-09-16 03:03:47,55,99,7802,8151
2026-09-16 03:03:57,53,100,7802,8151
2026-09-16 03:04:08,54,96,7802,8151
2026-09-16 03:04:18,54,100,7802,8151
2026-09-16 03:04:28,54,100,7802,8151
2026-09-16 03:04:38,54,97,7802,8151
2026-09-16 03:04:48,54,100,7802,8151
2026-09-16 03:04:59,54,97,7802,8151
2026-09-16 03:05:09,54,100,7802,8151
2026-09-16 03:05:19,54,99,7802,8151
2026-09-16 03:05:29,54,100,7802,8151
2026-09-16 03:05:40,54,99,7802,8151
2026-09-16 03:05:50,54,96,7802,8151
2026-09-16 03:06:00,54,100,7802,8151
2026-09-16 03:06:10,54,98,7802,8151
2026-09-16 03:06:21,53,100,7802,8151
2026-09-16 03:06:31,54,98,7802,8151
2026-09-16 03:06:41,54,99,7802,8151
2026-09-16 03:06:51,62,85,7802,8151
2026-09-16 03:07:02,54,100,7802,8151
2026-09-16 03:07:12,55,100,7802,8151
2026-09-16 03:07:22,54,88,7802,8151
2026-09-16 03:07:32,54,100,7802,8151
2026-09-16 03:07:42,54,100,7802,8151
2026-09-16 03:07:53,54,100,7802,8151
2026-09-16 03:08:03,54,97,7802,8151
2026-09-16 03:08:13,53,100,7802,8151
2026-09-16 03:08:23,54,98,7802,8151
2026-09-16 03:08:34,54,100,7802,8151
2026-09-16 03:08:44,54,100,7802,8151
2026-09-16 03:08:54,54,100,7802,8151
2026-09-16 03:09:04,54,100,7802,8151
2026-09-16 03:09:15,54,100,7802,8151
2026-09-16 03:09:25,54,100,7802,8151
2026-09-16 03:09:35,55,90,7802,8151
2026-09-16 03:09:45,53,100,7802,8151
2026-09-16 03:09:55,54,99,7802,8151
2026-09-16 03:10:06,54,100,7802,8151
2026-09-16 03:10:16,54,98,7802,8151
2026-09-16 03:10:26,54,92,7802,8151
2026-09-16 03:10:36,54,100,7802,8151
2026-09-16 03:10:47,54,100,7802,8151
2026-09-16 03:10:57,54,100,7802,8151
2026-09-16 03:11:07,55,92,7802,8151
2026-09-16 03:11:17,54,100,7802,8151
2026-09-16 03:11:28,51,0,7802,8151
2026-09-16 03:11:38,55,97,7802,8151
2026-09-16 03:11:48,54,63,7802,8151
2026-09-16 03:11:58,54,100,7802,8151
2026-09-16 03:12:08,54,100,7802,8151
2026-09-16 03:12:19,55,97,7802,8151
2026-09-16 03:12:29,54,100,7802,8151
2026-09-16 03:12:39,54,96,7802,8151
2026-09-16 03:12:49,54,100,7802,8151
2026-09-16 03:13:00,55,97,7802,8151
2026-09-16 03:13:10,59,97,7802,8151
2026-09-16 03:13:20,51,0,7802,8151
2026-09-16 03:13:30,54,100,7802,8151
2026-09-16 03:13:40,54,100,7802,8151
2026-09-16 03:13:51,55,88,7802,8151
2026-09-16 03:14:01,54,99,7802,8151
2026-09-16 03:14:11,53,24,7802,8151
2026-09-16 03:14:21,54,100,7802,8151
2026-09-16 03:14:32,54,100,7802,8151
2026-09-16 03:14:42,53,100,7802,8151
2026-09-16 03:14:52,53,99,7802,8151
2026-09-16 03:15:02,53,100,7802,8151
2026-09-16 03:15:12,54,97,7802,8151
2026-09-16 03:15:23,53,100,7802,8151
2026-09-16 03:15:33,54,100,7802,8151
2026-09-16 03:15:43,54,98,7802,8151
2026-09-16 03:15:53,54,100,7802,8151
2026-09-16 03:16:04,56,94,7802,8151
2026-09-16 03:16:14,51,0,7802,8151
2026-09-16 03:16:24,56,100,7802,8151
2026-09-16 03:16:34,54,100,7802,8151
2026-09-16 03:16:45,54,100,7802,8151
2026-09-16 03:16:55,54,99,7802,8151
2026-09-16 03:17:05,53,100,7802,8151
2026-09-16 03:17:15,54,97,7802,8151
2026-09-16 03:17:25,61,96,7802,8151
2026-09-16 03:17:36,54,100,7802,8151
2026-09-16 03:17:46,54,98,7802,8151
2026-09-16 03:17:56,54,100,7802,8151
2026-09-16 03:18:06,53,100,7802,8151
2026-09-16 03:18:16,54,100,7802,8151
2026-09-16 03:18:27,53,100,7802,8151
2026-09-16 03:18:37,54,99,7802,8151
2026-09-16 03:18:47,54,99,7802,8151
2026-09-16 03:18:57,53,100,7802,8151
2026-09-16 03:19:08,53,100,7802,8151
2026-09-16 03:19:18,53,99,7802,8151
2026-09-16 03:19:28,54,95,7802,8151
2026-09-16 03:19:38,53,100,7802,8151
2026-09-16 03:19:48,53,100,7802,8151
2026-09-16 03:19:59,55,97,7802,8151
2026-09-16 03:20:09,55,94,7802,8151
2026-09-16 03:20:19,54,97,7802,8151
2026-09-16 03:20:29,53,100,7802,8151
2026-09-16 03:20:40,54,100,7802,8151
2026-09-16 03:20:50,54,97,7802,8151
2026-09-16 03:21:00,54,99,7802,8151
2026-09-16 03:21:10,54,98,7802,8151
2026-09-16 03:21:21,53,100,7802,8151
2026-09-16 03:21:31,51,0,7802,8151
2026-09-16 03:21:41,54,100,7802,8151
2026-09-16 03:21:51,54,98,7802,8151
2026-09-16 03:22:01,53,100,7802,8151
2026-09-16 03:22:12,53,100,7802,8151
2026-09-16 03:22:22,51,0,7802,8151
2026-09-16 03:22:32,59,98,7802,8151
2026-09-16 03:22:42,51,0,7802,8151
2026-09-16 03:22:53,54,100,7802,8151
2026-09-16 03:23:03,54,99,7802,8151
2026-09-16 03:23:13,54,98,7802,8151
2026-09-16 03:23:23,52,66,7802,8151
2026-09-16 03:23:33,53,100,7802,8151
2026-09-16 03:23:44,54,100,7802,8151
2026-09-16 03:23:54,53,100,7802,8151
2026-09-16 03:24:04,59,89,7802,8151
2026-09-16 03:24:14,53,100,7802,8151
2026-09-16 03:24:25,54,99,7802,8151
2026-09-16 03:24:35,54,100,7802,8151
2026-09-16 03:24:45,54,99,7802,8151
2026-09-16 03:24:55,53,100,7802,8151
2026-09-16 03:25:05,54,98,7802,8151
2026-09-16 03:25:16,54,100,7802,8151
2026-09-16 03:25:26,53,100,7802,8151
2026-09-16 03:25:36,54,88,7802,8151
2026-09-16 03:25:46,58,100,7802,8151
2026-09-16 03:25:57,53,100,7802,8151
2026-09-16 03:26:07,55,93,7802,8151
2026-09-16 03:26:17,55,78,7802,8151
2026-09-16 03:26:27,53,99,7802,8151
2026-09-16 03:26:38,54,100,7802,8151
2026-09-16 03:26:48,54,96,7802,8151
2026-09-16 03:26:58,54,96,7802,8151
2026-09-16 03:27:08,54,100,7802,8151
2026-09-16 03:27:18,54,97,7802,8151
2026-09-16 03:27:29,55,96,7802,8151
2026-09-16 03:27:39,55,97,7802,8151
2026-09-16 03:27:49,53,100,7802,8151
2026-09-16 03:27:59,53,93,7802,8151
2026-09-16 03:28:09,54,100,7802,8151
2026-09-16 03:28:20,53,100,7802,8151
2026-09-16 03:28:30,53,100,7802,8151
2026-09-16 03:28:40,54,92,7802,8151
2026-09-16 03:28:50,54,100,7802,8151
2026-09-16 03:29:01,54,100,7802,8151
2026-09-16 03:29:11,54,97,7802,8151
2026-09-16 03:29:21,53,100,7802,8151
2026-09-16 03:29:31,57,100,7802,8151
2026-09-16 03:29:41,54,100,7802,8151
2026-09-16 03:29:52,55,95,7802,8151
2026-09-16 03:30:02,51,0,7802,8151
2026-09-16 03:30:12,56,92,7802,8151
2026-09-16 03:30:22,53,100,7802,8151
2026-09-16 03:30:32,53,99,7802,8151
2026-09-16 03:30:43,54,100,7802,8151
2026-09-16 03:30:53,59,93,7802,8151
2026-09-16 03:31:03,56,87,7802,8151
2026-09-16 03:31:13,54,99,7802,8151
2026-09-16 03:31:24,53,99,7802,8151
2026-09-16 03:31:34,50,0,7802,8151
2026-09-16 03:31:44,53,100,7802,8151
2026-09-16 03:31:54,54,93,7802,8151
2026-09-16 03:32:05,55,92,7802,8151
2026-09-16 03:32:15,53,99,7802,8151
2026-09-16 03:32:25,54,100,7802,8151
2026-09-16 03:32:35,53,100,7802,8151
2026-09-16 03:32:45,51,0,7802,8151
2026-09-16 03:32:56,59,95,7802,8151
2026-09-16 03:33:06,53,100,7802,8151
2026-09-16 03:33:16,53,100,7802,8151
2026-09-16 03:33:26,53,100,7802,8151
2026-09-16 03:33:36,54,99,7802,8151
2026-09-16 03:33:47,54,100,7802,8151
2026-09-16 03:33:57,53,100,7802,8151
2026-09-16 03:34:07,54,100,7802,8151
2026-09-16 03:34:17,54,100,7802,8151
2026-09-16 03:34:28,53,100,7802,8151
2026-09-16 03:34:38,53,100,7802,8151
2026-09-16 03:34:48,53,100,7802,8151
2026-09-16 03:34:58,54,100,7802,8151
2026-09-16 03:35:08,53,100,7802,8151
2026-09-16 03:35:19,59,96,7802,8151
2026-09-16 03:35:29,53,100,7802,8151
2026-09-16 03:35:39,54,96,7802,8151
2026-09-16 03:35:49,54,89,7802,8151
2026-09-16 03:36:00,54,99,7802,8151
2026-09-16 03:36:10,54,96,7802,8151
2026-09-16 03:36:20,53,98,7802,8151
2026-09-16 03:36:30,53,100,7802,8151
2026-09-16 03:36:40,53,97,7802,8151
2026-09-16 03:36:51,55,99,7802,8151
2026-09-16 03:37:01,54,99,7802,8151
2026-09-16 03:37:11,54,100,7802,8151
2026-09-16 03:37:21,56,97,7802,8151
2026-09-16 03:37:32,54,100,7802,8151
2026-09-16 03:37:42,53,100,7802,8151
2026-09-16 03:37:52,59,97,7802,8151
2026-09-16 03:38:02,51,0,7802,8151
2026-09-16 03:38:12,54,96,7802,8151
2026-09-16 03:38:23,53,99,7802,8151
2026-09-16 03:38:33,54,97,7802,8151
2026-09-16 03:38:43,53,100,7802,8151
2026-09-16 03:38:53,54,100,7802,8151
2026-09-16 03:39:03,53,100,7802,8151
2026-09-16 03:39:14,51,0,7802,8151
2026-09-16 03:39:24,54,100,7802,8151
2026-09-16 03:39:34,53,100,7802,8151
2026-09-16 03:39:44,54,100,7802,8151
2026-09-16 03:39:55,54,97,7802,8151
2026-09-16 03:40:05,54,100,7802,8151
2026-09-16 03:40:15,53,100,7802,8151
2026-09-16 03:40:25,53,100,7802,8151
2026-09-16 03:40:35,54,98,7802,8151
2026-09-16 03:40:46,53,100,7802,8151
2026-09-16 03:40:56,61,90,7802,8151
2026-09-16 03:41:06,53,100,7802,8151
2026-09-16 03:41:16,54,100,7802,8151
2026-09-16 03:41:27,56,98,7802,8151
2026-09-16 03:41:37,53,100,7802,8151
2026-09-16 03:41:47,54,97,7802,8151
2026-09-16 03:41:57,53,100,7802,8151
2026-09-16 03:42:07,53,100,7802,8151
2026-09-16 03:42:18,53,100,7802,8151
2026-09-16 03:42:28,53,100,7802,8151
2026-09-16 03:42:38,55,100,7802,8151
2026-09-16 03:42:48,53,100,7802,8151
2026-09-16 03:42:59,51,0,7802,8151
2026-09-16 03:43:09,54,100,7802,8151
2026-09-16 03:43:19,55,95,7802,8151
2026-09-16 03:43:29,53,100,7802,8151
2026-09-16 03:43:40,54,100,7802,8151
2026-09-16 03:43:50,54,99,7802,8151
2026-09-16 03:44:00,54,100,7802,8151
2026-09-16 03:44:10,54,100,7802,8151
2026-09-16 03:44:20,53,99,7802,8151
2026-09-16 03:44:31,53,99,7802,8151
2026-09-16 03:44:41,54,100,7802,8151
2026-09-16 03:44:51,53,95,7802,8151
2026-09-16 03:45:01,54,99,7802,8151
2026-09-16 03:45:11,53,100,7802,8151
2026-09-16 03:45:22,55,100,7802,8151
2026-09-16 03:45:32,54,100,7802,8151
2026-09-16 03:45:42,51,0,7802,8151
2026-09-16 03:45:52,54,98,7802,8151
2026-09-16 03:46:03,53,97,7802,8151
2026-09-16 03:46:13,54,99,7802,8151
2026-09-16 03:46:23,54,100,7802,8151
2026-09-16 03:46:33,53,99,7802,8151
2026-09-16 03:46:43,54,100,7802,8151
2026-09-16 03:46:54,54,100,7802,8151
2026-09-16 03:47:04,54,99,7802,8151
2026-09-16 03:47:14,51,0,7802,8151
2026-09-16 03:47:24,54,98,7802,8151
2026-09-16 03:47:35,54,99,7802,8151
2026-09-16 03:47:45,54,94,7802,8151
2026-09-16 03:47:55,53,95,7802,8151
2026-09-16 03:48:05,54,100,7802,8151
2026-09-16 03:48:16,53,97,7802,8151
2026-09-16 03:48:26,54,99,7802,8151
2026-09-16 03:48:36,54,100,7802,8151
2026-09-16 03:48:46,53,100,7802,8151
2026-09-16 03:48:57,53,100,7802,8151
2026-09-16 03:49:07,57,95,7802,8151
2026-09-16 03:49:17,54,96,7802,8151
2026-09-16 03:49:27,53,100,7802,8151
2026-09-16 03:49:37,53,80,7802,8151
2026-09-16 03:49:48,53,100,7802,8151
2026-09-16 03:49:58,53,100,7802,8151
2026-09-16 03:50:08,53,100,7802,8151
2026-09-16 03:50:18,53,100,7802,8151
2026-09-16 03:50:29,50,0,7802,8151
2026-09-16 03:50:39,54,100,7802,8151
2026-09-16 03:50:49,53,100,7802,8151
2026-09-16 03:50:59,51,0,7802,8151
2026-09-16 03:51:09,54,100,7802,8151
2026-09-16 03:51:20,54,94,7802,8151
2026-09-16 03:51:30,53,90,7802,8151
2026-09-16 03:51:40,53,100,7802,8151
2026-09-16 03:51:50,51,0,7802,8151
2026-09-16 03:52:01,53,100,7802,8151
2026-09-16 03:52:11,53,100,7802,8151
2026-09-16 03:52:21,53,98,7802,8151
2026-09-16 03:52:31,54,100,7802,8151
2026-09-16 03:52:41,53,100,7802,8151
2026-09-16 03:52:52,54,98,7802,8151
2026-09-16 03:53:02,53,100,7802,8151
2026-09-16 03:53:12,53,94,7802,8151
2026-09-16 03:53:22,53,100,7802,8151
2026-09-16 03:53:33,58,89,7802,8151
2026-09-16 03:53:43,53,100,7802,8151
2026-09-16 03:53:53,53,91,7802,8151
2026-09-16 03:54:03,55,100,7802,8151
2026-09-16 03:54:14,53,100,7802,8151
2026-09-16 03:54:24,54,89,7802,8151
2026-09-16 03:54:34,53,100,7802,8151
2026-09-16 03:54:44,53,98,7802,8151
2026-09-16 03:54:55,53,98,7802,8151
2026-09-16 03:55:05,53,100,7802,8151
2026-09-16 03:55:15,54,46,7802,8151
2026-09-16 03:55:25,53,100,7802,8151
2026-09-16 03:55:35,50,19,7802,8151
2026-09-16 03:55:46,53,100,7802,8151
2026-09-16 03:55:56,53,100,7802,8151
2026-09-16 03:56:06,53,100,7802,8151
2026-09-16 03:56:16,53,100,7802,8151
2026-09-16 03:56:27,53,98,7802,8151
2026-09-16 03:56:37,53,100,7802,8151
2026-09-16 03:56:47,53,99,7802,8151
2026-09-16 03:56:57,53,100,7802,8151
2026-09-16 03:57:07,54,99,7802,8151
2026-09-16 03:57:18,53,100,7802,8151
2026-09-16 03:57:28,53,100,7802,8151
2026-09-16 03:57:38,53,99,7802,8151
2026-09-16 03:57:48,53,100,7802,8151
2026-09-16 03:57:59,61,100,7802,8151
2026-09-16 03:58:09,53,99,7802,8151
2026-09-16 03:58:19,53,100,7802,8151
2026-09-16 03:58:29,54,100,7802,8151
2026-09-16 03:58:40,53,100,7802,8151
2026-09-16 03:58:50,54,99,7802,8151
2026-09-16 03:59:00,53,97,7802,8151
2026-09-16 03:59:10,53,100,7802,8151
2026-09-16 03:59:20,53,93,7802,8151
2026-09-16 03:59:31,53,98,7802,8151
2026-09-16 03:59:41,54,97,7802,8151
2026-09-16 03:59:51,53,13,7802,8151
2026-09-16 04:00:01,53,100,7802,8151
2026-09-16 04:00:12,53,99,7802,8151
2026-09-16 04:00:22,53,100,7802,8151
2026-09-16 04:00:32,53,95,7802,8151
2026-09-16 04:00:42,53,97,7802,8151
2026-09-16 04:00:52,53,100,7802,8151
2026-09-16 04:01:03,50,0,7802,8151
2026-09-16 04:01:13,53,100,7802,8151
2026-09-16 04:01:23,53,99,7802,8151
2026-09-16 04:01:33,53,99,7802,8151
2026-09-16 04:01:43,53,98,7802,8151
2026-09-16 04:01:54,53,98,7802,8151
2026-09-16 04:02:04,54,97,7802,8151
2026-09-16 04:02:14,54,85,7802,8151
2026-09-16 04:02:24,53,100,7802,8151
2026-09-16 04:02:35,53,98,7802,8151
2026-09-16 04:02:45,53,100,7802,8151
2026-09-16 04:02:55,53,100,7802,8151
2026-09-16 04:03:05,51,0,7802,8151
2026-09-16 04:03:15,53,100,7802,8151
2026-09-16 04:03:26,60,93,7802,8151
2026-09-16 04:03:36,52,0,7802,8151
2026-09-16 04:03:46,54,96,7802,8151
2026-09-16 04:03:56,53,100,7802,8151
2026-09-16 04:04:07,53,100,7802,8151
2026-09-16 04:04:17,53,100,7802,8151
2026-09-16 04:04:27,55,93,7802,8151
2026-09-16 04:04:37,53,100,7802,8151
2026-09-16 04:04:47,51,0,7802,8151
2026-09-16 04:04:58,53,97,7802,8151
2026-09-16 04:05:08,53,94,7802,8151
2026-09-16 04:05:18,54,96,7802,8151
2026-09-16 04:05:28,53,98,7802,8151
2026-09-16 04:05:39,54,95,7802,8151
2026-09-16 04:05:49,53,99,7802,8151
2026-09-16 04:05:59,53,99,7802,8151
2026-09-16 04:06:09,55,95,7802,8151
2026-09-16 04:06:19,53,99,7802,8151
2026-09-16 04:06:30,53,99,7802,8151
2026-09-16 04:06:40,58,75,7802,8151
2026-09-16 04:06:50,53,100,7802,8151
2026-09-16 04:07:00,53,98,7802,8151
2026-09-16 04:07:11,53,99,7802,8151
2026-09-16 04:07:21,53,100,7802,8151
2026-09-16 04:07:31,53,100,7802,8151
2026-09-16 04:07:41,53,99,7802,8151
2026-09-16 04:07:52,54,93,7802,8151
2026-09-16 04:08:02,53,100,7802,8151
2026-09-16 04:08:12,53,10,7802,8151
2026-09-16 04:08:22,53,100,7802,8151
2026-09-16 04:08:32,54,96,7802,8151
2026-09-16 04:08:43,53,100,7802,8151
2026-09-16 04:08:53,53,97,7802,8151
2026-09-16 04:09:03,53,99,7802,8151
2026-09-16 04:09:13,53,100,7802,8151
2026-09-16 04:09:24,53,99,7802,8151
2026-09-16 04:09:34,53,99,7802,8151
2026-09-16 04:09:44,53,97,7802,8151
2026-09-16 04:09:54,53,100,7802,8151
2026-09-16 04:10:05,52,100,7802,8151
2026-09-16 04:10:15,53,94,7802,8151
2026-09-16 04:10:25,53,100,7802,8151
2026-09-16 04:10:35,53,100,7802,8151
2026-09-16 04:10:45,53,99,7802,8151
2026-09-16 04:10:56,55,96,7802,8151
2026-09-16 04:11:06,53,100,7802,8151
2026-09-16 04:11:16,53,97,7802,8151
2026-09-16 04:11:26,54,99,7802,8151
2026-09-16 04:11:37,53,98,7802,8151
2026-09-16 04:11:47,53,100,7802,8151
2026-09-16 04:11:57,54,100,7802,8151
2026-09-16 04:12:07,53,100,7802,8151
2026-09-16 04:12:18,53,100,7802,8151
2026-09-16 04:12:28,53,100,7802,8151
2026-09-16 04:12:38,53,96,7802,8151
2026-09-16 04:12:48,54,97,7802,8151
2026-09-16 04:12:58,53,100,7802,8151
2026-09-16 04:13:09,53,98,7802,8151
2026-09-16 04:13:19,53,100,7802,8151
2026-09-16 04:13:29,54,95,7802,8151
2026-09-16 04:13:39,50,0,7802,8151
2026-09-16 04:13:50,53,96,7802,8151
2026-09-16 04:14:00,53,99,7802,8151
2026-09-16 04:14:10,59,93,7802,8151
2026-09-16 04:14:20,50,0,7802,8151
2026-09-16 04:14:30,53,100,7802,8151
2026-09-16 04:14:41,53,100,7802,8151
2026-09-16 04:14:51,53,97,7802,8151
2026-09-16 04:15:01,52,100,7802,8151
2026-09-16 04:15:11,53,100,7802,8151
2026-09-16 04:15:22,53,99,7802,8151
2026-09-16 04:15:32,53,100,7802,8151
2026-09-16 04:15:42,50,0,7802,8151
2026-09-16 04:15:52,53,100,7802,8151
2026-09-16 04:16:02,53,95,7802,8151
2026-09-16 04:16:13,54,97,7802,8151
2026-09-16 04:16:23,55,97,7802,8151
2026-09-16 04:16:33,52,100,7802,8151
2026-09-16 04:16:43,53,100,7802,8151
2026-09-16 04:16:53,53,100,7802,8151
2026-09-16 04:17:04,53,100,7802,8151
2026-09-16 04:17:14,53,100,7802,8151
2026-09-16 04:17:24,50,0,7802,8151
2026-09-16 04:17:34,53,98,7802,8151
2026-09-16 04:17:44,53,99,7802,8151
2026-09-16 04:17:55,53,100,7802,8151
2026-09-16 04:18:05,53,100,7802,8151
2026-09-16 04:18:15,53,99,7802,8151
2026-09-16 04:18:25,53,97,7802,8151
2026-09-16 04:18:36,53,100,7802,8151
2026-09-16 04:18:46,53,100,7802,8151
2026-09-16 04:18:56,53,99,7802,8151
2026-09-16 04:19:06,53,99,7802,8151
2026-09-16 04:19:16,53,100,7802,8151
2026-09-16 04:19:27,53,99,7802,8151
2026-09-16 04:19:37,53,98,7802,8151
2026-09-16 04:19:47,53,100,7802,8151
2026-09-16 04:19:57,53,98,7802,8151
2026-09-16 04:20:08,53,100,7802,8151
2026-09-16 04:20:18,53,100,7802,8151
2026-09-16 04:20:28,53,100,7802,8151
2026-09-16 04:20:38,53,100,7802,8151
2026-09-16 04:20:48,53,100,7802,8151
2026-09-16 04:20:59,53,100,7802,8151
2026-09-16 04:21:09,53,100,7802,8151
2026-09-16 04:21:19,53,99,7802,8151
2026-09-16 04:21:29,53,98,7802,8151
2026-09-16 04:21:40,53,100,7802,8151
2026-09-16 04:21:50,53,100,7802,8151
2026-09-16 04:22:00,53,100,7802,8151
2026-09-16 04:22:10,53,100,7802,8151
2026-09-16 04:22:21,53,99,7802,8151
2026-09-16 04:22:31,53,99,7802,8151
2026-09-16 04:22:41,50,0,7802,8151
2026-09-16 04:22:51,55,89,7802,8151
2026-09-16 04:23:02,53,100,7802,8151
2026-09-16 04:23:12,53,100,7802,8151
2026-09-16 04:23:22,53,97,7802,8151
2026-09-16 04:23:32,54,92,7802,8151
2026-09-16 04:23:42,53,100,7802,8151
2026-09-16 04:23:53,53,100,7802,8151
2026-09-16 04:24:03,53,100,7802,8151
2026-09-16 04:24:13,53,98,7802,8151
2026-09-16 04:24:23,53,100,7802,8151
2026-09-16 04:24:34,53,98,7802,8151
2026-09-16 04:24:44,53,99,7802,8151
2026-09-16 04:24:54,53,98,7802,8151
2026-09-16 04:25:04,54,94,7802,8151
2026-09-16 04:25:14,53,100,7802,8151
2026-09-16 04:25:25,53,98,7802,8151
2026-09-16 04:25:35,53,100,7802,8151
2026-09-16 04:25:45,53,100,7802,8151
2026-09-16 04:25:55,53,100,7802,8151
2026-09-16 04:26:06,53,100,7802,8151
2026-09-16 04:26:16,54,100,7802,8151
2026-09-16 04:26:26,53,100,7802,8151
2026-09-16 04:26:36,53,100,7802,8151
2026-09-16 04:26:46,55,91,7802,8151
2026-09-16 04:26:57,52,100,7802,8151
2026-09-16 04:27:07,53,94,7802,8151
2026-09-16 04:27:17,53,100,7802,8151
2026-09-16 04:27:27,53,95,7802,8151
2026-09-16 04:27:38,52,88,7802,8151
2026-09-16 04:27:48,53,100,7802,8151
2026-09-16 04:27:58,53,97,7802,8151
2026-09-16 04:28:08,53,98,7802,8151
2026-09-16 04:28:18,51,0,7802,8151
2026-09-16 04:28:29,54,99,7802,8151
2026-09-16 04:28:39,53,100,7802,8151
2026-09-16 04:28:49,53,38,7802,8151
2026-09-16 04:28:59,58,86,7802,8151
2026-09-16 04:29:09,50,0,7802,8151
2026-09-16 04:29:20,54,99,7802,8151
2026-09-16 04:29:30,53,99,7802,8151
2026-09-16 04:29:40,53,100,7802,8151
2026-09-16 04:29:50,53,99,7802,8151
2026-09-16 04:30:00,50,0,7802,8151
2026-09-16 04:30:11,53,100,7802,8151
2026-09-16 04:30:21,53,99,7802,8151
2026-09-16 04:30:31,53,100,7802,8151
2026-09-16 04:30:41,53,96,7802,8151
2026-09-16 04:30:52,57,96,7802,8151
2026-09-16 04:31:02,53,98,7802,8151
2026-09-16 04:31:12,53,100,7802,8151
2026-09-16 04:31:22,53,96,7802,8151
2026-09-16 04:31:33,54,97,7802,8151
2026-09-16 04:31:43,53,100,7802,8151
2026-09-16 04:31:53,54,96,7802,8151
2026-09-16 04:32:03,52,57,7802,8151
2026-09-16 04:32:13,53,100,7802,8151
2026-09-16 04:32:24,53,100,7802,8151
2026-09-16 04:32:34,54,100,7802,8151
2026-09-16 04:32:44,53,100,7802,8151
2026-09-16 04:32:54,53,99,7802,8151
2026-09-16 04:33:05,53,100,7802,8151
2026-09-16 04:33:15,53,100,7802,8151
2026-09-16 04:33:25,53,100,7802,8151
2026-09-16 04:33:35,53,99,7802,8151
2026-09-16 04:33:45,53,100,7802,8151
2026-09-16 04:33:56,53,100,7802,8151
2026-09-16 04:34:06,53,98,7802,8151
2026-09-16 04:34:16,53,98,7802,8151
2026-09-16 04:34:26,53,100,7802,8151
2026-09-16 04:34:37,53,99,7802,8151
2026-09-16 04:34:47,53,100,7802,8151
2026-09-16 04:34:57,53,95,7802,8151
2026-09-16 04:35:07,53,99,7802,8151
2026-09-16 04:35:18,50,0,7802,8151
2026-09-16 04:35:28,54,100,7802,8151
2026-09-16 04:35:38,53,94,7802,8151
2026-09-16 04:35:48,53,98,7802,8151
2026-09-16 04:35:59,53,100,7802,8151
2026-09-16 04:36:09,53,100,7802,8151
2026-09-16 04:36:19,53,100,7802,8151
2026-09-16 04:36:29,53,95,7802,8151
2026-09-16 04:36:39,53,100,7802,8151
2026-09-16 04:36:50,53,92,7802,8151
2026-09-16 04:37:00,53,100,7802,8151
2026-09-16 04:37:10,53,96,7802,8151
2026-09-16 04:37:20,53,99,7802,8151
2026-09-16 04:37:31,53,100,7802,8151
2026-09-16 04:37:41,53,100,7802,8151
2026-09-16 04:37:51,53,99,7802,8151
2026-09-16 04:38:01,53,98,7802,8151
2026-09-16 04:38:12,53,100,7802,8151
2026-09-16 04:38:22,53,99,7802,8151
2026-09-16 04:38:32,53,97,7802,8151
2026-09-16 04:38:42,53,95,7802,8151
2026-09-16 04:38:52,50,0,7802,8151
2026-09-16 04:39:03,53,99,7802,8151
2026-09-16 04:39:13,53,99,7802,8151
2026-09-16 04:39:23,53,100,7802,8151
2026-09-16 04:39:33,53,100,7802,8151
2026-09-16 04:39:44,53,97,7802,8151
2026-09-16 04:39:54,53,100,7802,8151
2026-09-16 04:40:04,53,100,7802,8151
2026-09-16 04:40:14,53,98,7802,8151
2026-09-16 04:40:24,52,100,7802,8151
2026-09-16 04:40:35,53,100,7802,8151
2026-09-16 04:40:45,52,100,7802,8151
2026-09-16 04:40:55,50,0,7802,8151
2026-09-16 04:41:05,53,94,7802,8151
2026-09-16 04:41:16,53,100,7802,8151
2026-09-16 04:41:26,51,0,7802,8151
2026-09-16 04:41:36,53,99,7802,8151
2026-09-16 04:41:46,52,100,7802,8151
2026-09-16 04:41:57,53,100,7802,8151
2026-09-16 04:42:07,53,100,7802,8151
2026-09-16 04:42:17,54,92,7802,8151
2026-09-16 04:42:27,53,100,7802,8151
2026-09-16 04:42:37,50,0,7802,8151
2026-09-16 04:42:48,53,98,7802,8151
2026-09-16 04:42:58,53,100,7802,8151
2026-09-16 04:43:08,52,100,7802,8151
2026-09-16 04:43:18,52,99,7802,8151
2026-09-16 04:43:29,52,100,7802,8151
2026-09-16 04:43:39,53,97,7802,8151
2026-09-16 04:43:49,53,100,7802,8151
2026-09-16 04:43:59,53,100,7802,8151
2026-09-16 04:44:10,52,100,7802,8151
2026-09-16 04:44:20,53,98,7802,8151
2026-09-16 04:44:30,53,96,7802,8151
2026-09-16 04:44:40,50,3,7802,8151
2026-09-16 04:44:51,53,100,7802,8151
2026-09-16 04:45:01,53,100,7802,8151
2026-09-16 04:45:11,53,100,7802,8151
2026-09-16 04:45:21,53,100,7802,8151
2026-09-16 04:45:31,53,100,7802,8151
2026-09-16 04:45:42,53,99,7802,8151
2026-09-16 04:45:52,53,100,7802,8151
2026-09-16 04:46:02,53,100,7802,8151
2026-09-16 04:46:12,53,100,7802,8151
2026-09-16 04:46:23,53,100,7802,8151
2026-09-16 04:46:33,52,100,7802,8151
2026-09-16 04:46:43,52,99,7802,8151
2026-09-16 04:46:53,53,100,7802,8151
2026-09-16 04:47:04,53,100,7802,8151
2026-09-16 04:47:14,53,95,7802,8151
2026-09-16 04:47:24,53,98,7802,8151
2026-09-16 04:47:34,52,96,7802,8151
2026-09-16 04:47:44,53,98,7802,8151
2026-09-16 04:47:55,50,0,7802,8151
2026-09-16 04:48:05,53,99,7802,8151
2026-09-16 04:48:15,53,100,7802,8151
2026-09-16 04:48:25,53,100,7802,8151
2026-09-16 04:48:36,53,99,7802,8151
2026-09-16 04:48:46,56,88,7802,8151
2026-09-16 04:48:56,53,98,7802,8151
2026-09-16 04:49:06,53,98,7802,8151
2026-09-16 04:49:16,53,100,7802,8151
2026-09-16 04:49:27,53,99,7802,8151
2026-09-16 04:49:37,53,99,7802,8151
2026-09-16 04:49:47,53,97,7802,8151
2026-09-16 04:49:57,53,100,7802,8151
2026-09-16 04:50:07,53,98,7802,8151
2026-09-16 04:50:18,53,99,7802,8151
2026-09-16 04:50:28,52,100,7802,8151
2026-09-16 04:50:38,52,81,7802,8151
2026-09-16 04:50:48,52,100,7802,8151
2026-09-16 04:50:59,53,98,7802,8151
2026-09-16 04:51:09,53,100,7802,8151
2026-09-16 04:51:19,52,99,7802,8151
2026-09-16 04:51:29,50,0,7802,8151
2026-09-16 04:51:40,52,96,7802,8151
2026-09-16 04:51:50,52,100,7802,8151
2026-09-16 04:52:00,54,90,7802,8151
2026-09-16 04:52:10,52,100,7802,8151
2026-09-16 04:52:21,52,83,7802,8151
2026-09-16 04:52:31,52,100,7802,8151
2026-09-16 04:52:41,53,97,7802,8151
2026-09-16 04:52:51,54,100,7802,8151
2026-09-16 04:53:01,54,100,7802,8151
2026-09-16 04:53:12,54,100,7802,8151
2026-09-16 04:53:22,54,100,7802,8151
2026-09-16 04:53:32,54,100,7802,8151
2026-09-16 04:53:42,54,100,7802,8151
2026-09-16 04:53:52,55,99,7802,8151
2026-09-16 04:54:02,55,100,7802,8151
2026-09-16 04:54:13,54,100,7802,8151
2026-09-16 04:54:23,56,97,7802,8151
2026-09-16 04:54:33,55,99,7802,8151
2026-09-16 04:54:43,54,100,7802,8151
2026-09-16 04:54:53,51,0,7802,8151
2026-09-16 04:55:04,53,100,7802,8151
2026-09-16 04:55:14,53,100,7802,8151
2026-09-16 04:55:24,53,100,7802,8151
2026-09-16 04:55:34,55,99,7802,8151
2026-09-16 04:55:44,54,100,7802,8151
2026-09-16 04:55:55,54,100,7802,8151
2026-09-16 04:56:05,54,100,7802,8151
2026-09-16 04:56:15,55,100,7802,8151
2026-09-16 04:56:25,55,99,7802,8151
2026-09-16 04:56:35,61,95,7802,8151
2026-09-16 04:56:46,61,97,7802,8151
2026-09-16 04:56:56,55,99,7802,8151
2026-09-16 04:57:06,55,100,7802,8151
2026-09-16 04:57:16,56,100,7802,8151
2026-09-16 04:57:26,55,100,7802,8151
2026-09-16 04:57:37,56,99,7802,8151
2026-09-16 04:57:47,55,100,7802,8151
2026-09-16 04:57:57,56,97,7802,8151
2026-09-16 04:58:07,57,98,7802,8151
2026-09-16 04:58:17,54,99,7802,8151
2026-09-16 04:58:28,56,100,7802,8151
2026-09-16 04:58:38,55,92,7802,8151
2026-09-16 04:58:48,53,99,7802,8151
2026-09-16 04:58:58,53,98,7802,8151
2026-09-16 04:59:08,53,100,7802,8151
2026-09-16 04:59:19,53,96,7802,8151
2026-09-16 04:59:29,53,98,7802,8151
2026-09-16 04:59:39,53,100,7802,8151
2026-09-16 04:59:49,54,99,7802,8151
2026-09-16 04:59:59,54,100,7802,8151
2026-09-16 05:00:10,54,100,7802,8151
2026-09-16 05:00:20,54,99,7802,8151
2026-09-16 05:00:30,56,98,7802,8151
2026-09-16 05:00:40,55,99,7802,8151
2026-09-16 05:00:50,53,86,7802,8151
2026-09-16 05:01:00,55,100,7802,8151
2026-09-16 05:01:11,55,100,7802,8151
2026-09-16 05:01:21,55,100,7802,8151
2026-09-16 05:01:31,54,100,7802,8151
2026-09-16 05:01:41,55,98,7802,8151
2026-09-16 05:01:51,54,100,7802,8151
2026-09-16 05:02:02,54,100,7802,8151
2026-09-16 05:02:12,54,100,7802,8151
2026-09-16 05:02:22,55,100,7802,8151
2026-09-16 05:02:32,55,98,7802,8151
2026-09-16 05:02:42,55,99,7802,8151
2026-09-16 05:02:53,57,96,7802,8151
2026-09-16 05:03:03,55,94,7802,8151
2026-09-16 05:03:13,55,99,7802,8151
2026-09-16 05:03:23,55,99,7802,8151
2026-09-16 05:03:33,55,100,7802,8151
2026-09-16 05:03:44,53,0,7802,8151
2026-09-16 05:03:54,55,100,7802,8151
2026-09-16 05:04:04,54,99,7802,8151
2026-09-16 05:04:14,54,100,7802,8151
2026-09-16 05:04:24,57,98,7802,8151
2026-09-16 05:04:35,54,100,7802,8151
2026-09-16 05:04:45,55,99,7802,8151
2026-09-16 05:04:55,54,100,7802,8151
2026-09-16 05:05:05,55,99,7802,8151
2026-09-16 05:05:15,55,99,7802,8151
2026-09-16 05:05:26,53,0,7802,8151
2026-09-16 05:05:36,55,100,7802,8151
2026-09-16 05:05:46,55,96,7802,8151
2026-09-16 05:05:56,53,99,7802,8151
2026-09-16 05:06:06,54,98,7802,8151
2026-09-16 05:06:17,53,99,7802,8151
2026-09-16 05:06:27,54,96,7802,8151
2026-09-16 05:06:37,52,100,7802,8151
2026-09-16 05:06:47,53,99,7802,8151
2026-09-16 05:06:58,53,100,7802,8151
2026-09-16 05:07:08,54,100,7802,8151
2026-09-16 05:07:18,54,100,7802,8151
2026-09-16 05:07:28,52,0,7802,8151
2026-09-16 05:07:38,54,100,7802,8151
2026-09-16 05:07:49,55,98,7802,8151
2026-09-16 05:07:59,55,98,7802,8151
2026-09-16 05:08:09,55,100,7802,8151
2026-09-16 05:08:19,55,100,7802,8151
2026-09-16 05:08:29,55,99,7802,8151
2026-09-16 05:08:40,55,99,7802,8151
2026-09-16 05:08:50,55,98,7802,8151
2026-09-16 05:09:00,52,0,7802,8151
2026-09-16 05:09:10,55,100,7802,8151
2026-09-16 05:09:20,57,100,7802,8151
2026-09-16 05:09:30,55,100,7802,8151
2026-09-16 05:09:41,55,100,7802,8151
2026-09-16 05:09:51,55,99,7802,8151
2026-09-16 05:10:01,54,100,7802,8151
2026-09-16 05:10:11,59,95,7802,8151
2026-09-16 05:10:21,54,31,7802,8151
2026-09-16 05:10:32,53,100,7802,8151
2026-09-16 05:10:42,51,0,7802,8151
2026-09-16 05:10:52,54,100,7802,8151
2026-09-16 05:11:02,53,100,7802,8151
2026-09-16 05:11:12,53,100,7802,8151
2026-09-16 05:11:23,53,99,7802,8151
2026-09-16 05:11:33,53,100,7802,8151
2026-09-16 05:11:43,54,76,7802,8151
2026-09-16 05:11:53,54,99,7802,8151
2026-09-16 05:12:03,54,99,7802,8151
2026-09-16 05:12:14,55,99,7802,8151
2026-09-16 05:12:24,56,86,7802,8151
2026-09-16 05:12:34,59,98,7802,8151
2026-09-16 05:12:44,55,99,7802,8151
2026-09-16 05:12:54,54,100,7802,8151
2026-09-16 05:13:04,55,98,7802,8151
2026-09-16 05:13:15,55,100,7802,8151
2026-09-16 05:13:25,55,99,7802,8151
2026-09-16 05:13:35,54,99,7802,8151
2026-09-16 05:13:45,55,98,7802,8151
2026-09-16 05:13:55,54,100,7802,8151
2026-09-16 05:14:06,54,100,7802,8151
2026-09-16 05:14:16,55,100,7802,8151
2026-09-16 05:14:26,54,100,7802,8151
2026-09-16 05:14:36,56,100,7802,8151
2026-09-16 05:14:46,54,100,7802,8151
2026-09-16 05:14:57,55,100,7802,8151
2026-09-16 05:15:07,56,100,7802,8151
2026-09-16 05:15:17,55,98,7802,8151
2026-09-16 05:15:27,55,100,7802,8151
2026-09-16 05:15:37,57,95,7802,8151
2026-09-16 05:15:48,55,100,7802,8151
2026-09-16 05:15:58,55,95,7802,8151
2026-09-16 05:16:08,56,100,7802,8151
2026-09-16 05:16:18,55,100,7802,8151
2026-09-16 05:16:28,53,0,7802,8151
2026-09-16 05:16:38,55,99,7802,8151
2026-09-16 05:16:49,55,100,7802,8151
2026-09-16 05:16:59,55,100,7802,8151
2026-09-16 05:17:09,55,100,7802,8151
2026-09-16 05:17:19,55,100,7802,8151
2026-09-16 05:17:29,57,88,7802,8151
2026-09-16 05:17:40,54,100,7802,8151
2026-09-16 05:17:50,54,100,7802,8151
2026-09-16 05:18:00,54,99,7802,8151
2026-09-16 05:18:10,53,100,7802,8151
2026-09-16 05:18:21,53,100,7802,8151
2026-09-16 05:18:31,53,100,7802,8151
2026-09-16 05:18:41,53,100,7802,8151
2026-09-16 05:18:51,53,100,7802,8151
2026-09-16 05:19:01,60,89,7802,8151
2026-09-16 05:19:11,54,100,7802,8151
2026-09-16 05:19:22,55,100,7802,8151
2026-09-16 05:19:32,55,96,7802,8151
2026-09-16 05:19:42,55,100,7802,8151
2026-09-16 05:19:52,56,97,7802,8151
2026-09-16 05:20:02,55,99,7802,8151
2026-09-16 05:20:13,55,98,7802,8151
2026-09-16 05:20:23,55,100,7802,8151
2026-09-16 05:20:33,55,98,7802,8151
2026-09-16 05:20:43,55,100,7802,8151
2026-09-16 05:20:53,55,100,7802,8151
2026-09-16 05:21:04,55,100,7802,8151
2026-09-16 05:21:14,55,99,7802,8151
2026-09-16 05:21:24,55,100,7802,8151
2026-09-16 05:21:34,55,100,7802,8151
2026-09-16 05:21:44,55,100,7802,8151
2026-09-16 05:21:54,55,99,7802,8151
2026-09-16 05:22:05,55,100,7802,8151
2026-09-16 05:22:15,57,20,7802,8151
2026-09-16 05:22:25,54,98,7802,8151
2026-09-16 05:22:35,54,95,7802,8151
2026-09-16 05:22:45,54,10,7802,8151
2026-09-16 05:22:56,54,99,7802,8151
2026-09-16 05:23:06,53,100,7802,8151
2026-09-16 05:23:16,53,99,7802,8151
2026-09-16 05:23:26,50,0,7802,8151
2026-09-16 05:23:36,53,100,7802,8151
2026-09-16 05:23:47,54,97,7802,8151
2026-09-16 05:23:57,54,98,7802,8151
2026-09-16 05:24:07,54,100,7802,8151
2026-09-16 05:24:17,54,96,7802,8151
2026-09-16 05:24:27,54,100,7802,8151
2026-09-16 05:24:38,55,100,7802,8151
2026-09-16 05:24:48,53,0,7802,8151
2026-09-16 05:24:58,55,100,7802,8151
2026-09-16 05:25:08,55,98,7802,8151
2026-09-16 05:25:18,55,100,7802,8151
2026-09-16 05:25:29,53,0,7802,8151
2026-09-16 05:25:39,56,98,7802,8151
2026-09-16 05:25:49,55,97,7802,8151
2026-09-16 05:25:59,56,99,7802,8151
2026-09-16 05:26:09,55,100,7802,8151
2026-09-16 05:26:20,56,91,7802,8151
2026-09-16 05:26:30,56,93,7802,8151
2026-09-16 05:26:40,54,100,7802,8151
2026-09-16 05:26:50,56,98,7802,8151
2026-09-16 05:27:00,55,100,7802,8151
2026-09-16 05:27:11,55,100,7802,8151
2026-09-16 05:27:21,57,97,7802,8151
2026-09-16 05:27:31,55,100,7802,8151
2026-09-16 05:27:41,56,100,7802,8151
2026-09-16 05:27:51,55,99,7802,8151
2026-09-16 05:28:02,56,94,7802,8151
2026-09-16 05:28:12,56,99,7802,8151
2026-09-16 05:28:22,55,100,7802,8151
2026-09-16 05:28:32,54,100,7802,8151
2026-09-16 05:28:42,55,99,7802,8151
2026-09-16 05:28:52,55,99,7802,8151
2026-09-16 05:29:03,55,96,7802,8151
2026-09-16 05:29:13,55,100,7802,8151
2026-09-16 05:29:23,55,100,7802,8151
2026-09-16 05:29:33,54,100,7802,8151
2026-09-16 05:29:44,54,99,7802,8151
2026-09-16 05:29:54,59,97,7802,8151
2026-09-16 05:30:04,51,0,7802,8151
2026-09-16 05:30:14,53,100,7802,8151
2026-09-16 05:30:24,53,99,7802,8151
2026-09-16 05:30:35,53,94,7802,8151
2026-09-16 05:30:45,54,97,7802,8151
2026-09-16 05:30:55,54,99,7802,8151
2026-09-16 05:31:05,53,97,7802,8151
2026-09-16 05:31:15,53,100,7802,8151
2026-09-16 05:31:26,54,100,7802,8151
2026-09-16 05:31:36,55,97,7802,8151
2026-09-16 05:31:46,54,99,7802,8151
2026-09-16 05:31:56,54,100,7802,8151
2026-09-16 05:32:06,54,98,7802,8151
2026-09-16 05:32:17,55,86,7802,8151
2026-09-16 05:32:27,55,100,7802,8151
2026-09-16 05:32:37,54,100,7802,8151
2026-09-16 05:32:47,54,100,7802,8151
2026-09-16 05:32:57,55,99,7802,8151
2026-09-16 05:33:07,55,100,7802,8151
2026-09-16 05:33:18,54,99,7802,8151
2026-09-16 05:33:28,55,100,7802,8151
2026-09-16 05:33:38,55,100,7802,8151
2026-09-16 05:33:48,52,0,7802,8151
2026-09-16 05:33:58,55,100,7802,8151
2026-09-16 05:34:09,55,99,7802,8151
2026-09-16 05:34:19,55,97,7802,8151
2026-09-16 05:34:29,54,100,7802,8151
2026-09-16 05:34:39,55,100,7802,8151
2026-09-16 05:34:49,55,100,7802,8151
2026-09-16 05:35:00,55,97,7802,8151
2026-09-16 05:35:10,56,97,7802,8151
2026-09-16 05:35:20,52,0,7802,8151
2026-09-16 05:35:30,55,99,7802,8151
2026-09-16 05:35:40,55,100,7802,8151
2026-09-16 05:35:51,54,100,7802,8151
2026-09-16 05:36:01,54,87,7802,8151
2026-09-16 05:36:11,59,100,7802,8151
2026-09-16 05:36:21,55,96,7802,8151
2026-09-16 05:36:31,54,100,7802,8151
2026-09-16 05:36:42,55,99,7802,8151
2026-09-16 05:36:52,55,99,7802,8151
2026-09-16 05:37:02,54,99,7802,8151
2026-09-16 05:37:12,55,100,7802,8151
2026-09-16 05:37:22,55,63,7802,8151
2026-09-16 05:37:33,55,99,7802,8151
2026-09-16 05:37:43,55,100,7802,8151
2026-09-16 05:37:53,55,99,7802,8151
2026-09-16 05:38:03,54,100,7802,8151
2026-09-16 05:38:13,54,99,7802,8151
2026-09-16 05:38:24,54,100,7802,8151
2026-09-16 05:38:34,55,100,7802,8151
2026-09-16 05:38:44,55,99,7802,8151
2026-09-16 05:38:54,54,100,7802,8151
2026-09-16 05:39:04,55,99,7802,8151
2026-09-16 05:39:15,56,100,7802,8151
2026-09-16 05:39:25,55,100,7802,8151
2026-09-16 05:39:35,54,0,7802,8151
2026-09-16 05:39:45,54,100,7802,8151
2026-09-16 05:39:55,54,100,7802,8151
2026-09-16 05:40:06,54,99,7802,8151
2026-09-16 05:40:16,53,100,7802,8151
2026-09-16 05:40:26,53,100,7802,8151
2026-09-16 05:40:36,52,100,7802,8151
2026-09-16 05:40:46,53,97,7802,8151
2026-09-16 05:40:57,53,100,7802,8151
2026-09-16 05:41:07,53,99,7802,8151
2026-09-16 05:41:17,54,100,7802,8151
2026-09-16 05:41:27,54,100,7802,8151
2026-09-16 05:41:37,60,100,7802,8151
2026-09-16 05:41:48,55,97,7802,8151
2026-09-16 05:41:58,59,100,7802,8151
2026-09-16 05:42:08,56,99,7802,8151
2026-09-16 05:42:18,54,100,7802,8151
2026-09-16 05:42:28,56,94,7802,8151
2026-09-16 05:42:39,55,100,7802,8151
2026-09-16 05:42:49,55,100,7802,8151
2026-09-16 05:42:59,54,96,7802,8151
2026-09-16 05:43:09,54,100,7802,8151
2026-09-16 05:43:19,55,100,7802,8151
2026-09-16 05:43:29,55,100,7802,8151
2026-09-16 05:43:40,55,99,7802,8151
2026-09-16 05:43:50,54,99,7802,8151
2026-09-16 05:44:00,53,100,7802,8151
2026-09-16 05:44:10,54,99,7802,8151
2026-09-16 05:44:20,53,100,7802,8151
2026-09-16 05:44:31,53,99,7802,8151
2026-09-16 05:44:41,53,100,7802,8151
2026-09-16 05:44:51,53,100,7802,8151
2026-09-16 05:45:01,54,100,7802,8151
2026-09-16 05:45:11,54,100,7802,8151
2026-09-16 05:45:22,52,0,7802,8151
2026-09-16 05:45:32,54,100,7802,8151
2026-09-16 05:45:42,54,99,7802,8151
2026-09-16 05:45:52,55,99,7802,8151
2026-09-16 05:46:02,52,0,7802,8151
2026-09-16 05:46:13,55,98,7802,8151
2026-09-16 05:46:23,54,100,7802,8151
2026-09-16 05:46:33,54,99,7802,8151
2026-09-16 05:46:43,55,98,7802,8151
2026-09-16 05:46:53,55,100,7802,8151
2026-09-16 05:47:04,54,100,7802,8151
2026-09-16 05:47:14,54,100,7802,8151
2026-09-16 05:47:24,54,100,7802,8151
2026-09-16 05:47:34,54,100,7802,8151
2026-09-16 05:47:44,54,100,7802,8151
2026-09-16 05:47:55,55,100,7802,8151
2026-09-16 05:48:05,56,99,7802,8151
2026-09-16 05:48:15,56,90,7802,8151
2026-09-16 05:48:25,55,100,7802,8151
2026-09-16 05:48:35,55,100,7802,8151
2026-09-16 05:48:46,55,100,7802,8151
2026-09-16 05:48:56,54,100,7802,8151
2026-09-16 05:49:06,55,99,7802,8151
2026-09-16 05:49:16,55,100,7802,8151
2026-09-16 05:49:26,55,100,7802,8151
2026-09-16 05:49:37,56,100,7802,8151
2026-09-16 05:49:47,55,98,7802,8151
2026-09-16 05:49:57,55,99,7802,8151
2026-09-16 05:50:07,54,100,7802,8151
2026-09-16 05:50:17,55,100,7802,8151
2026-09-16 05:50:28,55,97,7802,8151
2026-09-16 05:50:38,54,100,7802,8151
2026-09-16 05:50:48,55,100,7802,8151
2026-09-16 05:50:58,55,100,7802,8151
2026-09-16 05:51:08,55,100,7802,8151
2026-09-16 05:51:19,55,100,7802,8151
2026-09-16 05:51:29,55,100,7802,8151
2026-09-16 05:51:39,55,95,7802,8151
2026-09-16 05:51:49,54,100,7802,8151
2026-09-16 05:51:59,57,97,7802,8151
2026-09-16 05:52:10,55,100,7802,8151
2026-09-16 05:52:20,55,100,7802,8151
2026-09-16 05:52:30,55,100,7802,8151
2026-09-16 05:52:40,54,100,7802,8151
2026-09-16 05:52:51,54,99,7802,8151
2026-09-16 05:53:01,55,100,7802,8151
2026-09-16 05:53:11,56,97,7802,8151
2026-09-16 05:53:21,62,100,7802,8151
2026-09-16 05:53:31,56,97,7802,8151
2026-09-16 05:53:42,56,96,7802,8151
2026-09-16 05:53:52,54,99,7802,8151
2026-09-16 05:54:02,56,85,7802,8151
2026-09-16 05:54:12,54,100,7802,8151
2026-09-16 05:54:22,54,100,7802,8151
2026-09-16 05:54:33,55,100,7802,8151
2026-09-16 05:54:43,55,100,7802,8151
2026-09-16 05:54:53,55,100,7802,8151
2026-09-16 05:55:03,55,99,7802,8151
2026-09-16 05:55:13,55,99,7802,8151
2026-09-16 05:55:24,56,99,7802,8151
2026-09-16 05:55:34,55,13,7802,8151
2026-09-16 05:55:44,54,100,7802,8151
2026-09-16 05:55:54,52,0,7802,8151
2026-09-16 05:56:04,55,99,7802,8151
2026-09-16 05:56:15,55,96,7802,8151
2026-09-16 05:56:25,55,99,7802,8151
2026-09-16 05:56:35,55,98,7802,8151
2026-09-16 05:56:45,55,100,7802,8151
2026-09-16 05:56:55,52,0,7802,8151
2026-09-16 05:57:06,55,99,7802,8151
2026-09-16 05:57:16,55,99,7802,8151
2026-09-16 05:57:26,55,98,7802,8151
2026-09-16 05:57:36,56,99,7802,8151
2026-09-16 05:57:46,55,100,7802,8151
2026-09-16 05:57:57,55,99,7802,8151
2026-09-16 05:58:07,55,99,7802,8151
2026-09-16 05:58:17,56,97,7802,8151
2026-09-16 05:58:27,54,98,7802,8151
2026-09-16 05:58:37,54,99,7802,8151
2026-09-16 05:58:47,53,100,7802,8151
2026-09-16 05:58:58,54,100,7802,8151
2026-09-16 05:59:08,53,100,7802,8151
2026-09-16 05:59:18,53,100,7802,8151
2026-09-16 05:59:28,53,98,7802,8151
2026-09-16 05:59:38,52,100,7802,8151
2026-09-16 05:59:49,54,98,7802,8151
2026-09-16 05:59:59,53,100,7802,8151
2026-09-16 06:00:09,54,99,7802,8151
2026-09-16 06:00:19,54,95,7802,8151
2026-09-16 06:00:29,54,96,7802,8151
2026-09-16 06:00:40,54,99,7802,8151
2026-09-16 06:00:50,60,100,7802,8151
2026-09-16 06:01:00,54,100,7802,8151
2026-09-16 06:01:10,55,100,7802,8151
2026-09-16 06:01:20,55,98,7802,8151
2026-09-16 06:01:31,54,99,7802,8151
2026-09-16 06:01:41,51,0,7802,8151
2026-09-16 06:01:51,54,99,7802,8151
2026-09-16 06:02:01,54,100,7802,8151
2026-09-16 06:02:11,54,99,7802,8151
2026-09-16 06:02:22,54,99,7802,8151
2026-09-16 06:02:32,54,99,7802,8151
2026-09-16 06:02:42,52,0,7802,8151
2026-09-16 06:02:52,54,100,7802,8151
2026-09-16 06:03:02,54,97,7802,8151
2026-09-16 06:03:13,54,99,7802,8151
2026-09-16 06:03:23,55,95,7802,8151
2026-09-16 06:03:33,54,100,7802,8151
2026-09-16 06:03:43,54,100,7802,8151
2026-09-16 06:03:53,55,99,7802,8151
2026-09-16 06:04:04,54,100,7802,8151
2026-09-16 06:04:14,54,97,7802,8151
2026-09-16 06:04:24,55,97,7802,8151
2026-09-16 06:04:34,54,96,7802,8151
2026-09-16 06:04:44,54,98,7802,8151
2026-09-16 06:04:55,54,100,7802,8151
2026-09-16 06:05:05,56,15,7802,8151
2026-09-16 06:05:15,55,99,7802,8151
2026-09-16 06:05:25,55,100,7802,8151
2026-09-16 06:05:35,55,100,7802,8151
2026-09-16 06:05:46,55,98,7802,8151
2026-09-16 06:05:56,54,99,7802,8151
2026-09-16 06:06:06,54,97,7802,8151
2026-09-16 06:06:16,55,99,7802,8151
2026-09-16 06:06:26,56,98,7802,8151
2026-09-16 06:06:36,55,100,7802,8151
2026-09-16 06:06:47,54,99,7802,8151
2026-09-16 06:06:57,54,100,7802,8151
2026-09-16 06:07:07,57,87,7802,8151
2026-09-16 06:07:17,55,100,7802,8151
2026-09-16 06:07:27,56,99,7802,8151
2026-09-16 06:07:38,55,97,7802,8151
2026-09-16 06:07:48,55,100,7802,8151
2026-09-16 06:07:58,55,100,7802,8151
2026-09-16 06:08:08,56,99,7802,8151
2026-09-16 06:08:18,55,100,7802,8151
2026-09-16 06:08:29,55,99,7802,8151
2026-09-16 06:08:39,55,100,7802,8151
2026-09-16 06:08:49,55,100,7802,8151
2026-09-16 06:08:59,55,100,7802,8151
2026-09-16 06:09:09,55,99,7802,8151
2026-09-16 06:09:20,55,100,7802,8151
2026-09-16 06:09:30,56,100,7802,8151
2026-09-16 06:09:40,55,100,7802,8151
2026-09-16 06:09:50,55,99,7802,8151
2026-09-16 06:10:00,54,100,7802,8151
2026-09-16 06:10:11,57,98,7802,8151
2026-09-16 06:10:21,55,100,7802,8151
2026-09-16 06:10:31,55,100,7802,8151
2026-09-16 06:10:41,55,99,7802,8151
2026-09-16 06:10:51,52,0,7802,8151
2026-09-16 06:11:02,55,100,7802,8151
2026-09-16 06:11:12,55,100,7802,8151
2026-09-16 06:11:22,54,100,7802,8151
2026-09-16 06:11:32,54,100,7802,8151
2026-09-16 06:11:42,55,97,7802,8151
2026-09-16 06:11:52,55,100,7802,8151
2026-09-16 06:12:03,55,100,7802,8151
2026-09-16 06:12:13,57,94,7802,8151
2026-09-16 06:12:23,55,99,7802,8151
2026-09-16 06:12:33,55,100,7802,8151
2026-09-16 06:12:43,55,99,7802,8151
2026-09-16 06:12:54,55,100,7802,8151
2026-09-16 06:13:04,55,98,7802,8151
2026-09-16 06:13:14,55,99,7802,8151
2026-09-16 06:13:24,55,99,7802,8151
2026-09-16 06:13:34,54,99,7802,8151
2026-09-16 06:13:45,56,97,7802,8151
2026-09-16 06:13:55,55,100,7802,8151
2026-09-16 06:14:05,54,100,7802,8151
2026-09-16 06:14:15,54,99,7802,8151
2026-09-16 06:14:25,54,100,7802,8151
2026-09-16 06:14:36,56,100,7802,8151
2026-09-16 06:14:46,58,96,7802,8151
2026-09-16 06:14:56,62,91,7802,8151
2026-09-16 06:15:06,56,97,7802,8151
2026-09-16 06:15:16,55,100,7802,8151
2026-09-16 06:15:26,55,99,7802,8151
2026-09-16 06:15:37,56,97,7802,8151
2026-09-16 06:15:47,57,12,7802,8151
2026-09-16 06:15:57,55,100,7802,8151
2026-09-16 06:16:07,55,100,7802,8151
2026-09-16 06:16:17,55,96,7802,8151
2026-09-16 06:16:28,55,98,7802,8151
2026-09-16 06:16:38,55,100,7802,8151
2026-09-16 06:16:48,55,100,7802,8151
2026-09-16 06:16:58,55,98,7802,8151
2026-09-16 06:17:08,55,99,7802,8151
2026-09-16 06:17:18,56,99,7802,8151
2026-09-16 06:17:29,55,100,7802,8151
2026-09-16 06:17:39,56,100,7802,8151
2026-09-16 06:17:49,55,100,7802,8151
2026-09-16 06:17:59,55,97,7802,8151
2026-09-16 06:18:10,54,99,7802,8151
2026-09-16 06:18:20,54,100,7802,8151
2026-09-16 06:18:30,54,99,7802,8151
2026-09-16 06:18:40,55,98,7802,8151
2026-09-16 06:18:50,55,100,7802,8151
2026-09-16 06:19:01,55,100,7802,8151
2026-09-16 06:19:11,55,99,7802,8151
2026-09-16 06:19:21,54,100,7802,8151
2026-09-16 06:19:31,55,100,7802,8151
2026-09-16 06:19:41,54,100,7802,8151
2026-09-16 06:19:52,56,92,7802,8151
2026-09-16 06:20:02,58,98,7802,8151
2026-09-16 06:20:12,54,99,7802,8151
2026-09-16 06:20:22,55,100,7802,8151
2026-09-16 06:20:32,54,100,7802,8151
2026-09-16 06:20:43,55,99,7802,8151
2026-09-16 06:20:53,51,0,7802,8151
2026-09-16 06:21:03,53,99,7802,8151
2026-09-16 06:21:13,60,89,7802,8151
2026-09-16 06:21:23,56,97,7802,8151
2026-09-16 06:21:34,54,100,7802,8151
2026-09-16 06:21:44,54,100,7802,8151
2026-09-16 06:21:54,60,91,7802,8151
2026-09-16 06:22:04,55,100,7802,8151
2026-09-16 06:22:14,54,100,7802,8151
2026-09-16 06:22:25,55,94,7802,8151
2026-09-16 06:22:35,55,100,7802,8151
2026-09-16 06:22:45,55,99,7802,8151
2026-09-16 06:22:55,56,92,7802,8151
2026-09-16 06:23:05,53,20,7802,8151
2026-09-16 06:23:16,54,100,7802,8151
2026-09-16 06:23:26,54,98,7802,8151
2026-09-16 06:23:36,55,97,7802,8151
2026-09-16 06:23:46,54,96,7802,8151
2026-09-16 06:23:56,54,100,7802,8151
2026-09-16 06:24:07,54,99,7802,8151
2026-09-16 06:24:17,55,100,7802,8151
2026-09-16 06:24:27,55,91,7802,8151
2026-09-16 06:24:37,55,100,7802,8151
2026-09-16 06:24:47,55,100,7802,8151
2026-09-16 06:24:58,55,100,7802,8151
2026-09-16 06:25:08,56,92,7802,8151
2026-09-16 06:25:18,54,100,7802,8151
2026-09-16 06:25:28,55,98,7802,8151
2026-09-16 06:25:38,56,91,7802,8151
2026-09-16 06:25:49,54,99,7802,8151
2026-09-16 06:25:59,55,96,7802,8151
2026-09-16 06:26:09,55,99,7802,8151
2026-09-16 06:26:19,55,99,7802,8151
2026-09-16 06:26:30,54,99,7802,8151
2026-09-16 06:26:40,54,100,7802,8151
2026-09-16 06:26:50,54,98,7802,8151
2026-09-16 06:27:00,54,97,7802,8151
2026-09-16 06:27:10,53,96,7802,8151
2026-09-16 06:27:21,52,100,7802,8151
2026-09-16 06:27:31,52,100,7802,8151
2026-09-16 06:27:41,52,99,7802,8151
2026-09-16 06:27:51,54,98,7802,8151
2026-09-16 06:28:01,54,100,7802,8151
2026-09-16 06:28:12,54,100,7802,8151
2026-09-16 06:28:22,55,36,7802,8151
2026-09-16 06:28:32,54,100,7802,8151
2026-09-16 06:28:42,54,98,7802,8151
2026-09-16 06:28:52,54,100,7802,8151
2026-09-16 06:29:02,55,62,7802,8151
2026-09-16 06:29:13,54,98,7802,8151
2026-09-16 06:29:23,54,100,7802,8151
2026-09-16 06:29:33,54,100,7802,8151
2026-09-16 06:29:43,54,99,7802,8151
2026-09-16 06:29:53,54,99,7802,8151
2026-09-16 06:30:04,54,100,7802,8151
2026-09-16 06:30:14,54,99,7802,8151
2026-09-16 06:30:24,54,99,7802,8151
2026-09-16 06:30:34,54,99,7802,8151
2026-09-16 06:30:44,54,100,7802,8151
2026-09-16 06:30:55,59,98,7802,8151
2026-09-16 06:31:05,54,100,7802,8151
2026-09-16 06:31:15,57,98,7802,8151
2026-09-16 06:31:25,54,99,7802,8151
2026-09-16 06:31:35,54,99,7802,8151
2026-09-16 06:31:46,54,9,7802,8151
2026-09-16 06:31:56,54,99,7802,8151
2026-09-16 06:32:06,54,100,7802,8151
2026-09-16 06:32:16,54,99,7802,8151
2026-09-16 06:32:26,54,98,7802,8151
2026-09-16 06:32:37,54,100,7802,8151
2026-09-16 06:32:47,54,98,7802,8151
2026-09-16 06:32:57,53,100,7802,8151
2026-09-16 06:33:07,55,100,7802,8151
2026-09-16 06:33:17,55,100,7802,8151
2026-09-16 06:33:28,55,98,7802,8151
2026-09-16 06:33:38,54,100,7802,8151
2026-09-16 06:33:48,55,95,7802,8151
2026-09-16 06:33:58,56,96,7802,8151
2026-09-16 06:34:08,55,100,7802,8151
2026-09-16 06:34:19,55,100,7802,8151
2026-09-16 06:34:29,55,100,7802,8151
2026-09-16 06:34:39,55,98,7802,8151
2026-09-16 06:34:49,55,100,7802,8151
2026-09-16 06:34:59,55,99,7802,8151
2026-09-16 06:35:10,55,100,7802,8151
2026-09-16 06:35:20,55,100,7802,8151
2026-09-16 06:35:30,59,48,7802,8151
2026-09-16 06:35:40,56,98,7802,8151
2026-09-16 06:35:50,55,100,7802,8151
2026-09-16 06:36:01,56,99,7802,8151
2026-09-16 06:36:11,55,96,7802,8151
2026-09-16 06:36:21,55,100,7802,8151
2026-09-16 06:36:31,55,100,7802,8151
2026-09-16 06:36:41,54,100,7802,8151
2026-09-16 06:36:52,53,98,7802,8151
2026-09-16 06:37:02,53,99,7802,8151
2026-09-16 06:37:12,58,94,7802,8151
2026-09-16 06:37:22,53,100,7802,8151
2026-09-16 06:37:32,58,88,7802,8151
2026-09-16 06:37:43,53,100,7802,8151
2026-09-16 06:37:53,53,100,7802,8151
2026-09-16 06:38:03,54,100,7802,8151
2026-09-16 06:38:13,51,0,7802,8151
2026-09-16 06:38:23,53,100,7802,8151
2026-09-16 06:38:33,54,100,7802,8151
2026-09-16 06:38:44,54,100,7802,8151
2026-09-16 06:38:54,54,99,7802,8151
2026-09-16 06:39:04,54,100,7802,8151
2026-09-16 06:39:14,54,99,7802,8151
2026-09-16 06:39:25,54,100,7802,8151
2026-09-16 06:39:35,54,99,7802,8151
2026-09-16 06:39:45,55,100,7802,8151
2026-09-16 06:39:55,56,100,7802,8151
2026-09-16 06:40:05,61,100,7802,8151
2026-09-16 06:40:15,55,98,7802,8151
2026-09-16 06:40:26,58,100,7802,8151
2026-09-16 06:40:36,54,99,7802,8151
2026-09-16 06:40:46,55,99,7802,8151
2026-09-16 06:40:56,54,100,7802,8151
2026-09-16 06:41:06,54,100,7802,8151
2026-09-16 06:41:17,56,96,7802,8151
2026-09-16 06:41:27,55,99,7802,8151
2026-09-16 06:41:37,54,99,7802,8151
2026-09-16 06:41:47,55,97,7802,8151
2026-09-16 06:41:57,54,95,7802,8151
2026-09-16 06:42:08,55,99,7802,8151
2026-09-16 06:42:18,56,98,7802,8151
2026-09-16 06:42:28,56,93,7802,8151
2026-09-16 06:42:38,62,83,7802,8151
2026-09-16 06:42:48,55,100,7802,8151
2026-09-16 06:42:59,55,99,7802,8151
2026-09-16 06:43:09,57,100,7802,8151
2026-09-16 06:43:19,56,100,7802,8151
2026-09-16 06:43:29,54,49,7802,8151
2026-09-16 06:43:39,54,100,7802,8151
2026-09-16 06:43:50,54,100,7802,8151
2026-09-16 06:44:00,53,100,7802,8151
2026-09-16 06:44:10,52,100,7802,8151
2026-09-16 06:44:20,53,100,7802,8151
2026-09-16 06:44:30,54,100,7802,8151
2026-09-16 06:44:41,54,99,7802,8151
2026-09-16 06:44:51,54,100,7802,8151
2026-09-16 06:45:01,54,100,7802,8151
2026-09-16 06:45:11,54,100,7802,8151
2026-09-16 06:45:21,55,99,7802,8151
2026-09-16 06:45:32,54,100,7802,8151
2026-09-16 06:45:42,55,98,7802,8151
2026-09-16 06:45:52,54,100,7802,8151
2026-09-16 06:46:02,55,97,7802,8151
2026-09-16 06:46:12,54,100,7802,8151
2026-09-16 06:46:23,64,87,7802,8151
2026-09-16 06:46:33,62,84,7802,8151
2026-09-16 06:46:43,54,99,7802,8151
2026-09-16 06:46:53,54,99,7802,8151
2026-09-16 06:47:03,55,100,7802,8151
2026-09-16 06:47:13,55,100,7802,8151
2026-09-16 06:47:24,52,0,7802,8151
2026-09-16 06:47:34,55,100,7802,8151
2026-09-16 06:47:44,55,98,7802,8151
2026-09-16 06:47:54,54,99,7802,8151
2026-09-16 06:48:04,54,99,7802,8151
2026-09-16 06:48:15,53,97,7802,8151
2026-09-16 06:48:25,53,98,7802,8151
2026-09-16 06:48:35,53,100,7802,8151
2026-09-16 06:48:45,53,100,7802,8151
2026-09-16 06:48:55,53,99,7802,8151
2026-09-16 06:49:06,53,99,7802,8151
2026-09-16 06:49:16,53,100,7802,8151
2026-09-16 06:49:26,54,100,7802,8151
2026-09-16 06:49:36,54,100,7802,8151
2026-09-16 06:49:46,54,100,7802,8151
2026-09-16 06:49:57,55,89,7802,8151
2026-09-16 06:50:07,54,99,7802,8151
2026-09-16 06:50:17,55,100,7802,8151
2026-09-16 06:50:27,55,99,7802,8151
2026-09-16 06:50:37,55,98,7802,8151
2026-09-16 06:50:48,55,100,7802,8151
2026-09-16 06:50:58,59,92,7802,8151
2026-09-16 06:51:08,56,100,7802,8151
2026-09-16 06:51:18,55,100,7802,8151
2026-09-16 06:51:28,54,100,7802,8151
2026-09-16 06:51:39,52,37,7802,8151
2026-09-16 06:51:49,55,100,7802,8151
2026-09-16 06:51:59,55,100,7802,8151
2026-09-16 06:52:09,54,100,7802,8151
2026-09-16 06:52:19,55,99,7802,8151
2026-09-16 06:52:30,55,100,7802,8151
2026-09-16 06:52:40,55,99,7802,8151
2026-09-16 06:52:50,55,100,7802,8151
2026-09-16 06:53:00,54,100,7802,8151
2026-09-16 06:53:10,54,99,7802,8151
2026-09-16 06:53:21,54,97,7802,8151
2026-09-16 06:53:31,54,100,7802,8151
2026-09-16 06:53:41,53,100,7802,8151
2026-09-16 06:53:51,54,98,7802,8151
2026-09-16 06:54:01,54,99,7802,8151
2026-09-16 06:54:12,53,100,7802,8151
2026-09-16 06:54:22,54,95,7802,8151
2026-09-16 06:54:32,54,99,7802,8151
2026-09-16 06:54:42,54,97,7802,8151
2026-09-16 06:54:52,54,100,7802,8151
2026-09-16 06:55:02,54,99,7802,8151
2026-09-16 06:55:13,54,100,7802,8151
2026-09-16 06:55:23,55,100,7802,8151
2026-09-16 06:55:33,54,100,7802,8151
2026-09-16 06:55:43,55,98,7802,8151
2026-09-16 06:55:53,56,98,7802,8151
2026-09-16 06:56:04,54,97,7802,8151
2026-09-16 06:56:14,54,98,7802,8151
2026-09-16 06:56:24,55,98,7802,8151
2026-09-16 06:56:34,56,86,7802,8151
2026-09-16 06:56:44,55,100,7802,8151
2026-09-16 06:56:55,55,99,7802,8151
2026-09-16 06:57:05,54,100,7802,8151
2026-09-16 06:57:15,54,100,7802,8151
2026-09-16 06:57:25,54,100,7802,8151
2026-09-16 06:57:35,55,99,7802,8151
2026-09-16 06:57:46,56,100,7802,8151
2026-09-16 06:57:56,55,100,7802,8151
2026-09-16 06:58:06,56,98,7802,8151
2026-09-16 06:58:16,56,99,7802,8151
2026-09-16 06:58:26,55,100,7802,8151
2026-09-16 06:58:37,56,100,7802,8151
2026-09-16 06:58:47,55,100,7802,8151
2026-09-16 06:58:57,55,100,7802,8151
2026-09-16 06:59:07,56,98,7802,8151
2026-09-16 06:59:18,56,100,7802,8151
2026-09-16 06:59:28,55,99,7802,8151
2026-09-16 06:59:38,54,99,7802,8151
2026-09-16 06:59:48,54,100,7802,8151
2026-09-16 06:59:58,54,99,7802,8151
2026-09-16 07:00:09,55,99,7802,8151
2026-09-16 07:00:19,54,100,7802,8151
2026-09-16 07:00:29,52,0,7802,8151
2026-09-16 07:00:39,54,99,7802,8151
2026-09-16 07:00:49,56,93,7802,8151
2026-09-16 07:01:00,54,98,7802,8151
2026-09-16 07:01:10,53,94,7802,8151
2026-09-16 07:01:20,53,100,7802,8151
2026-09-16 07:01:30,54,88,7802,8151
2026-09-16 07:01:40,54,100,7802,8151
2026-09-16 07:01:51,54,100,7802,8151
2026-09-16 07:02:01,52,0,7802,8151
2026-09-16 07:02:11,60,99,7802,8151
2026-09-16 07:02:21,55,99,7802,8151
2026-09-16 07:02:31,55,99,7802,8151
2026-09-16 07:02:42,54,100,7802,8151
2026-09-16 07:02:52,55,100,7802,8151
2026-09-16 07:03:02,55,99,7802,8151
2026-09-16 07:03:12,55,97,7802,8151
2026-09-16 07:03:22,56,97,7802,8151
2026-09-16 07:03:32,55,98,7802,8151
2026-09-16 07:03:43,54,1,7802,8151
2026-09-16 07:03:53,56,98,7802,8151
2026-09-16 07:04:03,55,100,7802,8151
2026-09-16 07:04:13,55,100,7802,8151
2026-09-16 07:04:23,56,100,7802,8151
2026-09-16 07:04:34,55,100,7802,8151
2026-09-16 07:04:44,53,0,7802,8151
2026-09-16 07:04:54,55,99,7802,8151
2026-09-16 07:05:04,54,98,7802,8151
2026-09-16 07:05:14,54,100,7802,8151
2026-09-16 07:05:25,53,100,7802,8151
2026-09-16 07:05:35,54,100,7802,8151
2026-09-16 07:05:45,53,97,7802,8151
2026-09-16 07:05:55,54,94,7802,8151
2026-09-16 07:06:05,50,0,7802,8151
2026-09-16 07:06:16,53,100,7802,8151
2026-09-16 07:06:26,54,100,7802,8151
2026-09-16 07:06:36,60,97,7802,8151
2026-09-16 07:06:46,54,97,7802,8151
2026-09-16 07:06:56,54,100,7802,8151
2026-09-16 07:07:06,55,97,7802,8151
2026-09-16 07:07:17,55,99,7802,8151
2026-09-16 07:07:27,55,97,7802,8151
2026-09-16 07:07:37,57,98,7802,8151
2026-09-16 07:07:47,55,99,7802,8151
2026-09-16 07:07:58,56,100,7802,8151
2026-09-16 07:08:08,55,100,7802,8151
2026-09-16 07:08:18,54,100,7802,8151
2026-09-16 07:08:28,53,100,7802,8151
2026-09-16 07:08:38,53,100,7802,8151
2026-09-16 07:08:49,54,97,7802,8151
2026-09-16 07:08:59,51,0,7802,8151
2026-09-16 07:09:09,53,21,7802,8151
2026-09-16 07:09:19,54,100,7802,8151
2026-09-16 07:09:29,54,98,7802,8151
2026-09-16 07:09:40,53,100,7802,8151
2026-09-16 07:09:50,53,99,7802,8151
2026-09-16 07:10:00,51,0,7802,8151
2026-09-16 07:10:10,53,100,7802,8151
2026-09-16 07:10:20,53,99,7802,8151
2026-09-16 07:10:31,51,0,7802,8151
2026-09-16 07:10:41,54,99,7802,8151
2026-09-16 07:10:51,54,98,7802,8151
2026-09-16 07:11:01,54,99,7802,8151
2026-09-16 07:11:11,54,99,7802,8151
2026-09-16 07:11:21,54,100,7802,8151
2026-09-16 07:11:32,55,99,7802,8151
2026-09-16 07:11:42,55,96,7802,8151
2026-09-16 07:11:52,55,99,7802,8151
2026-09-16 07:12:02,56,99,7802,8151
2026-09-16 07:12:12,64,92,7802,8151
2026-09-16 07:12:23,54,100,7802,8151
2026-09-16 07:12:33,55,98,7802,8151
2026-09-16 07:12:43,53,100,7802,8151
2026-09-16 07:12:53,53,100,7802,8151
2026-09-16 07:13:03,54,98,7802,8151
2026-09-16 07:13:14,53,99,7802,8151
2026-09-16 07:13:24,53,100,7802,8151
2026-09-16 07:13:34,51,0,7802,8151
2026-09-16 07:13:44,53,100,7802,8151
2026-09-16 07:13:54,55,98,7802,8151
2026-09-16 07:14:05,54,100,7802,8151
2026-09-16 07:14:15,54,100,7802,8151
2026-09-16 07:14:25,54,100,7802,8151
2026-09-16 07:14:35,55,100,7802,8151
2026-09-16 07:14:45,55,100,7802,8151
2026-09-16 07:14:56,55,100,7802,8151
2026-09-16 07:15:06,54,100,7802,8151
2026-09-16 07:15:16,54,100,7802,8151
2026-09-16 07:15:26,55,99,7802,8151
2026-09-16 07:15:36,55,100,7802,8151
2026-09-16 07:15:46,55,100,7802,8151
2026-09-16 07:15:57,55,99,7802,8151
2026-09-16 07:16:07,55,100,7802,8151
2026-09-16 07:16:17,55,100,7802,8151
2026-09-16 07:16:27,56,100,7802,8151
2026-09-16 07:16:37,56,100,7802,8151
2026-09-16 07:16:48,55,99,7802,8151
2026-09-16 07:16:58,55,100,7802,8151
2026-09-16 07:17:08,54,99,7802,8151
2026-09-16 07:17:18,54,98,7802,8151
2026-09-16 07:17:28,53,100,7802,8151
2026-09-16 07:17:39,54,97,7802,8151
2026-09-16 07:17:49,52,100,7802,8151
2026-09-16 07:17:59,53,100,7802,8151
2026-09-16 07:18:09,54,98,7802,8151
2026-09-16 07:18:19,54,99,7802,8151
2026-09-16 07:18:30,55,96,7802,8151
2026-09-16 07:18:40,54,98,7802,8151
2026-09-16 07:18:50,55,100,7802,8151
2026-09-16 07:19:00,57,91,7802,8151
2026-09-16 07:19:10,55,100,7802,8151
2026-09-16 07:19:21,55,100,7802,8151
2026-09-16 07:19:31,55,99,7802,8151
2026-09-16 07:19:41,55,100,7802,8151
2026-09-16 07:19:51,55,100,7802,8151
2026-09-16 07:20:01,52,0,7802,8151
2026-09-16 07:20:12,54,100,7802,8151
2026-09-16 07:20:22,54,87,7802,8151
2026-09-16 07:20:32,53,100,7802,8151
2026-09-16 07:20:42,54,100,7802,8151
2026-09-16 07:20:52,54,100,7802,8151
2026-09-16 07:21:03,53,100,7802,8151
2026-09-16 07:21:13,53,100,7802,8151
2026-09-16 07:21:23,53,99,7802,8151
2026-09-16 07:21:33,53,100,7802,8151
2026-09-16 07:21:43,53,100,7802,8151
2026-09-16 07:21:54,53,100,7802,8151
2026-09-16 07:22:04,54,98,7802,8151
2026-09-16 07:22:14,53,100,7802,8151
2026-09-16 07:22:24,54,99,7802,8151
2026-09-16 07:22:34,53,100,7802,8151
2026-09-16 07:22:45,53,100,7802,8151
2026-09-16 07:22:55,54,100,7802,8151
2026-09-16 07:23:05,54,100,7802,8151
2026-09-16 07:23:15,54,100,7802,8151
2026-09-16 07:23:25,52,0,7802,8151
2026-09-16 07:23:36,54,98,7802,8151
2026-09-16 07:23:46,55,99,7802,8151
2026-09-16 07:23:56,55,100,7802,8151
2026-09-16 07:24:06,55,100,7802,8151
2026-09-16 07:24:16,56,100,7802,8151
2026-09-16 07:24:27,56,100,7802,8151
2026-09-16 07:24:37,55,100,7802,8151
2026-09-16 07:24:47,54,99,7802,8151
2026-09-16 07:24:57,54,100,7802,8151
2026-09-16 07:25:07,56,97,7802,8151
2026-09-16 07:25:18,53,100,7802,8151
2026-09-16 07:25:28,53,100,7802,8151
2026-09-16 07:25:38,53,99,7802,8151
2026-09-16 07:25:48,53,99,7802,8151
2026-09-16 07:25:58,50,0,7802,8151
2026-09-16 07:26:09,53,100,7802,8151
2026-09-16 07:26:19,50,30,7802,8151
2026-09-16 07:26:29,59,94,7802,8151
2026-09-16 07:26:39,53,100,7802,8151
2026-09-16 07:26:49,54,99,7802,8151
2026-09-16 07:27:00,54,100,7802,8151
2026-09-16 07:27:10,53,100,7802,8151
2026-09-16 07:27:20,51,0,7802,8151
2026-09-16 07:27:30,54,99,7802,8151
2026-09-16 07:27:40,54,100,7802,8151
2026-09-16 07:27:51,54,100,7802,8151
2026-09-16 07:28:01,52,0,7802,8151
2026-09-16 07:28:11,55,99,7802,8151
2026-09-16 07:28:21,55,100,7802,8151
2026-09-16 07:28:31,56,98,7802,8151
2026-09-16 07:28:42,63,100,7802,8151
2026-09-16 07:28:52,54,98,7802,8151
2026-09-16 07:29:02,54,100,7802,8151
2026-09-16 07:29:12,54,100,7802,8151
2026-09-16 07:29:22,52,0,7802,8151
2026-09-16 07:29:32,54,100,7802,8151
2026-09-16 07:29:43,54,100,7802,8151
2026-09-16 07:29:53,53,88,7802,8151
2026-09-16 07:30:03,53,98,7802,8151
2026-09-16 07:30:13,53,100,7802,8151
2026-09-16 07:30:23,53,99,7802,8151
2026-09-16 07:30:34,55,100,7802,8151
2026-09-16 07:30:44,54,99,7802,8151
2026-09-16 07:30:54,54,98,7802,8151
2026-09-16 07:31:04,54,100,7802,8151
2026-09-16 07:31:14,55,89,7802,8151
2026-09-16 07:31:25,55,100,7802,8151
2026-09-16 07:31:35,58,90,7802,8151
2026-09-16 07:31:45,56,95,7802,8151
2026-09-16 07:31:55,56,100,7802,8151
2026-09-16 07:32:05,56,98,7802,8151
2026-09-16 07:32:16,55,98,7802,8151
2026-09-16 07:32:26,50,0,7802,8151
2026-09-16 07:32:36,49,0,7802,8151
2026-09-16 07:32:46,48,0,7802,8151
2026-09-16 07:32:56,47,0,7802,8151
2026-09-16 07:33:07,46,0,7802,8151
2026-09-16 07:33:17,50,99,7802,8151
2026-09-16 07:33:27,51,100,7802,8151
2026-09-16 07:33:37,52,100,7802,8151
2026-09-16 07:33:47,53,100,7802,8151
2026-09-16 07:33:58,54,100,7802,8151
2026-09-16 07:34:08,54,100,7802,8151
2026-09-16 07:34:18,50,0,7802,8151
2026-09-16 07:34:28,49,0,7802,8151
2026-09-16 07:34:38,48,0,7802,8151
2026-09-16 07:34:49,47,0,7802,8151
2026-09-16 07:34:59,46,0,7802,8151
2026-09-16 07:35:09,46,0,7802,8151
2026-09-16 07:35:19,45,0,7802,8151
2026-09-16 07:35:29,45,0,7802,8151
2026-09-16 07:35:40,45,0,7802,8151
2026-09-16 07:35:50,48,100,7802,8151
2026-09-16 07:36:00,52,55,7802,8151
2026-09-16 07:36:10,52,100,7802,8151
2026-09-16 07:36:20,53,96,7802,8151
2026-09-16 07:36:30,49,0,7802,8151
2026-09-16 07:36:41,49,0,7802,8151
2026-09-16 07:36:51,47,0,7802,8151
2026-09-16 07:37:01,47,0,7802,8151
2026-09-16 07:37:11,46,0,7802,8151
2026-09-16 07:37:21,46,0,7802,8151
2026-09-16 07:37:32,45,0,7802,8151
2026-09-16 07:37:42,48,100,7802,8151
2026-09-16 07:37:52,50,100,7802,8151
2026-09-16 07:38:02,50,100,7802,8151
2026-09-16 07:38:12,51,100,7802,8151
2026-09-16 07:38:23,60,84,7802,8151
2026-09-16 07:38:33,52,99,7802,8151
2026-09-16 07:38:43,54,99,7802,8151
2026-09-16 07:38:53,49,0,7802,8151
2026-09-16 07:39:03,48,0,7802,8151
2026-09-16 07:39:13,47,0,7802,8151
2026-09-16 07:39:24,46,0,7802,8151
2026-09-16 07:39:34,46,0,7802,8151
2026-09-16 07:39:44,46,0,7802,8151
2026-09-16 07:39:54,45,0,7802,8151
2026-09-16 07:40:04,45,0,7802,8151
2026-09-16 07:40:15,45,0,7802,8151
2026-09-16 07:40:25,47,100,7802,8151
2026-09-16 07:40:35,49,100,7802,8151
2026-09-16 07:40:45,52,96,7802,8151
2026-09-16 07:40:55,52,100,7802,8151
2026-09-16 07:41:06,52,100,7802,8151
2026-09-16 07:41:16,53,99,7802,8151
2026-09-16 07:41:26,53,100,7802,8151
2026-09-16 07:41:36,49,0,7802,8151
2026-09-16 07:41:46,49,0,7802,8151
2026-09-16 07:41:56,47,0,7802,8151
2026-09-16 07:42:07,47,0,7802,8151
2026-09-16 07:42:17,46,0,7802,8151
2026-09-16 07:42:27,46,0,7802,8151
2026-09-16 07:42:37,45,0,7802,8151
2026-09-16 07:42:47,45,0,7802,8151
2026-09-16 07:42:57,45,0,7802,8151
2026-09-16 07:43:08,49,99,7802,8151
2026-09-16 07:43:18,50,100,7802,8151
2026-09-16 07:43:28,51,99,7802,8151
2026-09-16 07:43:38,54,96,7802,8151
2026-09-16 07:43:48,50,0,7802,8151
2026-09-16 07:43:59,49,0,7802,8151
2026-09-16 07:44:09,48,0,7802,8151
2026-09-16 07:44:19,47,0,7802,8151
2026-09-16 07:44:29,47,0,7802,8151
2026-09-16 07:44:39,46,0,7802,8151
2026-09-16 07:44:49,46,0,7802,8151
2026-09-16 07:45:00,45,0,7802,8151
2026-09-16 07:45:10,50,98,7802,8151
2026-09-16 07:45:20,50,100,7802,8151
2026-09-16 07:45:30,51,100,7802,8151
2026-09-16 07:45:40,51,100,7802,8151
2026-09-16 07:45:51,49,0,7802,8151
2026-09-16 07:46:01,48,0,7802,8151
2026-09-16 07:46:11,47,0,7802,8151
2026-09-16 07:46:21,46,0,7802,8151
2026-09-16 07:46:31,46,0,7802,8151
2026-09-16 07:46:42,45,0,7802,8151
2026-09-16 07:46:52,46,0,7802,8151
2026-09-16 07:47:02,45,0,7802,8151
2026-09-16 07:47:12,50,100,7802,8151
2026-09-16 07:47:22,54,39,7802,8151
2026-09-16 07:47:32,51,100,7802,8151
2026-09-16 07:47:43,52,100,7802,8151
2026-09-16 07:47:53,53,100,7802,8151
2026-09-16 07:48:03,53,100,7802,8151
2026-09-16 07:48:13,53,100,7802,8151
2026-09-16 07:48:23,53,100,7802,8151
2026-09-16 07:48:34,50,0,7802,8151
2026-09-16 07:48:44,49,0,7802,8151
2026-09-16 07:48:54,48,0,7802,8151
2026-09-16 07:49:04,48,0,7802,8151
2026-09-16 07:49:14,47,0,7802,8151
2026-09-16 07:49:24,47,0,7802,8151
2026-09-16 07:49:35,46,0,7802,8151
2026-09-16 07:49:45,46,0,7802,8151
2026-09-16 07:49:55,46,0,7802,8151
2026-09-16 07:50:05,45,0,7802,8151
2026-09-16 07:50:15,45,0,7802,8151
2026-09-16 07:50:26,57,99,7802,8151
2026-09-16 07:50:36,51,97,7802,8151
2026-09-16 07:50:46,51,100,7802,8151
2026-09-16 07:50:56,52,100,7802,8151
2026-09-16 07:51:06,53,100,7802,8151
2026-09-16 07:51:16,60,96,7802,8151
2026-09-16 07:51:27,55,100,7802,8151
2026-09-16 07:51:37,51,0,7802,8151
2026-09-16 07:51:47,49,0,7802,8151
2026-09-16 07:51:57,49,0,7802,8151
2026-09-16 07:52:07,48,0,7802,8151
2026-09-16 07:52:18,48,0,7802,8151
2026-09-16 07:52:28,47,0,7802,8151
2026-09-16 07:52:38,47,0,7802,8151
2026-09-16 07:52:48,46,0,7802,8151
2026-09-16 07:52:58,46,0,7802,8151
2026-09-16 07:53:09,46,0,7802,8151
2026-09-16 07:53:19,49,100,7802,8151
2026-09-16 07:53:29,54,85,7802,8151
2026-09-16 07:53:39,52,100,7802,8151
2026-09-16 07:53:49,53,100,7802,8151
2026-09-16 07:53:59,53,100,7802,8151
2026-09-16 07:54:10,54,100,7802,8151
2026-09-16 07:54:20,51,0,7802,8151
2026-09-16 07:54:30,49,0,7802,8151
2026-09-16 07:54:40,48,0,7802,8151
2026-09-16 07:54:50,48,0,7802,8151
2026-09-16 07:55:01,47,0,7802,8151
2026-09-16 07:55:11,47,0,7802,8151
2026-09-16 07:55:21,47,0,7802,8151
2026-09-16 07:55:31,46,0,7802,8151
2026-09-16 07:55:41,49,100,7802,8151
2026-09-16 07:55:52,51,100,7802,8151
2026-09-16 07:56:02,52,100,7802,8151
2026-09-16 07:56:12,53,100,7802,8151
2026-09-16 07:56:22,53,100,7802,8151
2026-09-16 07:56:32,54,100,7802,8151
2026-09-16 07:56:43,61,86,7802,8151
2026-09-16 07:56:53,51,0,7802,8151
2026-09-16 07:57:03,49,0,7802,8151
2026-09-16 07:57:13,49,0,7802,8151
2026-09-16 07:57:23,48,0,7802,8151
2026-09-16 07:57:33,47,0,7802,8151
2026-09-16 07:57:44,46,0,7802,8151
2026-09-16 07:57:54,46,0,7802,8151
2026-09-16 07:58:04,46,0,7802,8151
2026-09-16 07:58:14,46,0,7802,8151
2026-09-16 07:58:24,46,0,7802,8151
2026-09-16 07:58:35,50,100,7802,8151
2026-09-16 07:58:45,51,99,7802,8151
2026-09-16 07:58:55,57,88,7802,8151
2026-09-16 07:59:05,53,99,7802,8151
2026-09-16 07:59:15,55,97,7802,8151
2026-09-16 07:59:25,55,100,7802,8151
2026-09-16 07:59:36,56,94,7802,8151
2026-09-16 07:59:46,56,100,7802,8151
2026-09-16 07:59:56,56,96,7802,8151
2026-09-16 08:00:06,52,0,7802,8151
2026-09-16 08:00:16,51,0,7802,8151
2026-09-16 08:00:27,49,0,7802,8151
2026-09-16 08:00:37,48,0,7802,8151
2026-09-16 08:00:47,48,0,7802,8151
2026-09-16 08:00:57,47,0,7802,8151
2026-09-16 08:01:07,46,0,7802,8151
2026-09-16 08:01:17,46,0,7802,8151
2026-09-16 08:01:28,46,0,7802,8151
2026-09-16 08:01:38,46,0,7802,8151
2026-09-16 08:01:48,46,0,7802,8151
2026-09-16 08:01:58,46,0,7802,8151
2026-09-16 08:02:08,49,100,7802,8151
2026-09-16 08:02:19,51,98,7802,8151
2026-09-16 08:02:29,52,99,7802,8151
2026-09-16 08:02:39,58,100,7802,8151
2026-09-16 08:02:49,54,96,7802,8151
2026-09-16 08:02:59,54,100,7802,8151
2026-09-16 08:03:10,55,100,7802,8151
2026-09-16 08:03:20,56,100,7802,8151
2026-09-16 08:03:30,56,100,7802,8151
2026-09-16 08:03:40,53,0,7802,8151
2026-09-16 08:03:50,51,0,7802,8151
2026-09-16 08:04:01,50,0,7802,8151
2026-09-16 08:04:11,49,0,7802,8151
2026-09-16 08:04:21,48,0,7802,8151
2026-09-16 08:04:31,48,0,7802,8151
2026-09-16 08:04:41,47,0,7802,8151
2026-09-16 08:04:51,47,0,7802,8151
2026-09-16 08:05:02,46,0,7802,8151
2026-09-16 08:05:12,46,0,7802,8151
2026-09-16 08:05:22,46,0,7802,8151
2026-09-16 08:05:32,50,100,7802,8151
2026-09-16 08:05:42,51,100,7802,8151
2026-09-16 08:05:53,49,0,7802,8151
2026-09-16 08:06:03,49,0,7802,8151
2026-09-16 08:06:13,49,0,7802,8151
2026-09-16 08:06:23,49,0,7802,8151
2026-09-16 08:06:33,48,0,7802,8151
2026-09-16 08:06:43,52,100,7802,8151
2026-09-16 08:06:54,53,100,7802,8151
2026-09-16 08:07:04,54,100,7802,8151
2026-09-16 08:07:14,54,100,7802,8151
2026-09-16 08:07:24,55,100,7802,8151
2026-09-16 08:07:34,53,0,7802,8151
2026-09-16 08:07:45,51,0,7802,8151
2026-09-16 08:07:55,50,0,7802,8151
2026-09-16 08:08:05,49,0,7802,8151
2026-09-16 08:08:15,48,0,7802,8151
2026-09-16 08:08:25,48,0,7802,8151
2026-09-16 08:08:36,47,0,7802,8151
2026-09-16 08:08:46,47,0,7802,8151
2026-09-16 08:08:56,50,99,7802,8151
2026-09-16 08:09:06,51,100,7802,8151
2026-09-16 08:09:16,53,98,7802,8151
2026-09-16 08:09:27,55,99,7802,8151
2026-09-16 08:09:37,55,100,7802,8151
2026-09-16 08:09:47,56,100,7802,8151
2026-09-16 08:09:57,56,100,7802,8151
2026-09-16 08:10:07,56,100,7802,8151
2026-09-16 08:10:17,53,0,7802,8151
2026-09-16 08:10:28,51,0,7802,8151
2026-09-16 08:10:38,50,0,7802,8151
2026-09-16 08:10:48,49,0,7802,8151
2026-09-16 08:10:58,48,0,7802,8151
2026-09-16 08:11:08,48,0,7802,8151
2026-09-16 08:11:19,47,0,7802,8151
2026-09-16 08:11:29,47,0,7802,8151
2026-09-16 08:11:39,47,0,7802,8151
2026-09-16 08:11:49,48,0,0,8151
2026-09-16 08:12:01,47,0,0,8151
2026-09-16 08:12:12,47,0,0,8151
2026-09-16 08:12:23,48,0,0,8151
2026-09-16 08:12:34,48,0,0,8151
2026-09-16 08:12:44,47,0,0,8151
2026-09-16 08:12:55,47,0,0,8151
2026-09-16 08:13:06,47,0,0,8151
2026-09-16 08:13:17,46,0,0,8151
2026-09-16 08:13:28,46,0,0,8151
2026-09-16 08:13:38,47,0,0,8151
2026-09-16 08:13:49,47,0,0,8151
2026-09-16 08:14:00,47,0,0,8151
2026-09-16 08:14:11,47,0,0,8151
2026-09-16 08:14:22,47,0,0,8151
2026-09-16 08:14:32,47,0,0,8151
2026-09-16 08:14:43,48,0,0,8151
2026-09-16 08:14:53,48,0,0,8151
2026-09-16 08:15:04,48,0,0,8151
2026-09-16 08:15:15,48,0,0,8151
2026-09-16 08:15:26,48,0,0,8151
2026-09-16 08:15:36,48,0,0,8151
2026-09-16 08:15:47,48,0,0,8151
2026-09-16 08:15:58,47,0,0,8151
2026-09-16 08:16:09,47,0,0,8151
2026-09-16 08:16:19,47,0,0,8151
2026-09-16 08:16:30,48,0,0,8151
2026-09-16 08:16:41,48,0,0,8151
2026-09-16 08:16:52,48,0,0,8151
2026-09-16 08:17:03,48,0,0,8151
2026-09-16 08:17:13,47,0,0,8151
2026-09-16 08:17:24,48,0,0,8151
2026-09-16 08:17:35,48,0,0,8151
2026-09-16 08:17:46,48,0,0,8151
2026-09-16 08:17:57,48,0,0,8151
2026-09-16 08:18:07,48,0,0,8151
2026-09-16 08:18:18,48,0,0,8151
2026-09-16 08:18:29,48,0,0,8151
2026-09-16 08:18:40,48,0,0,8151
2026-09-16 08:18:50,48,0,0,8151
2026-09-16 08:19:01,48,0,0,8151
2026-09-16 08:19:12,48,0,0,8151
2026-09-16 08:19:23,48,0,0,8151
2026-09-16 08:19:34,48,0,0,8151
2026-09-16 08:19:44,48,0,0,8151
2026-09-16 08:19:55,48,0,0,8151
2026-09-16 08:20:06,48,0,0,8151
2026-09-16 08:20:17,48,0,0,8151
2026-09-16 08:20:28,48,0,0,8151
2026-09-16 08:20:38,47,0,0,8151
2026-09-16 08:20:49,48,0,0,8151
2026-09-16 08:21:00,48,0,0,8151
2026-09-16 08:21:11,48,0,0,8151
2026-09-16 08:21:21,48,0,0,8151
2026-09-16 08:21:32,48,0,0,8151
2026-09-16 08:21:43,48,0,0,8151
2026-09-16 08:21:54,48,0,0,8151
2026-09-16 08:22:05,48,0,0,8151
2026-09-16 08:22:15,48,0,0,8151
2026-09-16 08:22:26,48,0,0,8151
2026-09-16 08:22:37,48,0,0,8151
2026-09-16 08:22:48,48,0,0,8151
2026-09-16 08:22:59,49,0,0,8151
2026-09-16 08:23:09,48,0,0,8151
2026-09-16 08:23:20,48,0,0,8151
2026-09-16 08:23:31,48,0,0,8151
2026-09-16 08:23:42,48,0,0,8151
2026-09-16 08:23:53,48,0,0,8151
2026-09-16 08:24:03,48,0,0,8151
2026-09-16 08:24:14,49,0,0,8151
2026-09-16 08:24:25,49,0,0,8151
2026-09-16 08:24:36,49,0,0,8151
2026-09-16 08:24:47,49,0,0,8151
2026-09-16 08:24:57,49,0,0,8151
2026-09-16 08:25:08,49,0,0,8151
2026-09-16 08:25:19,48,0,0,8151
2026-09-16 08:25:30,48,0,0,8151
2026-09-16 08:25:41,48,0,0,8151
2026-09-16 08:25:51,47,0,0,8151
2026-09-16 08:26:02,48,0,0,8151
2026-09-16 08:26:13,48,0,0,8151
2026-09-16 08:26:24,47,0,0,8151
2026-09-16 08:26:34,47,0,0,8151
2026-09-16 08:26:45,47,0,0,8151
2026-09-16 08:26:56,47,0,0,8151
2026-09-16 08:27:07,47,0,0,8151
2026-09-16 08:27:18,47,0,0,8151
2026-09-16 08:27:28,47,0,0,8151
2026-09-16 08:27:39,47,0,0,8151
2026-09-16 08:27:50,47,0,0,8151
2026-09-16 08:28:01,47,0,0,8151
2026-09-16 08:28:12,47,0,0,8151
2026-09-16 08:28:22,47,0,0,8151
2026-09-16 08:28:33,47,0,0,8151
2026-09-16 08:28:44,47,0,0,8151
2026-09-16 08:28:55,48,0,0,8151
2026-09-16 08:29:05,47,0,0,8151
2026-09-16 08:29:16,47,0,0,8151
2026-09-16 08:29:27,48,0,0,8151
2026-09-16 08:29:38,48,0,0,8151
2026-09-16 08:29:49,48,0,0,8151
2026-09-16 08:30:00,48,0,0,8151
2026-09-16 08:30:10,48,0,0,8151
2026-09-16 08:30:21,48,0,0,8151
2026-09-16 08:30:32,48,0,0,8151
2026-09-16 08:30:43,48,0,0,8151
2026-09-16 08:30:54,48,0,0,8151
2026-09-16 08:31:04,48,0,0,8151
2026-09-16 08:31:15,48,0,0,8151
2026-09-16 08:31:26,48,0,0,8151
2026-09-16 08:31:37,48,0,0,8151
2026-09-16 08:31:48,48,0,0,8151
2026-09-16 08:31:59,48,0,0,8151
2026-09-16 08:32:09,48,0,0,8151
2026-09-16 08:32:20,48,0,0,8151
2026-09-16 08:32:31,48,0,0,8151
2026-09-16 08:32:42,48,0,0,8151
2026-09-16 08:32:52,49,0,0,8151
2026-09-16 08:33:03,48,0,0,8151
2026-09-16 08:33:14,48,0,0,8151
2026-09-16 08:33:24,48,0,0,8151
2026-09-16 08:33:35,48,0,0,8151
2026-09-16 08:33:46,48,0,0,8151
2026-09-16 08:33:57,48,0,0,8151
2026-09-16 08:34:08,48,0,0,8151
2026-09-16 08:34:18,48,0,0,8151
2026-09-16 08:34:29,48,0,0,8151
2026-09-16 08:34:40,48,0,0,8151
2026-09-16 08:34:51,48,0,0,8151
2026-09-16 08:35:02,48,0,0,8151
2026-09-16 08:35:12,48,0,0,8151
2026-09-16 08:35:23,49,0,0,8151
2026-09-16 08:35:34,48,0,0,8151
2026-09-16 08:35:45,48,0,0,8151
2026-09-16 08:35:55,48,0,0,8151
2026-09-16 08:36:06,48,0,0,8151
2026-09-16 08:36:17,48,0,0,8151
2026-09-16 08:36:28,49,0,0,8151
2026-09-16 08:36:39,49,0,0,8151
2026-09-16 08:36:49,48,0,0,8151
2026-09-16 08:37:00,48,0,0,8151
2026-09-16 08:37:11,48,0,0,8151
2026-09-16 08:37:22,48,0,0,8151
2026-09-16 08:37:33,48,0,0,8151
2026-09-16 08:37:43,48,0,0,8151
2026-09-16 08:37:54,48,0,0,8151
2026-09-16 08:38:05,48,0,0,8151
2026-09-16 08:38:16,47,0,0,8151
2026-09-16 08:38:27,48,0,0,8151
2026-09-16 08:38:37,47,0,0,8151
2026-09-16 08:38:48,48,0,0,8151
2026-09-16 08:38:59,48,0,0,8151
2026-09-16 08:39:10,48,0,0,8151
2026-09-16 08:39:21,48,0,0,8151
2026-09-16 08:39:31,48,0,0,8151
2026-09-16 08:39:42,48,0,0,8151
2026-09-16 08:39:53,48,0,0,8151
2026-09-16 08:40:04,48,0,0,8151
2026-09-16 08:40:14,48,0,0,8151
2026-09-16 08:40:25,48,0,0,8151
2026-09-16 08:40:36,48,0,0,8151
2026-09-16 08:40:47,48,0,0,8151
2026-09-16 08:40:58,48,0,0,8151
2026-09-16 08:41:08,48,0,0,8151
2026-09-16 08:41:19,48,0,0,8151
2026-09-16 08:41:30,48,0,0,8151
2026-09-16 08:41:41,48,0,0,8151
2026-09-16 08:41:52,48,0,0,8151
2026-09-16 08:42:02,48,0,0,8151
2026-09-16 08:42:13,48,0,0,8151
2026-09-16 08:42:24,48,0,0,8151
2026-09-16 08:42:35,48,0,0,8151
2026-09-16 08:42:46,48,0,0,8151
2026-09-16 08:42:56,48,0,0,8151
2026-09-16 08:43:07,48,0,0,8151
2026-09-16 08:43:18,48,0,0,8151
2026-09-16 08:43:29,48,0,0,8151
2026-09-16 08:43:40,48,0,0,8151
2026-09-16 08:43:50,48,0,0,8151
2026-09-16 08:44:01,48,0,0,8151
2026-09-16 08:44:12,48,0,0,8151
2026-09-16 08:44:23,48,0,0,8151
2026-09-16 08:44:34,48,0,0,8151
2026-09-16 08:44:45,48,0,0,8151
2026-09-16 08:44:55,48,0,0,8151
2026-09-16 08:45:06,47,0,0,8151
2026-09-16 08:45:17,48,0,0,8151
2026-09-16 08:45:28,48,0,0,8151
2026-09-16 08:45:39,47,0,0,8151
2026-09-16 08:45:49,47,0,0,8151
2026-09-16 08:46:00,48,0,0,8151
2026-09-16 08:46:11,48,0,0,8151
2026-09-16 08:46:22,48,0,0,8151
2026-09-16 08:46:33,48,0,0,8151
2026-09-16 08:46:43,48,0,0,8151
2026-09-16 08:46:54,48,0,0,8151
2026-09-16 08:47:05,47,0,0,8151
2026-09-16 08:47:16,47,0,0,8151
2026-09-16 08:47:27,48,0,0,8151
2026-09-16 08:47:38,48,0,0,8151
2026-09-16 08:47:48,48,0,0,8151
2026-09-16 08:47:59,48,0,0,8151
2026-09-16 08:48:10,48,0,0,8151
2026-09-16 08:48:21,48,0,0,8151
2026-09-16 08:48:32,47,0,0,8151
2026-09-16 08:48:43,47,0,0,8151
2026-09-16 08:48:53,48,0,0,8151
2026-09-16 08:49:04,47,0,0,8151
2026-09-16 08:49:15,47,0,0,8151
2026-09-16 08:49:26,47,0,0,8151
2026-09-16 08:49:37,47,0,0,8151
2026-09-16 08:49:47,48,0,0,8151
2026-09-16 08:49:58,48,0,0,8151
2026-09-16 08:50:09,48,0,0,8151
2026-09-16 08:50:20,48,0,0,8151
2026-09-16 08:50:31,47,0,0,8151
2026-09-16 08:50:41,47,0,0,8151
2026-09-16 08:50:52,48,0,0,8151
2026-09-16 08:51:03,48,0,0,8151
2026-09-16 08:51:14,48,0,0,8151
2026-09-16 08:51:25,48,0,0,8151
2026-09-16 08:51:36,47,0,0,8151
2026-09-16 08:51:46,47,0,0,8151
2026-09-16 08:51:57,47,0,0,8151
2026-09-16 08:52:08,47,0,0,8151
2026-09-16 08:52:19,47,0,0,8151
2026-09-16 08:52:30,47,0,0,8151
2026-09-16 08:52:40,47,0,0,8151
2026-09-16 08:52:51,47,0,0,8151
2026-09-16 08:53:02,47,0,0,8151
2026-09-16 08:53:13,47,0,0,8151
2026-09-16 08:53:24,47,0,0,8151
2026-09-16 08:53:34,47,0,0,8151
2026-09-16 08:53:45,47,0,0,8151
2026-09-16 08:53:56,47,0,0,8151
2026-09-16 08:54:07,47,0,0,8151
2026-09-16 08:54:18,47,0,0,8151
2026-09-16 08:54:29,47,0,0,8151
2026-09-16 08:54:39,47,0,0,8151
2026-09-16 08:54:50,47,0,0,8151
2026-09-16 08:55:01,48,0,0,8151
2026-09-16 08:55:12,48,0,0,8151
2026-09-16 08:55:23,48,0,0,8151
2026-09-16 08:55:34,47,0,0,8151
2026-09-16 08:55:44,47,0,0,8151
2026-09-16 08:55:55,47,0,0,8151
2026-09-16 08:56:06,47,0,0,8151
2026-09-16 08:56:17,47,0,0,8151
2026-09-16 08:56:28,47,0,0,8151
2026-09-16 08:56:39,47,0,0,8151
2026-09-16 08:56:50,47,0,0,8151
2026-09-16 08:57:00,47,0,0,8151
2026-09-16 08:57:11,48,0,0,8151
2026-09-16 08:57:22,48,0,0,8151
2026-09-16 08:57:33,48,0,0,8151
2026-09-16 08:57:44,48,0,0,8151
2026-09-16 08:57:54,47,0,0,8151
2026-09-16 08:58:05,47,0,0,8151
2026-09-16 08:58:16,47,0,0,8151
2026-09-16 08:58:27,47,0,0,8151
2026-09-16 08:58:38,47,0,0,8151
2026-09-16 08:58:49,47,0,0,8151
2026-09-16 08:58:59,48,0,0,8151
2026-09-16 08:59:10,48,0,0,8151
2026-09-16 08:59:21,48,0,0,8151
2026-09-16 08:59:32,47,0,0,8151
2026-09-16 08:59:43,47,0,0,8151
2026-09-16 08:59:53,47,0,0,8151
2026-09-16 09:00:04,47,0,0,8151
2026-09-16 09:00:15,48,0,0,8151
2026-09-16 09:00:26,48,0,0,8151
2026-09-16 09:00:37,48,0,0,8151
2026-09-16 09:00:47,48,0,0,8151
2026-09-16 09:00:58,47,0,0,8151
2026-09-16 09:01:09,47,0,0,8151
2026-09-16 09:01:20,48,0,0,8151
2026-09-16 09:01:31,48,0,0,8151
2026-09-16 09:01:42,48,0,0,8151
2026-09-16 09:01:52,48,0,0,8151
2026-09-16 09:02:03,47,0,0,8151
2026-09-16 09:02:14,48,0,0,8151
2026-09-16 09:02:25,48,0,0,8151
2026-09-16 09:02:36,48,0,0,8151
2026-09-16 09:02:46,47,0,0,8151
2026-09-16 09:02:57,47,0,0,8151
2026-09-16 09:03:08,47,0,0,8151
2026-09-16 09:03:19,47,0,0,8151
2026-09-16 09:03:30,47,0,0,8151
2026-09-16 09:03:41,47,0,0,8151
2026-09-16 09:03:51,48,0,0,8151
2026-09-16 09:04:02,48,0,0,8151
2026-09-16 09:04:13,47,0,0,8151
2026-09-16 09:04:24,48,0,0,8151
2026-09-16 09:04:35,47,0,0,8151
2026-09-16 09:04:46,47,0,0,8151
2026-09-16 09:04:56,47,0,0,8151
2026-09-16 09:05:07,47,0,0,8151
2026-09-16 09:05:18,47,0,0,8151
2026-09-16 09:05:29,48,0,0,8151
2026-09-16 09:05:40,48,0,0,8151
2026-09-16 09:05:51,47,0,0,8151
2026-09-16 09:06:01,47,0,0,8151
2026-09-16 09:06:12,47,0,0,8151
2026-09-16 09:06:23,47,0,0,8151
2026-09-16 09:06:34,47,0,0,8151
2026-09-16 09:06:45,47,0,0,8151
2026-09-16 09:06:56,47,0,0,8151
2026-09-16 09:07:07,47,0,0,8151
2026-09-16 09:07:17,47,0,0,8151
2026-09-16 09:07:28,48,0,0,8151
2026-09-16 09:07:39,48,0,0,8151
2026-09-16 09:07:50,48,0,0,8151
2026-09-16 09:08:01,48,0,0,8151
2026-09-16 09:08:11,47,0,0,8151
2026-09-16 09:08:22,47,0,0,8151
2026-09-16 09:08:33,48,0,0,8151
2026-09-16 09:08:44,48,0,0,8151
2026-09-16 09:08:55,48,0,0,8151
2026-09-16 09:09:06,48,0,0,8151
2026-09-16 09:09:16,48,0,0,8151
2026-09-16 09:09:27,47,0,0,8151
2026-09-16 09:09:38,48,0,0,8151
2026-09-16 09:09:49,48,0,0,8151
2026-09-16 09:10:00,47,0,0,8151
2026-09-16 09:10:11,47,0,0,8151
2026-09-16 09:10:21,47,0,0,8151
2026-09-16 09:10:32,48,0,0,8151
2026-09-16 09:10:43,47,0,0,8151
2026-09-16 09:10:54,47,0,0,8151
2026-09-16 09:11:05,47,0,0,8151
2026-09-16 09:11:15,47,0,0,8151
2026-09-16 09:11:26,47,0,0,8151
2026-09-16 09:11:37,48,0,0,8151
2026-09-16 09:11:48,48,0,0,8151
2026-09-16 09:11:59,48,0,0,8151
2026-09-16 09:12:10,48,0,0,8151
2026-09-16 09:12:21,47,0,0,8151
2026-09-16 09:12:31,47,0,0,8151
2026-09-16 09:12:42,48,0,0,8151
2026-09-16 09:12:53,48,0,0,8151
2026-09-16 09:13:04,48,0,0,8151
2026-09-16 09:13:14,48,0,0,8151
2026-09-16 09:13:25,47,0,0,8151
2026-09-16 09:13:36,47,0,0,8151
2026-09-16 09:13:47,48,0,0,8151
2026-09-16 09:13:58,47,0,0,8151
2026-09-16 09:14:08,47,0,0,8151
2026-09-16 09:14:19,47,0,0,8151
2026-09-16 09:14:30,47,0,0,8151
2026-09-16 09:14:41,47,0,0,8151
2026-09-16 09:14:51,48,0,0,8151
2026-09-16 09:15:02,48,0,0,8151
2026-09-16 09:15:13,48,0,0,8151
2026-09-16 09:15:24,48,0,0,8151
2026-09-16 09:15:35,48,0,0,8151
2026-09-16 09:15:45,48,0,0,8151
2026-09-16 09:15:56,47,0,0,8151
2026-09-16 09:16:07,47,0,0,8151
2026-09-16 09:16:18,47,0,0,8151
2026-09-16 09:16:28,47,0,0,8151
2026-09-16 09:16:39,48,0,0,8151
2026-09-16 09:16:50,48,0,0,8151
2026-09-16 09:17:01,48,0,0,8151
2026-09-16 09:17:12,48,0,0,8151
2026-09-16 09:17:22,47,0,0,8151
2026-09-16 09:17:33,47,0,0,8151
2026-09-16 09:17:44,47,0,0,8151
2026-09-16 09:17:55,48,0,0,8151
2026-09-16 09:18:06,48,0,0,8151
2026-09-16 09:18:16,48,0,0,8151
2026-09-16 09:18:27,48,0,0,8151
2026-09-16 09:18:38,48,0,0,8151
2026-09-16 09:18:49,48,0,0,8151
2026-09-16 09:18:59,48,0,0,8151
2026-09-16 09:19:10,48,0,0,8151
2026-09-16 09:19:21,48,0,0,8151
2026-09-16 09:19:32,48,0,0,8151
2026-09-16 09:19:43,47,0,0,8151
2026-09-16 09:19:53,48,0,0,8151
2026-09-16 09:20:04,48,0,0,8151
2026-09-16 09:20:15,48,0,0,8151
2026-09-16 09:20:26,47,0,0,8151
2026-09-16 09:20:36,47,0,0,8151
2026-09-16 09:20:47,47,0,0,8151
2026-09-16 09:20:58,48,0,0,8151
2026-09-16 09:21:09,47,0,0,8151
2026-09-16 09:21:19,47,0,0,8151
2026-09-16 09:21:30,47,0,0,8151
2026-09-16 09:21:41,47,0,0,8151
2026-09-16 09:21:52,47,0,0,8151
2026-09-16 09:22:03,48,0,0,8151
2026-09-16 09:22:14,47,0,0,8151
2026-09-16 09:22:24,47,0,0,8151
2026-09-16 09:22:35,47,0,0,8151
2026-09-16 09:22:46,47,0,0,8151
2026-09-16 09:22:57,47,0,0,8151
2026-09-16 09:23:07,47,0,0,8151
2026-09-16 09:23:18,47,0,0,8151
2026-09-16 09:23:29,47,0,0,8151
2026-09-16 09:23:40,47,0,0,8151
2026-09-16 09:23:51,47,0,0,8151
2026-09-16 09:24:01,48,0,0,8151
2026-09-16 09:24:12,47,0,0,8151
2026-09-16 09:24:23,47,0,0,8151
2026-09-16 09:24:34,47,0,0,8151
2026-09-16 09:24:45,47,0,0,8151
2026-09-16 09:24:55,47,0,0,8151
2026-09-16 09:25:06,48,0,0,8151
2026-09-16 09:25:17,48,0,0,8151
2026-09-16 09:25:28,48,0,0,8151
2026-09-16 09:25:38,48,0,0,8151
2026-09-16 09:25:49,48,0,0,8151
2026-09-16 09:26:00,47,0,0,8151
2026-09-16 09:26:11,48,0,0,8151
2026-09-16 09:26:22,48,0,0,8151
2026-09-16 09:26:32,48,0,0,8151
2026-09-16 09:26:43,48,0,0,8151
2026-09-16 09:26:54,48,0,0,8151
2026-09-16 09:27:05,48,0,0,8151
2026-09-16 09:27:16,48,0,0,8151
2026-09-16 09:27:26,48,0,0,8151
2026-09-16 09:27:37,47,0,0,8151
2026-09-16 09:27:48,47,0,0,8151
2026-09-16 09:27:59,47,0,0,8151
2026-09-16 09:28:10,47,0,0,8151
2026-09-16 09:28:20,47,0,0,8151
2026-09-16 09:28:31,47,0,0,8151
2026-09-16 09:28:41,47,0,0,8151
2026-09-16 09:28:52,47,0,0,8151
2026-09-16 09:29:03,47,0,0,8151
2026-09-16 09:29:14,48,0,0,8151
2026-09-16 09:29:25,48,0,0,8151
2026-09-16 09:29:35,48,0,0,8151
2026-09-16 09:29:46,48,0,0,8151
2026-09-16 09:29:57,48,0,0,8151
2026-09-16 09:30:08,48,0,0,8151
2026-09-16 09:30:19,48,0,0,8151
2026-09-16 09:30:30,48,0,0,8151
2026-09-16 09:30:40,48,0,0,8151
2026-09-16 09:30:51,48,0,0,8151
2026-09-16 09:31:02,47,0,0,8151
2026-09-16 09:31:13,48,0,0,8151
2026-09-16 09:31:24,48,0,0,8151
2026-09-16 09:31:34,48,0,0,8151
2026-09-16 09:31:45,47,0,0,8151
2026-09-16 09:31:56,47,0,0,8151
2026-09-16 09:32:07,48,0,0,8151
2026-09-16 09:32:18,48,0,0,8151
2026-09-16 09:32:29,48,0,0,8151
2026-09-16 09:32:39,48,0,0,8151
2026-09-16 09:32:50,48,0,0,8151
2026-09-16 09:33:01,48,0,0,8151
2026-09-16 09:33:12,48,0,0,8151
2026-09-16 09:33:23,48,0,0,8151
2026-09-16 09:33:33,48,0,0,8151
2026-09-16 09:33:44,48,0,0,8151
2026-09-16 09:33:55,48,0,0,8151
2026-09-16 09:34:06,48,0,0,8151
2026-09-16 09:34:17,48,0,0,8151
2026-09-16 09:34:28,48,0,0,8151
2026-09-16 09:34:38,48,0,0,8151
2026-09-16 09:34:49,48,0,0,8151
2026-09-16 09:35:00,48,0,0,8151
2026-09-16 09:35:11,48,0,0,8151
2026-09-16 09:35:22,48,0,0,8151
2026-09-16 09:35:32,48,0,0,8151
2026-09-16 09:35:43,48,0,0,8151
2026-09-16 09:35:54,48,0,0,8151
2026-09-16 09:36:05,48,0,0,8151
2026-09-16 09:36:16,48,0,0,8151
2026-09-16 09:36:27,48,0,0,8151
2026-09-16 09:36:37,48,0,0,8151
2026-09-16 09:36:48,48,0,0,8151
2026-09-16 09:36:59,48,0,0,8151
2026-09-16 09:37:10,48,0,0,8151
2026-09-16 09:37:21,48,0,0,8151
2026-09-16 09:37:31,48,0,0,8151
2026-09-16 09:37:42,48,0,0,8151
2026-09-16 09:37:53,48,0,0,8151
2026-09-16 09:38:04,48,0,0,8151
2026-09-16 09:38:15,48,0,0,8151
2026-09-16 09:38:26,48,0,0,8151
2026-09-16 09:38:37,48,0,0,8151
2026-09-16 09:38:47,48,0,0,8151
2026-09-16 09:38:58,48,0,0,8151
2026-09-16 09:39:09,48,0,0,8151
2026-09-16 09:39:20,48,0,0,8151
2026-09-16 09:39:31,48,0,0,8151
2026-09-16 09:39:42,48,0,0,8151
2026-09-16 09:39:52,48,0,0,8151
2026-09-16 09:40:03,48,0,0,8151
2026-09-16 09:40:14,48,0,0,8151
2026-09-16 09:40:25,48,0,0,8151
2026-09-16 09:40:36,48,0,0,8151
2026-09-16 09:40:47,48,0,0,8151
2026-09-16 09:40:57,48,0,0,8151
2026-09-16 09:41:08,48,0,0,8151
2026-09-16 09:41:19,48,0,0,8151
2026-09-16 09:41:30,48,0,0,8151
2026-09-16 09:41:41,49,0,0,8151
2026-09-16 09:41:52,48,0,0,8151
2026-09-16 09:42:02,48,0,0,8151
2026-09-16 09:42:13,48,0,0,8151
2026-09-16 09:42:24,48,0,0,8151
2026-09-16 09:42:35,48,0,0,8151
2026-09-16 09:42:46,48,0,0,8151
2026-09-16 09:42:57,48,0,0,8151
2026-09-16 09:43:07,48,0,0,8151
2026-09-16 09:43:18,48,0,0,8151
2026-09-16 09:43:29,48,0,0,8151
2026-09-16 09:43:40,48,0,0,8151
2026-09-16 09:43:51,48,0,0,8151
2026-09-16 09:44:02,48,0,0,8151
2026-09-16 09:44:12,49,0,0,8151
2026-09-16 09:44:23,48,0,0,8151
2026-09-16 09:44:34,48,0,0,8151
2026-09-16 09:44:45,49,0,0,8151
2026-09-16 09:44:56,49,0,0,8151
2026-09-16 09:45:06,48,0,0,8151
2026-09-16 09:45:17,48,0,0,8151
2026-09-16 09:45:28,48,0,0,8151
2026-09-16 09:45:39,48,0,0,8151
2026-09-16 09:45:50,48,0,0,8151
2026-09-16 09:46:01,48,0,0,8151
2026-09-16 09:46:11,48,0,0,8151
2026-09-16 09:46:22,48,0,0,8151
2026-09-16 09:46:33,48,0,0,8151
2026-09-16 09:46:44,48,0,0,8151
2026-09-16 09:46:55,48,0,0,8151
2026-09-16 09:47:06,48,0,0,8151
2026-09-16 09:47:17,48,0,0,8151
2026-09-16 09:47:27,49,0,0,8151
2026-09-16 09:47:38,49,0,0,8151
2026-09-16 09:47:49,49,0,0,8151
2026-09-16 09:48:00,49,0,0,8151
2026-09-16 09:48:11,48,0,0,8151
2026-09-16 09:48:21,48,0,0,8151
2026-09-16 09:48:32,48,0,0,8151
2026-09-16 09:48:43,48,0,0,8151
2026-09-16 09:48:54,48,0,0,8151
2026-09-16 09:49:05,48,0,0,8151
2026-09-16 09:49:16,48,0,0,8151
2026-09-16 09:49:27,48,0,0,8151
2026-09-16 09:49:37,49,0,0,8151
2026-09-16 09:49:48,49,0,0,8151
2026-09-16 09:49:59,49,0,0,8151
2026-09-16 09:50:10,49,0,0,8151
2026-09-16 09:50:21,49,0,0,8151
2026-09-16 09:50:31,49,0,0,8151
2026-09-16 09:50:42,48,0,0,8151
2026-09-16 09:50:53,48,0,0,8151
2026-09-16 09:51:04,48,0,0,8151
2026-09-16 09:51:15,48,0,0,8151
2026-09-16 09:51:26,48,0,0,8151
2026-09-16 09:51:36,48,0,0,8151
2026-09-16 09:51:47,47,0,0,8151
2026-09-16 09:51:58,47,0,0,8151
2026-09-16 09:52:09,47,0,0,8151
2026-09-16 09:52:20,48,0,0,8151
2026-09-16 09:52:31,48,0,0,8151
2026-09-16 09:52:41,47,0,0,8151
2026-09-16 09:52:52,48,0,0,8151
2026-09-16 09:53:03,48,0,0,8151
2026-09-16 09:53:14,48,0,0,8151
2026-09-16 09:53:25,48,0,0,8151
2026-09-16 09:53:35,48,0,0,8151
2026-09-16 09:53:46,48,0,0,8151
2026-09-16 09:53:57,48,0,0,8151
2026-09-16 09:54:08,48,0,0,8151
2026-09-16 09:54:19,48,0,0,8151
2026-09-16 09:54:30,48,0,0,8151
2026-09-16 09:54:41,48,0,0,8151
2026-09-16 09:54:51,48,0,0,8151
2026-09-16 09:55:02,48,0,0,8151
2026-09-16 09:55:13,49,0,0,8151
2026-09-16 09:55:24,48,0,0,8151
2026-09-16 09:55:35,48,0,0,8151
2026-09-16 09:55:46,48,0,0,8151
2026-09-16 09:55:56,48,0,0,8151
2026-09-16 09:56:07,48,0,0,8151
2026-09-16 09:56:18,48,0,0,8151
2026-09-16 09:56:29,48,0,0,8151
2026-09-16 09:56:40,48,0,0,8151
2026-09-16 09:56:51,48,0,0,8151
2026-09-16 09:57:01,48,0,0,8151
2026-09-16 09:57:12,48,0,0,8151
2026-09-16 09:57:23,49,0,0,8151
2026-09-16 09:57:34,49,0,0,8151
2026-09-16 09:57:45,48,0,0,8151
2026-09-16 09:57:55,48,0,0,8151
2026-09-16 09:58:06,48,0,0,8151
2026-09-16 09:58:17,49,0,0,8151
2026-09-16 09:58:28,49,0,0,8151
2026-09-16 09:58:39,49,0,0,8151
2026-09-16 09:58:49,49,0,0,8151
2026-09-16 09:59:00,48,0,0,8151
2026-09-16 09:59:11,48,0,0,8151
2026-09-16 09:59:22,49,0,0,8151
2026-09-16 09:59:33,49,0,0,8151
2026-09-16 09:59:44,49,0,0,8151
2026-09-16 09:59:54,49,0,0,8151
2026-09-16 10:00:05,49,0,0,8151
2026-09-16 10:00:16,48,0,0,8151
2026-09-16 10:00:27,48,0,0,8151
2026-09-16 10:00:38,48,0,0,8151
2026-09-16 10:00:49,48,0,0,8151
2026-09-16 10:01:00,48,0,0,8151
2026-09-16 10:01:10,49,0,0,8151
2026-09-16 10:01:21,49,0,0,8151
2026-09-16 10:01:32,49,0,0,8151
2026-09-16 10:01:43,49,0,0,8151
2026-09-16 10:01:54,48,0,0,8151
2026-09-16 10:02:04,48,0,0,8151
2026-09-16 10:02:15,48,0,0,8151
2026-09-16 10:02:26,48,0,0,8151
2026-09-16 10:02:37,48,0,0,8151
2026-09-16 10:02:48,48,0,0,8151
2026-09-16 10:02:59,48,0,0,8151
2026-09-16 10:03:09,48,0,0,8151
2026-09-16 10:03:20,48,0,0,8151
2026-09-16 10:03:31,49,0,0,8151
2026-09-16 10:03:42,49,0,0,8151
2026-09-16 10:03:53,49,0,0,8151
2026-09-16 10:04:04,49,0,0,8151
2026-09-16 10:04:14,49,0,0,8151
2026-09-16 10:04:25,49,0,0,8151
2026-09-16 10:04:36,49,0,0,8151
2026-09-16 10:04:47,49,0,0,8151
2026-09-16 10:04:58,49,0,0,8151
2026-09-16 10:05:08,49,0,0,8151
2026-09-16 10:05:19,49,0,0,8151
2026-09-16 10:05:30,49,0,0,8151
2026-09-16 10:05:41,49,0,0,8151
2026-09-16 10:05:52,49,0,0,8151
2026-09-16 10:06:03,48,0,0,8151
2026-09-16 10:06:13,49,0,0,8151
2026-09-16 10:06:24,48,0,0,8151
2026-09-16 10:06:35,49,0,0,8151
2026-09-16 10:06:46,49,0,0,8151
2026-09-16 10:06:57,49,0,0,8151
2026-09-16 10:07:08,49,0,0,8151
2026-09-16 10:07:18,49,0,0,8151
2026-09-16 10:07:29,49,0,0,8151
2026-09-16 10:07:40,49,0,0,8151
2026-09-16 10:07:51,49,0,0,8151
2026-09-16 10:08:02,49,0,0,8151
2026-09-16 10:08:13,48,0,0,8151
2026-09-16 10:08:23,48,0,0,8151
2026-09-16 10:08:34,48,0,0,8151
2026-09-16 10:08:45,48,0,0,8151
2026-09-16 10:08:56,48,0,0,8151
2026-09-16 10:09:07,48,0,0,8151
2026-09-16 10:09:17,48,0,0,8151
2026-09-16 10:09:28,47,0,0,8151
2026-09-16 10:09:39,47,0,0,8151
2026-09-16 10:09:50,48,0,0,8151
2026-09-16 10:10:01,48,0,0,8151
2026-09-16 10:10:12,48,0,0,8151
2026-09-16 10:10:22,48,0,0,8151
2026-09-16 10:10:33,48,0,0,8151
2026-09-16 10:10:44,48,0,0,8151
2026-09-16 10:10:55,48,0,0,8151
2026-09-16 10:11:06,48,0,0,8151
2026-09-16 10:11:17,48,0,0,8151
2026-09-16 10:11:27,48,0,0,8151
2026-09-16 10:11:38,47,0,0,8151
2026-09-16 10:11:49,48,0,0,8151
2026-09-16 10:12:00,48,0,0,8151
2026-09-16 10:12:11,47,0,0,8151
2026-09-16 10:12:22,47,0,0,8151
2026-09-16 10:12:33,47,0,0,8151
2026-09-16 10:12:43,47,0,0,8151
2026-09-16 10:12:54,48,0,0,8151
2026-09-16 10:13:05,48,0,0,8151
2026-09-16 10:13:16,48,0,0,8151
2026-09-16 10:13:27,48,0,0,8151
2026-09-16 10:13:37,49,0,0,8151
2026-09-16 10:13:48,49,0,0,8151
2026-09-16 10:13:59,49,0,0,8151
2026-09-16 10:14:10,49,0,0,8151
2026-09-16 10:14:20,48,0,0,8151
2026-09-16 10:14:31,48,0,0,8151
2026-09-16 10:14:42,49,0,0,8151
2026-09-16 10:14:53,49,0,0,8151
2026-09-16 10:15:04,49,0,0,8151
2026-09-16 10:15:14,49,0,0,8151
2026-09-16 10:15:25,49,0,0,8151
2026-09-16 10:15:36,48,0,0,8151
2026-09-16 10:15:47,48,0,0,8151
2026-09-16 10:15:58,49,0,0,8151
2026-09-16 10:16:08,49,0,0,8151
2026-09-16 10:16:19,49,0,0,8151
2026-09-16 10:16:30,49,0,0,8151
2026-09-16 10:16:41,49,0,0,8151
2026-09-16 10:16:52,49,0,0,8151
2026-09-16 10:17:02,49,0,0,8151
2026-09-16 10:17:13,48,0,0,8151
2026-09-16 10:17:24,49,0,0,8151
2026-09-16 10:17:35,49,0,0,8151
2026-09-16 10:17:45,49,0,0,8151
2026-09-16 10:17:56,49,0,0,8151
2026-09-16 10:18:07,49,0,0,8151
2026-09-16 10:18:18,49,0,0,8151
2026-09-16 10:18:29,48,0,0,8151
2026-09-16 10:18:39,48,0,0,8151
2026-09-16 10:18:50,48,0,0,8151
2026-09-16 10:19:01,48,0,0,8151
2026-09-16 10:19:12,48,0,0,8151
2026-09-16 10:19:23,48,0,0,8151
2026-09-16 10:19:33,48,0,0,8151
2026-09-16 10:19:44,49,0,0,8151
2026-09-16 10:19:55,49,0,0,8151
2026-09-16 10:20:06,49,0,0,8151
2026-09-16 10:20:17,49,0,0,8151
2026-09-16 10:20:27,49,0,0,8151
2026-09-16 10:20:38,48,0,0,8151
2026-09-16 10:20:49,48,0,0,8151
2026-09-16 10:21:00,48,0,0,8151
2026-09-16 10:21:10,49,0,0,8151
2026-09-16 10:21:21,49,0,0,8151
2026-09-16 10:21:32,49,0,0,8151
2026-09-16 10:21:43,49,0,0,8151
2026-09-16 10:21:54,49,0,0,8151
2026-09-16 10:22:04,49,0,0,8151
2026-09-16 10:22:15,49,0,0,8151
2026-09-16 10:22:26,49,0,0,8151
2026-09-16 10:22:37,49,0,0,8151
2026-09-16 10:22:48,49,0,0,8151
2026-09-16 10:22:58,48,0,0,8151
2026-09-16 10:23:09,48,0,0,8151
2026-09-16 10:23:20,48,0,0,8151
2026-09-16 10:23:31,48,0,0,8151
2026-09-16 10:23:41,48,0,0,8151
2026-09-16 10:23:52,49,0,0,8151
2026-09-16 10:24:03,49,0,0,8151
2026-09-16 10:24:14,49,0,0,8151
2026-09-16 10:24:25,49,0,0,8151
2026-09-16 10:24:35,49,0,0,8151
2026-09-16 10:24:46,48,0,0,8151
2026-09-16 10:24:57,48,0,0,8151
2026-09-16 10:25:08,48,0,0,8151
2026-09-16 10:25:19,48,0,0,8151
2026-09-16 10:25:29,48,0,0,8151
2026-09-16 10:25:40,48,0,0,8151
2026-09-16 10:25:51,48,0,0,8151
2026-09-16 10:26:02,48,0,0,8151
2026-09-16 10:26:13,48,0,0,8151
2026-09-16 10:26:23,48,0,0,8151
2026-09-16 10:26:34,47,0,0,8151
2026-09-16 10:26:45,48,0,0,8151
2026-09-16 10:26:56,48,0,0,8151
2026-09-16 10:27:07,48,0,0,8151
2026-09-16 10:27:18,48,0,0,8151
2026-09-16 10:27:28,48,0,0,8151
2026-09-16 10:27:39,48,0,0,8151
2026-09-16 10:27:50,48,0,0,8151
2026-09-16 10:28:01,48,0,0,8151
2026-09-16 10:28:12,48,0,0,8151
2026-09-16 10:28:22,48,0,0,8151
2026-09-16 10:28:33,48,0,0,8151
2026-09-16 10:28:44,48,0,0,8151
2026-09-16 10:28:55,47,0,0,8151
2026-09-16 10:29:06,48,0,0,8151
2026-09-16 10:29:16,48,0,0,8151
2026-09-16 10:29:27,47,0,0,8151
2026-09-16 10:29:38,47,0,0,8151
2026-09-16 10:29:49,48,0,0,8151
2026-09-16 10:30:00,48,0,0,8151
2026-09-16 10:30:11,48,0,0,8151
2026-09-16 10:30:21,48,0,0,8151
2026-09-16 10:30:32,48,0,0,8151
2026-09-16 10:30:43,48,0,0,8151
2026-09-16 10:30:54,47,0,0,8151
2026-09-16 10:31:05,47,0,0,8151
2026-09-16 10:31:15,47,0,0,8151
2026-09-16 10:31:26,48,0,0,8151
2026-09-16 10:31:37,48,0,0,8151
2026-09-16 10:31:48,48,0,0,8151
2026-09-16 10:31:59,48,0,0,8151
2026-09-16 10:32:10,48,0,0,8151
2026-09-16 10:32:20,48,0,0,8151
2026-09-16 10:32:31,48,0,0,8151
2026-09-16 10:32:42,48,0,0,8151
2026-09-16 10:32:53,48,0,0,8151
2026-09-16 10:33:04,48,0,0,8151
2026-09-16 10:33:15,48,0,0,8151
2026-09-16 10:33:25,49,0,0,8151
2026-09-16 10:33:36,49,0,0,8151
2026-09-16 10:33:47,48,0,0,8151
2026-09-16 10:33:58,49,0,0,8151
2026-09-16 10:34:09,49,0,0,8151
2026-09-16 10:34:19,49,0,0,8151
2026-09-16 10:34:30,49,0,0,8151
2026-09-16 10:34:41,49,0,0,8151
2026-09-16 10:34:52,49,0,0,8151
2026-09-16 10:35:03,49,0,0,8151
2026-09-16 10:35:14,50,0,0,8151
2026-09-16 10:35:24,49,0,0,8151
2026-09-16 10:35:35,49,0,0,8151
2026-09-16 10:35:46,48,0,0,8151
2026-09-16 10:35:57,48,0,0,8151
2026-09-16 10:36:08,48,0,0,8151
2026-09-16 10:36:19,47,0,0,8151
2026-09-16 10:36:29,48,0,0,8151
2026-09-16 10:36:40,48,0,0,8151
2026-09-16 10:36:51,48,0,0,8151
2026-09-16 10:37:02,48,0,0,8151
2026-09-16 10:37:13,48,0,0,8151
2026-09-16 10:37:24,48,0,0,8151
2026-09-16 10:37:34,48,0,0,8151
2026-09-16 10:37:45,48,0,0,8151
2026-09-16 10:37:56,48,0,0,8151
2026-09-16 10:38:07,48,0,0,8151
2026-09-16 10:38:18,48,0,0,8151
2026-09-16 10:38:28,48,0,0,8151
2026-09-16 10:38:39,47,0,0,8151
2026-09-16 10:38:50,48,0,0,8151
2026-09-16 10:39:01,48,0,0,8151
2026-09-16 10:39:12,48,0,0,8151
2026-09-16 10:39:23,48,0,0,8151
2026-09-16 10:39:33,47,0,0,8151
2026-09-16 10:39:44,48,0,0,8151
2026-09-16 10:39:55,48,0,0,8151
2026-09-16 10:40:06,48,0,0,8151
2026-09-16 10:40:17,48,0,0,8151
2026-09-16 10:40:28,48,0,0,8151
2026-09-16 10:40:38,48,0,0,8151
2026-09-16 10:40:49,48,0,0,8151
2026-09-16 10:41:00,48,0,0,8151
2026-09-16 10:41:11,48,0,0,8151
2026-09-16 10:41:22,48,0,0,8151
2026-09-16 10:41:33,47,0,0,8151
2026-09-16 10:41:43,48,0,0,8151
2026-09-16 10:41:54,48,0,0,8151
2026-09-16 10:42:05,48,0,0,8151
2026-09-16 10:42:16,48,0,0,8151
2026-09-16 10:42:27,48,0,0,8151
2026-09-16 10:42:38,48,0,0,8151
2026-09-16 10:42:48,48,0,0,8151
2026-09-16 10:42:59,49,0,0,8151
2026-09-16 10:43:10,49,0,0,8151
2026-09-16 10:43:21,49,0,0,8151
2026-09-16 10:43:31,48,0,0,8151
2026-09-16 10:43:42,49,0,0,8151
2026-09-16 10:43:53,48,0,0,8151
2026-09-16 10:44:04,48,0,0,8151
2026-09-16 10:44:15,48,0,0,8151
2026-09-16 10:44:25,48,0,0,8151
2026-09-16 10:44:36,48,0,0,8151
2026-09-16 10:44:47,48,0,0,8151
2026-09-16 10:44:58,48,0,0,8151
2026-09-16 10:45:09,48,0,0,8151
2026-09-16 10:45:20,48,0,0,8151
2026-09-16 10:45:31,48,0,0,8151
2026-09-16 10:45:41,48,0,0,8151
2026-09-16 10:45:52,47,0,0,8151
2026-09-16 10:46:03,47,0,0,8151
2026-09-16 10:46:14,47,0,0,8151
2026-09-16 10:46:25,47,0,0,8151
2026-09-16 10:46:35,48,0,0,8151
2026-09-16 10:46:46,48,0,0,8151
2026-09-16 10:46:57,48,0,0,8151
2026-09-16 10:47:08,48,0,0,8151
2026-09-16 10:47:19,48,0,0,8151
2026-09-16 10:47:29,48,0,0,8151
2026-09-16 10:47:40,48,0,0,8151
2026-09-16 10:47:51,48,0,0,8151
2026-09-16 10:48:02,49,0,0,8151
2026-09-16 10:48:13,49,0,0,8151
2026-09-16 10:48:24,49,0,0,8151
2026-09-16 10:48:34,49,0,0,8151
2026-09-16 10:48:45,49,0,0,8151
2026-09-16 10:48:56,49,0,0,8151
2026-09-16 10:49:07,49,0,0,8151
2026-09-16 10:49:18,49,0,0,8151
2026-09-16 10:49:29,49,0,0,8151
2026-09-16 10:49:40,49,0,0,8151
2026-09-16 10:49:50,49,0,0,8151
2026-09-16 10:50:01,49,0,0,8151
2026-09-16 10:50:12,49,0,0,8151
2026-09-16 10:50:23,49,0,0,8151
2026-09-16 10:50:34,49,0,0,8151
2026-09-16 10:50:45,48,0,0,8151
2026-09-16 10:50:55,48,0,0,8151
2026-09-16 10:51:06,48,0,0,8151
2026-09-16 10:51:17,48,0,0,8151
2026-09-16 10:51:28,48,0,0,8151
2026-09-16 10:51:38,48,0,0,8151
2026-09-16 10:51:49,48,0,0,8151
2026-09-16 10:52:00,48,0,0,8151
2026-09-16 10:52:11,48,0,0,8151
2026-09-16 10:52:22,48,0,0,8151
2026-09-16 10:52:33,48,0,0,8151
2026-09-16 10:52:44,48,0,0,8151
2026-09-16 10:52:54,47,0,0,8151
2026-09-16 10:53:05,47,0,0,8151
2026-09-16 10:53:16,48,0,0,8151
2026-09-16 10:53:27,48,0,0,8151
2026-09-16 10:53:38,48,0,0,8151
2026-09-16 10:53:49,48,0,0,8151
2026-09-16 10:53:59,48,0,0,8151
2026-09-16 10:54:10,48,0,0,8151
2026-09-16 10:54:21,48,0,0,8151
2026-09-16 10:54:32,48,0,0,8151
2026-09-16 10:54:43,48,0,0,8151
2026-09-16 10:54:53,48,0,0,8151
2026-09-16 10:55:04,48,0,0,8151
2026-09-16 10:55:15,48,0,0,8151
2026-09-16 10:55:26,48,0,0,8151
2026-09-16 10:55:37,48,0,0,8151
2026-09-16 10:55:48,47,0,0,8151
2026-09-16 10:55:58,47,0,0,8151
2026-09-16 10:56:09,47,0,0,8151
2026-09-16 10:56:20,48,0,0,8151
2026-09-16 10:56:31,47,0,0,8151
2026-09-16 10:56:42,48,0,0,8151
2026-09-16 10:56:53,48,0,0,8151
2026-09-16 10:57:03,48,0,0,8151
2026-09-16 10:57:14,48,0,0,8151
2026-09-16 10:57:25,49,0,0,8151
2026-09-16 10:57:36,49,0,0,8151
2026-09-16 10:57:47,49,0,0,8151
2026-09-16 10:57:58,49,0,0,8151
2026-09-16 10:58:08,49,0,0,8151
2026-09-16 10:58:19,49,0,0,8151
2026-09-16 10:58:30,50,0,0,8151
2026-09-16 10:58:41,49,0,0,8151
2026-09-16 10:58:52,49,0,0,8151
2026-09-16 10:59:03,49,0,0,8151
2026-09-16 10:59:13,48,0,0,8151
2026-09-16 10:59:24,48,0,0,8151
2026-09-16 10:59:35,48,0,0,8151
2026-09-16 10:59:46,48,0,0,8151
2026-09-16 10:59:57,48,0,0,8151
2026-09-16 11:00:07,48,0,0,8151
2026-09-16 11:00:18,48,0,0,8151
2026-09-16 11:00:29,48,0,0,8151
2026-09-16 11:00:40,48,0,0,8151
2026-09-16 11:00:51,48,0,0,8151
2026-09-16 11:01:02,48,0,0,8151
2026-09-16 11:01:12,48,0,0,8151
2026-09-16 11:01:23,48,0,0,8151
2026-09-16 11:01:34,48,0,0,8151
2026-09-16 11:01:45,48,0,0,8151
2026-09-16 11:01:56,48,0,0,8151
2026-09-16 11:02:07,48,0,0,8151
2026-09-16 11:02:17,48,0,0,8151
2026-09-16 11:02:28,48,0,0,8151
2026-09-16 11:02:39,48,0,0,8151
2026-09-16 11:02:50,48,0,0,8151
2026-09-16 11:03:01,48,0,0,8151
2026-09-16 11:03:12,47,0,0,8151
2026-09-16 11:03:23,47,0,0,8151
2026-09-16 11:03:33,48,0,0,8151
2026-09-16 11:03:44,48,0,0,8151
2026-09-16 11:03:55,48,0,0,8151
2026-09-16 11:04:06,48,0,0,8151
2026-09-16 11:04:16,47,0,0,8151
2026-09-16 11:04:27,48,0,0,8151
2026-09-16 11:04:38,48,0,0,8151
2026-09-16 11:04:49,48,0,0,8151
2026-09-16 11:05:00,48,0,0,8151
2026-09-16 11:05:11,48,0,0,8151
2026-09-16 11:05:21,48,0,0,8151
2026-09-16 11:05:32,48,0,0,8151
2026-09-16 11:05:43,48,0,0,8151
2026-09-16 11:05:54,48,0,0,8151
2026-09-16 11:06:05,48,0,0,8151
2026-09-16 11:06:16,48,0,0,8151
2026-09-16 11:06:26,48,0,0,8151
2026-09-16 11:06:37,48,0,0,8151
2026-09-16 11:06:48,48,0,0,8151
2026-09-16 11:06:59,48,0,0,8151
2026-09-16 11:07:10,48,0,0,8151
2026-09-16 11:07:21,48,0,0,8151
2026-09-16 11:07:31,48,0,0,8151
2026-09-16 11:07:42,48,0,0,8151
2026-09-16 11:07:53,48,0,0,8151
2026-09-16 11:08:04,48,0,0,8151
2026-09-16 11:08:15,48,0,0,8151
2026-09-16 11:08:26,48,0,0,8151
2026-09-16 11:08:36,48,0,0,8151
2026-09-16 11:08:47,48,0,0,8151
2026-09-16 11:08:58,48,0,0,8151
2026-09-16 11:09:09,48,0,0,8151
2026-09-16 11:09:20,48,0,0,8151
2026-09-16 11:09:31,48,0,0,8151
2026-09-16 11:09:41,48,0,0,8151
2026-09-16 11:09:52,48,0,0,8151
2026-09-16 11:10:03,48,0,0,8151
2026-09-16 11:10:14,48,0,0,8151
2026-09-16 11:10:25,48,0,0,8151
2026-09-16 11:10:36,48,0,0,8151
2026-09-16 11:10:47,48,0,0,8151
2026-09-16 11:10:57,48,0,0,8151
2026-09-16 11:11:08,48,0,0,8151
2026-09-16 11:11:19,48,0,0,8151
2026-09-16 11:11:30,48,0,0,8151
2026-09-16 11:11:41,47,0,0,8151
2026-09-16 11:11:52,48,0,0,8151
2026-09-16 11:12:02,48,0,0,8151
2026-09-16 11:12:13,48,0,0,8151
2026-09-16 11:12:24,48,0,0,8151
2026-09-16 11:12:35,48,0,0,8151
2026-09-16 11:12:45,47,0,0,8151
2026-09-16 11:12:56,48,0,0,8151
2026-09-16 11:13:07,47,0,0,8151
2026-09-16 11:13:18,48,0,0,8151
2026-09-16 11:13:29,48,0,0,8151
2026-09-16 11:13:39,48,0,0,8151
2026-09-16 11:13:50,48,0,0,8151
2026-09-16 11:14:01,48,0,0,8151
2026-09-16 11:14:12,48,0,0,8151
2026-09-16 11:14:23,47,0,0,8151
2026-09-16 11:14:33,47,0,0,8151
2026-09-16 11:14:44,48,0,0,8151
2026-09-16 11:14:55,48,0,0,8151
2026-09-16 11:15:06,48,0,0,8151
2026-09-16 11:15:17,48,0,0,8151
2026-09-16 11:15:27,48,0,0,8151
2026-09-16 11:15:38,48,0,0,8151
2026-09-16 11:15:49,48,0,0,8151
2026-09-16 11:16:00,48,0,0,8151
2026-09-16 11:16:10,48,0,0,8151
2026-09-16 11:16:21,48,0,0,8151
2026-09-16 11:16:32,48,0,0,8151
2026-09-16 11:16:43,48,0,0,8151
2026-09-16 11:16:54,48,0,0,8151
2026-09-16 11:17:04,48,0,0,8151
2026-09-16 11:17:15,47,0,0,8151
2026-09-16 11:17:26,47,0,0,8151
2026-09-16 11:17:37,48,0,0,8151
2026-09-16 11:17:48,48,0,0,8151
2026-09-16 11:17:58,48,0,0,8151
2026-09-16 11:18:09,48,0,0,8151
2026-09-16 11:18:20,48,0,0,8151
2026-09-16 11:18:31,49,0,0,8151
2026-09-16 11:18:42,49,0,0,8151
2026-09-16 11:18:52,49,0,0,8151
2026-09-16 11:19:03,49,0,0,8151
2026-09-16 11:19:14,49,0,0,8151
2026-09-16 11:19:25,49,0,0,8151
2026-09-16 11:19:36,49,0,0,8151
2026-09-16 11:19:46,49,0,0,8151
2026-09-16 11:19:57,49,0,0,8151
2026-09-16 11:20:08,49,0,0,8151
2026-09-16 11:20:19,49,0,0,8151
2026-09-16 11:20:30,49,0,0,8151
2026-09-16 11:20:40,48,0,0,8151
2026-09-16 11:20:51,48,0,0,8151
2026-09-16 11:21:02,48,0,0,8151
2026-09-16 11:21:13,49,0,0,8151
2026-09-16 11:21:24,49,0,0,8151
2026-09-16 11:21:34,49,0,0,8151
2026-09-16 11:21:45,48,0,0,8151
2026-09-16 11:21:56,48,0,0,8151
2026-09-16 11:22:07,48,0,0,8151
2026-09-16 11:22:17,48,0,0,8151
2026-09-16 11:22:28,48,0,0,8151
2026-09-16 11:22:39,48,0,0,8151
2026-09-16 11:22:50,48,0,0,8151
2026-09-16 11:23:01,48,0,0,8151
2026-09-16 11:23:12,48,0,0,8151
2026-09-16 11:23:22,48,0,0,8151
2026-09-16 11:23:33,48,0,0,8151
2026-09-16 11:23:44,48,0,0,8151
2026-09-16 11:23:55,47,0,0,8151
2026-09-16 11:24:06,47,0,0,8151
2026-09-16 11:24:16,48,0,0,8151
2026-09-16 11:24:27,48,0,0,8151
2026-09-16 11:24:38,47,0,0,8151
2026-09-16 11:24:49,48,0,0,8151
2026-09-16 11:25:00,48,0,0,8151
2026-09-16 11:25:11,48,0,0,8151
2026-09-16 11:25:21,48,0,0,8151
2026-09-16 11:25:32,48,0,0,8151
2026-09-16 11:25:43,48,0,0,8151
2026-09-16 11:25:54,48,0,0,8151
2026-09-16 11:26:05,48,0,0,8151
2026-09-16 11:26:16,48,0,0,8151
2026-09-16 11:26:26,48,0,0,8151
2026-09-16 11:26:37,48,0,0,8151
2026-09-16 11:26:48,48,0,0,8151
2026-09-16 11:26:59,48,0,0,8151
2026-09-16 11:27:10,47,0,0,8151
2026-09-16 11:27:21,47,0,0,8151
2026-09-16 11:27:31,48,0,0,8151
2026-09-16 11:27:42,48,0,0,8151
2026-09-16 11:27:53,48,0,0,8151
2026-09-16 11:28:04,47,0,0,8151
2026-09-16 11:28:15,47,0,0,8151
2026-09-16 11:28:26,47,0,0,8151
2026-09-16 11:28:36,48,0,0,8151
2026-09-16 11:28:47,48,0,0,8151
2026-09-16 11:28:58,48,0,0,8151
2026-09-16 11:29:09,48,0,0,8151
2026-09-16 11:29:19,47,0,0,8151
2026-09-16 11:29:30,47,0,0,8151
2026-09-16 11:29:41,47,0,0,8151
2026-09-16 11:29:52,48,0,0,8151
2026-09-16 11:30:03,48,0,0,8151
2026-09-16 11:30:13,48,0,0,8151
2026-09-16 11:30:24,48,0,0,8151
2026-09-16 11:30:35,49,0,0,8151
2026-09-16 11:30:46,48,0,0,8151
2026-09-16 11:30:57,48,0,0,8151
2026-09-16 11:31:08,48,0,0,8151
2026-09-16 11:31:18,49,0,0,8151
2026-09-16 11:31:29,49,0,0,8151
2026-09-16 11:31:40,49,0,0,8151
2026-09-16 11:31:51,49,0,0,8151
2026-09-16 11:32:02,49,0,0,8151
2026-09-16 11:32:12,49,0,0,8151
2026-09-16 11:32:23,49,0,0,8151
2026-09-16 11:32:34,49,0,0,8151
2026-09-16 11:32:45,49,0,0,8151
2026-09-16 11:32:56,49,0,0,8151
2026-09-16 11:33:07,49,0,0,8151
2026-09-16 11:33:17,49,0,0,8151
2026-09-16 11:33:28,49,0,0,8151
2026-09-16 11:33:39,49,0,0,8151
2026-09-16 11:33:50,49,0,0,8151
2026-09-16 11:34:01,49,0,0,8151
2026-09-16 11:34:11,49,0,0,8151
2026-09-16 11:34:22,49,0,0,8151
2026-09-16 11:34:33,49,0,0,8151
2026-09-16 11:34:44,49,0,0,8151
2026-09-16 11:34:55,49,0,0,8151
2026-09-16 11:35:06,49,0,0,8151
2026-09-16 11:35:16,49,0,0,8151
2026-09-16 11:35:27,49,0,0,8151
2026-09-16 11:35:38,49,0,0,8151
2026-09-16 11:35:49,49,0,0,8151
2026-09-16 11:36:00,49,0,0,8151
2026-09-16 11:36:11,49,0,0,8151
2026-09-16 11:36:22,49,0,0,8151
2026-09-16 11:36:32,49,0,0,8151
2026-09-16 11:36:43,49,0,0,8151
2026-09-16 11:36:54,49,0,0,8151
2026-09-16 11:37:05,48,0,0,8151
2026-09-16 11:37:16,48,0,0,8151
2026-09-16 11:37:26,48,0,0,8151
2026-09-16 11:37:37,48,0,0,8151
2026-09-16 11:37:48,48,0,0,8151
2026-09-16 11:37:59,48,0,0,8151
2026-09-16 11:38:10,48,0,0,8151
2026-09-16 11:38:20,48,0,0,8151
2026-09-16 11:38:31,48,0,0,8151
2026-09-16 11:38:42,48,0,0,8151
2026-09-16 11:38:53,48,0,0,8151
2026-09-16 11:39:04,48,0,0,8151
2026-09-16 11:39:15,48,0,0,8151
2026-09-16 11:39:25,48,0,0,8151
2026-09-16 11:39:36,48,0,0,8151
2026-09-16 11:39:47,48,0,0,8151
2026-09-16 11:39:58,48,0,0,8151
2026-09-16 11:40:09,48,0,0,8151
2026-09-16 11:40:20,48,0,0,8151
2026-09-16 11:40:31,48,0,0,8151
2026-09-16 11:40:41,48,0,0,8151
2026-09-16 11:40:52,48,0,0,8151
2026-09-16 11:41:03,48,0,0,8151
2026-09-16 11:41:14,48,0,0,8151
2026-09-16 11:41:25,48,0,0,8151
2026-09-16 11:41:35,48,0,0,8151
2026-09-16 11:41:46,48,0,0,8151
2026-09-16 11:41:57,48,0,0,8151
2026-09-16 11:42:08,48,0,0,8151
2026-09-16 11:42:19,48,0,0,8151
2026-09-16 11:42:30,48,0,0,8151
2026-09-16 11:42:41,48,0,0,8151
2026-09-16 11:42:51,48,0,0,8151
2026-09-16 11:43:02,48,0,0,8151
2026-09-16 11:43:13,48,0,0,8151
2026-09-16 11:43:24,48,0,0,8151
2026-09-16 11:43:35,48,0,0,8151
2026-09-16 11:43:46,48,0,0,8151
2026-09-16 11:43:56,48,0,0,8151
2026-09-16 11:44:07,48,0,0,8151
2026-09-16 11:44:18,48,0,0,8151
2026-09-16 11:44:29,48,0,0,8151
2026-09-16 11:44:40,48,0,0,8151
2026-09-16 11:44:51,48,0,0,8151
2026-09-16 11:45:01,48,0,0,8151
2026-09-16 11:45:12,48,0,0,8151
2026-09-16 11:45:23,48,0,0,8151
2026-09-16 11:45:34,48,0,0,8151
2026-09-16 11:45:45,48,0,0,8151
2026-09-16 11:45:55,48,0,0,8151
2026-09-16 11:46:06,48,0,0,8151
2026-09-16 11:46:17,48,0,0,8151
2026-09-16 11:46:28,48,0,0,8151
2026-09-16 11:46:39,48,0,0,8151
2026-09-16 11:46:49,48,0,0,8151
2026-09-16 11:47:00,48,0,0,8151
2026-09-16 11:47:11,48,0,0,8151
2026-09-16 11:47:22,47,0,0,8151
2026-09-16 11:47:33,48,0,0,8151
2026-09-16 11:47:44,48,0,0,8151
2026-09-16 11:47:55,48,0,0,8151
2026-09-16 11:48:05,47,0,0,8151
2026-09-16 11:48:16,48,0,0,8151
2026-09-16 11:48:27,48,0,0,8151
2026-09-16 11:48:38,48,0,0,8151
2026-09-16 11:48:49,48,0,0,8151
2026-09-16 11:48:59,48,0,0,8151
2026-09-16 11:49:10,48,0,0,8151
2026-09-16 11:49:21,48,0,0,8151
2026-09-16 11:49:32,47,0,0,8151
2026-09-16 11:49:43,47,0,0,8151
2026-09-16 11:49:53,47,0,0,8151
2026-09-16 11:50:04,47,0,0,8151
2026-09-16 11:50:15,48,0,0,8151
2026-09-16 11:50:26,48,0,0,8151
2026-09-16 11:50:37,49,0,0,8151
2026-09-16 11:50:47,49,0,0,8151
2026-09-16 11:50:58,49,0,0,8151
2026-09-16 11:51:09,49,0,0,8151
2026-09-16 11:51:20,49,0,0,8151
2026-09-16 11:51:31,49,0,0,8151
2026-09-16 11:51:42,49,0,0,8151
2026-09-16 11:51:52,49,0,0,8151
2026-09-16 11:52:03,49,0,0,8151
2026-09-16 11:52:14,49,0,0,8151
2026-09-16 11:52:25,49,0,0,8151
2026-09-16 11:52:36,49,0,0,8151
2026-09-16 11:52:46,49,0,0,8151
2026-09-16 11:52:57,49,0,0,8151
2026-09-16 11:53:08,48,0,0,8151
2026-09-16 11:53:19,48,0,0,8151
2026-09-16 11:53:30,48,0,0,8151
2026-09-16 11:53:41,48,0,0,8151
2026-09-16 11:53:51,48,0,0,8151
2026-09-16 11:54:02,48,0,0,8151
2026-09-16 11:54:13,48,0,0,8151
2026-09-16 11:54:24,48,0,0,8151
2026-09-16 11:54:35,48,0,0,8151
2026-09-16 11:54:46,49,0,0,8151
2026-09-16 11:54:57,48,0,0,8151
2026-09-16 11:55:07,48,0,0,8151
2026-09-16 11:55:18,48,0,0,8151
2026-09-16 11:55:29,48,0,0,8151
2026-09-16 11:55:40,48,0,0,8151
2026-09-16 11:55:51,48,0,0,8151
2026-09-16 11:56:01,48,0,0,8151
2026-09-16 11:56:12,48,0,0,8151
2026-09-16 11:56:23,48,0,0,8151
2026-09-16 11:56:34,48,0,0,8151
2026-09-16 11:56:45,48,0,0,8151
2026-09-16 11:56:56,48,0,0,8151
2026-09-16 11:57:07,48,0,0,8151
2026-09-16 11:57:17,48,0,0,8151
2026-09-16 11:57:28,48,0,0,8151
2026-09-16 11:57:39,48,0,0,8151
2026-09-16 11:57:50,48,0,0,8151
2026-09-16 11:58:01,48,0,0,8151
2026-09-16 11:58:11,48,0,0,8151
2026-09-16 11:58:22,48,0,0,8151
2026-09-16 11:58:33,48,0,0,8151
2026-09-16 11:58:44,48,0,0,8151
2026-09-16 11:58:55,48,0,0,8151
2026-09-16 11:59:06,48,0,0,8151
2026-09-16 11:59:16,48,0,0,8151
2026-09-16 11:59:27,48,0,0,8151
2026-09-16 11:59:38,48,0,0,8151
2026-09-16 11:59:49,49,0,0,8151
2026-09-16 12:00:00,48,0,0,8151
2026-09-16 12:00:11,48,0,0,8151
2026-09-16 12:00:22,48,0,0,8151
2026-09-16 12:00:32,48,0,0,8151
2026-09-16 12:00:43,48,0,0,8151
2026-09-16 12:00:54,48,0,0,8151
2026-09-16 12:01:05,48,0,0,8151
2026-09-16 12:01:16,48,0,0,8151
2026-09-16 12:01:27,48,0,0,8151
2026-09-16 12:01:37,48,0,0,8151
2026-09-16 12:01:48,48,0,0,8151
2026-09-16 12:01:59,48,0,0,8151
2026-09-16 12:02:10,48,0,0,8151
2026-09-16 12:02:20,48,0,0,8151
2026-09-16 12:02:31,48,0,0,8151
2026-09-16 12:02:42,48,0,0,8151
2026-09-16 12:02:53,48,0,0,8151
2026-09-16 12:03:04,48,0,0,8151
2026-09-16 12:03:15,48,0,0,8151
2026-09-16 12:03:25,48,0,0,8151
2026-09-16 12:03:36,48,0,0,8151
2026-09-16 12:03:47,48,0,0,8151
2026-09-16 12:03:58,48,0,0,8151
2026-09-16 12:04:09,48,0,0,8151
2026-09-16 12:04:20,48,0,0,8151
2026-09-16 12:04:30,48,0,0,8151
2026-09-16 12:04:41,48,0,0,8151
2026-09-16 12:04:52,48,0,0,8151
2026-09-16 12:05:03,48,0,0,8151
2026-09-16 12:05:14,48,0,0,8151
2026-09-16 12:05:25,48,0,0,8151
2026-09-16 12:05:35,48,0,0,8151
2026-09-16 12:05:46,48,0,0,8151
2026-09-16 12:05:57,48,0,0,8151
2026-09-16 12:06:08,48,0,0,8151
2026-09-16 12:06:19,48,0,0,8151
2026-09-16 12:06:30,48,0,0,8151
2026-09-16 12:06:40,48,0,0,8151
2026-09-16 12:06:51,48,0,0,8151
2026-09-16 12:07:02,48,0,0,8151
2026-09-16 12:07:13,48,0,0,8151
2026-09-16 12:07:24,48,0,0,8151
2026-09-16 12:07:35,48,0,0,8151
2026-09-16 12:07:45,48,0,0,8151
2026-09-16 12:07:56,48,0,0,8151
2026-09-16 12:08:07,48,0,0,8151
2026-09-16 12:08:18,48,0,0,8151
2026-09-16 12:08:29,48,0,0,8151
2026-09-16 12:08:40,48,0,0,8151
2026-09-16 12:08:50,48,0,0,8151
2026-09-16 12:09:01,48,0,0,8151
2026-09-16 12:09:12,48,0,0,8151
2026-09-16 12:09:23,48,0,0,8151
2026-09-16 12:09:34,48,0,0,8151
2026-09-16 12:09:44,48,0,0,8151
2026-09-16 12:09:55,48,0,0,8151
2026-09-16 12:10:06,48,0,0,8151
2026-09-16 12:10:17,48,0,0,8151
2026-09-16 12:10:28,48,0,0,8151
2026-09-16 12:10:39,48,0,0,8151
2026-09-16 12:10:50,48,0,0,8151
2026-09-16 12:11:00,48,0,0,8151
2026-09-16 12:11:11,48,0,0,8151
2026-09-16 12:11:22,48,0,0,8151
2026-09-16 12:11:33,48,0,0,8151
2026-09-16 12:11:44,48,0,0,8151
2026-09-16 12:11:55,48,0,0,8151
2026-09-16 12:12:06,48,0,0,8151
2026-09-16 12:12:16,48,0,0,8151
2026-09-16 12:12:27,48,0,0,8151
2026-09-16 12:12:38,48,0,0,8151
2026-09-16 12:12:49,48,0,0,8151
2026-09-16 12:13:00,48,0,0,8151
2026-09-16 12:13:11,48,0,0,8151
2026-09-16 12:13:21,48,0,0,8151
2026-09-16 12:13:32,48,0,0,8151
2026-09-16 12:13:43,49,0,0,8151
2026-09-16 12:13:54,49,0,0,8151
2026-09-16 12:14:05,49,0,0,8151
2026-09-16 12:14:15,48,0,0,8151
2026-09-16 12:14:26,48,0,0,8151
2026-09-16 12:14:37,48,0,0,8151
2026-09-16 12:14:48,48,0,0,8151
2026-09-16 12:14:59,48,0,0,8151
2026-09-16 12:15:09,48,0,0,8151
2026-09-16 12:15:20,48,0,0,8151
2026-09-16 12:15:31,48,0,0,8151
2026-09-16 12:15:42,48,0,0,8151
2026-09-16 12:15:52,48,0,0,8151
2026-09-16 12:16:03,48,0,0,8151
2026-09-16 12:16:14,48,0,0,8151
2026-09-16 12:16:25,48,0,0,8151
2026-09-16 12:16:36,48,0,0,8151
2026-09-16 12:16:46,48,0,0,8151
2026-09-16 12:16:57,48,0,0,8151
2026-09-16 12:17:08,48,0,0,8151
2026-09-16 12:17:19,49,0,0,8151
2026-09-16 12:17:30,49,0,0,8151
2026-09-16 12:17:40,48,0,0,8151
2026-09-16 12:17:51,48,0,0,8151
2026-09-16 12:18:02,47,0,0,8151
2026-09-16 12:18:13,47,0,0,8151
2026-09-16 12:18:24,48,0,0,8151
2026-09-16 12:18:34,48,0,0,8151
2026-09-16 12:18:45,48,0,0,8151
2026-09-16 12:18:56,48,0,0,8151
2026-09-16 12:19:07,47,0,0,8151
2026-09-16 12:19:17,48,0,0,8151
2026-09-16 12:19:28,48,0,0,8151
2026-09-16 12:19:39,48,0,0,8151
2026-09-16 12:19:50,48,0,0,8151
2026-09-16 12:20:01,48,0,0,8151
2026-09-16 12:20:11,48,0,0,8151
2026-09-16 12:20:22,48,0,0,8151
2026-09-16 12:20:33,48,0,0,8151
2026-09-16 12:20:44,48,0,0,8151
2026-09-16 12:20:55,48,0,0,8151
2026-09-16 12:21:05,47,0,0,8151
2026-09-16 12:21:16,47,0,0,8151
2026-09-16 12:21:27,48,0,0,8151
2026-09-16 12:21:38,48,0,0,8151
2026-09-16 12:21:49,48,0,0,8151
2026-09-16 12:21:59,48,0,0,8151
2026-09-16 12:22:10,48,0,0,8151
2026-09-16 12:22:21,49,0,0,8151
2026-09-16 12:22:32,49,0,0,8151
2026-09-16 12:22:43,50,0,0,8151
2026-09-16 12:22:53,49,0,0,8151
2026-09-16 12:23:04,49,0,0,8151
2026-09-16 12:23:15,49,0,0,8151
2026-09-16 12:23:26,50,0,0,8151
2026-09-16 12:23:37,49,0,0,8151
2026-09-16 12:23:47,49,0,0,8151
2026-09-16 12:23:58,49,0,0,8151
2026-09-16 12:24:09,49,0,0,8151
2026-09-16 12:24:20,49,0,0,8151
2026-09-16 12:24:31,49,0,0,8151
2026-09-16 12:24:42,49,0,0,8151
2026-09-16 12:24:52,48,0,0,8151
2026-09-16 12:25:03,48,0,0,8151
2026-09-16 12:25:14,48,0,0,8151
2026-09-16 12:25:25,48,0,0,8151
2026-09-16 12:25:36,48,0,0,8151
2026-09-16 12:25:47,48,0,0,8151
2026-09-16 12:25:57,48,0,0,8151
2026-09-16 12:26:08,48,0,0,8151
2026-09-16 12:26:19,48,0,0,8151
2026-09-16 12:26:30,48,0,0,8151
2026-09-16 12:26:41,48,0,0,8151
2026-09-16 12:26:51,48,0,0,8151
2026-09-16 12:27:02,48,0,0,8151
2026-09-16 12:27:13,48,0,0,8151
2026-09-16 12:27:24,48,0,0,8151
2026-09-16 12:27:35,48,0,0,8151
2026-09-16 12:27:46,48,0,0,8151
2026-09-16 12:27:56,48,0,0,8151
2026-09-16 12:28:07,48,0,0,8151
2026-09-16 12:28:18,48,0,0,8151
2026-09-16 12:28:29,48,0,0,8151
2026-09-16 12:28:40,48,0,0,8151
2026-09-16 12:28:50,48,0,0,8151
2026-09-16 12:29:01,48,0,0,8151
2026-09-16 12:29:12,48,0,0,8151
2026-09-16 12:29:23,48,0,0,8151
2026-09-16 12:29:34,48,0,0,8151
2026-09-16 12:29:45,48,0,0,8151
2026-09-16 12:29:55,48,0,0,8151
2026-09-16 12:30:06,48,0,0,8151
2026-09-16 12:30:17,48,0,0,8151
2026-09-16 12:30:28,48,0,0,8151
2026-09-16 12:30:39,48,0,0,8151
2026-09-16 12:30:49,48,0,0,8151
2026-09-16 12:31:00,48,0,0,8151
2026-09-16 12:31:11,48,0,0,8151
2026-09-16 12:31:22,48,0,0,8151
2026-09-16 12:31:33,48,0,0,8151
2026-09-16 12:31:44,48,0,0,8151
2026-09-16 12:31:54,48,0,0,8151
2026-09-16 12:32:05,48,0,0,8151
2026-09-16 12:32:16,48,0,0,8151
2026-09-16 12:32:27,48,0,0,8151
2026-09-16 12:32:38,48,0,0,8151
2026-09-16 12:32:49,48,0,0,8151
2026-09-16 12:32:59,48,0,0,8151
2026-09-16 12:33:10,48,0,0,8151
2026-09-16 12:33:21,48,0,0,8151
2026-09-16 12:33:32,48,0,0,8151
2026-09-16 12:33:43,48,0,0,8151
2026-09-16 12:33:53,48,0,0,8151
2026-09-16 12:34:04,48,0,0,8151
2026-09-16 12:34:15,48,0,0,8151
2026-09-16 12:34:26,48,0,0,8151
2026-09-16 12:34:37,48,0,0,8151
2026-09-16 12:34:48,48,0,0,8151
2026-09-16 12:34:58,48,0,0,8151
2026-09-16 12:35:09,48,0,0,8151
2026-09-16 12:35:20,48,0,0,8151
2026-09-16 12:35:31,48,0,0,8151
2026-09-16 12:35:42,48,0,0,8151
2026-09-16 12:35:53,48,0,0,8151
2026-09-16 12:36:03,48,0,0,8151
2026-09-16 12:36:14,48,0,0,8151
2026-09-16 12:36:25,48,0,0,8151
2026-09-16 12:36:36,48,0,0,8151
2026-09-16 12:36:47,48,0,0,8151
2026-09-16 12:36:58,48,0,0,8151
2026-09-16 12:37:08,48,0,0,8151
2026-09-16 12:37:19,48,0,0,8151
2026-09-16 12:37:30,48,0,0,8151
2026-09-16 12:37:41,48,0,0,8151
2026-09-16 12:37:52,48,0,0,8151
2026-09-16 12:38:02,48,0,0,8151
2026-09-16 12:38:13,48,0,0,8151
2026-09-16 12:38:24,48,0,0,8151
2026-09-16 12:38:35,48,0,0,8151
2026-09-16 12:38:46,48,0,0,8151
2026-09-16 12:38:57,48,0,0,8151
2026-09-16 12:39:07,48,0,0,8151
2026-09-16 12:39:18,48,0,0,8151
2026-09-16 12:39:29,48,0,0,8151
2026-09-16 12:39:40,48,0,0,8151
2026-09-16 12:39:51,48,0,0,8151
2026-09-16 12:40:02,48,0,0,8151
2026-09-16 12:40:12,48,0,0,8151
2026-09-16 12:40:23,48,0,0,8151
2026-09-16 12:40:34,48,0,0,8151
2026-09-16 12:40:45,48,0,0,8151
2026-09-16 12:40:56,48,0,0,8151
2026-09-16 12:41:06,48,0,0,8151
2026-09-16 12:41:17,48,0,0,8151
2026-09-16 12:41:28,48,0,0,8151
2026-09-16 12:41:39,48,0,0,8151
2026-09-16 12:41:50,48,0,0,8151
2026-09-16 12:42:01,48,0,0,8151
2026-09-16 12:42:12,48,0,0,8151
2026-09-16 12:42:22,48,0,0,8151
2026-09-16 12:42:33,48,0,0,8151
2026-09-16 12:42:44,48,0,0,8151
2026-09-16 12:42:55,48,0,0,8151
2026-09-16 12:43:06,48,0,0,8151
2026-09-16 12:43:16,48,0,0,8151
2026-09-16 12:43:27,48,0,0,8151
2026-09-16 12:43:38,48,0,0,8151
2026-09-16 12:43:49,47,0,0,8151
2026-09-16 12:44:00,48,0,0,8151
2026-09-16 12:44:10,48,0,0,8151
2026-09-16 12:44:21,48,0,0,8151
2026-09-16 12:44:32,48,0,0,8151
2026-09-16 12:44:43,48,0,0,8151
2026-09-16 12:44:53,48,0,0,8151
2026-09-16 12:45:04,48,0,0,8151
2026-09-16 12:45:15,48,0,0,8151
2026-09-16 12:45:26,48,0,0,8151
2026-09-16 12:45:37,48,0,0,8151
2026-09-16 12:45:47,48,0,0,8151
2026-09-16 12:45:58,48,0,0,8151
2026-09-16 12:46:09,48,0,0,8151
2026-09-16 12:46:20,48,0,0,8151
2026-09-16 12:46:31,48,0,0,8151
2026-09-16 12:46:41,48,0,0,8151
2026-09-16 12:46:52,48,0,0,8151
2026-09-16 12:47:03,48,0,0,8151
2026-09-16 12:47:14,48,0,0,8151
2026-09-16 12:47:25,48,0,0,8151
2026-09-16 12:47:36,48,0,0,8151
2026-09-16 12:47:46,48,0,0,8151
2026-09-16 12:47:57,48,0,0,8151
2026-09-16 12:48:08,47,0,0,8151
2026-09-16 12:48:19,47,0,0,8151
2026-09-16 12:48:30,48,0,0,8151
2026-09-16 12:48:41,48,0,0,8151
2026-09-16 12:48:51,47,0,0,8151
2026-09-16 12:49:02,47,0,0,8151
2026-09-16 12:49:13,48,0,0,8151
2026-09-16 12:49:24,48,0,0,8151
2026-09-16 12:49:35,48,0,0,8151
2026-09-16 12:49:46,48,0,0,8151
2026-09-16 12:49:57,48,0,0,8151
2026-09-16 12:50:07,48,0,0,8151
2026-09-16 12:50:18,48,0,0,8151
2026-09-16 12:50:29,48,0,0,8151
2026-09-16 12:50:40,48,0,0,8151
2026-09-16 12:50:51,48,0,0,8151
2026-09-16 12:51:01,48,0,0,8151
2026-09-16 12:51:12,48,0,0,8151
2026-09-16 12:51:23,48,0,0,8151
2026-09-16 12:51:34,48,0,0,8151
2026-09-16 12:51:45,48,0,0,8151
2026-09-16 12:51:56,47,0,0,8151
2026-09-16 12:52:06,47,0,0,8151
2026-09-16 12:52:17,47,0,0,8151
2026-09-16 12:52:28,48,0,0,8151
2026-09-16 12:52:39,48,0,0,8151
2026-09-16 12:52:50,48,0,0,8151
2026-09-16 12:53:01,48,0,0,8151
2026-09-16 12:53:11,48,0,0,8151
2026-09-16 12:53:22,48,0,0,8151
2026-09-16 12:53:33,48,0,0,8151
2026-09-16 12:53:44,48,0,0,8151
2026-09-16 12:53:55,48,0,0,8151
2026-09-16 12:54:05,48,0,0,8151
2026-09-16 12:54:16,48,0,0,8151
2026-09-16 12:54:27,48,0,0,8151
2026-09-16 12:54:38,48,0,0,8151
2026-09-16 12:54:49,48,0,0,8151
2026-09-16 12:55:00,48,0,0,8151
2026-09-16 12:55:10,47,0,0,8151
2026-09-16 12:55:21,48,0,0,8151
2026-09-16 12:55:32,48,0,0,8151
2026-09-16 12:55:43,48,0,0,8151
2026-09-16 12:55:54,48,0,0,8151
2026-09-16 12:56:05,48,0,0,8151
2026-09-16 12:56:15,48,0,0,8151
2026-09-16 12:56:26,48,0,0,8151
2026-09-16 12:56:37,48,0,0,8151
2026-09-16 12:56:48,48,0,0,8151
2026-09-16 12:56:59,48,0,0,8151
2026-09-16 12:57:09,48,0,0,8151
2026-09-16 12:57:20,48,0,0,8151
2026-09-16 12:57:31,48,0,0,8151
2026-09-16 12:57:42,48,0,0,8151
2026-09-16 12:57:53,48,0,0,8151
2026-09-16 12:58:04,48,0,0,8151
2026-09-16 12:58:14,48,0,0,8151
2026-09-16 12:58:25,48,0,0,8151
2026-09-16 12:58:36,47,0,0,8151
2026-09-16 12:58:47,48,0,0,8151
2026-09-16 12:58:58,48,0,0,8151
2026-09-16 12:59:08,48,0,0,8151
2026-09-16 12:59:19,48,0,0,8151
2026-09-16 12:59:30,48,0,0,8151
2026-09-16 12:59:41,48,0,0,8151
2026-09-16 12:59:52,48,0,0,8151
2026-09-16 13:00:03,48,0,0,8151
2026-09-16 13:00:14,48,0,0,8151
2026-09-16 13:00:24,48,0,0,8151
2026-09-16 13:00:35,48,0,0,8151
2026-09-16 13:00:46,48,0,0,8151
2026-09-16 13:00:57,48,0,0,8151
2026-09-16 13:01:08,48,0,0,8151
2026-09-16 13:01:19,48,0,0,8151
2026-09-16 13:01:29,48,0,0,8151
2026-09-16 13:01:40,48,0,0,8151
2026-09-16 13:01:51,48,0,0,8151
2026-09-16 13:02:02,48,0,0,8151
2026-09-16 13:02:13,48,0,0,8151
2026-09-16 13:02:23,48,0,0,8151
2026-09-16 13:02:34,48,0,0,8151
2026-09-16 13:02:45,48,0,0,8151
2026-09-16 13:02:56,48,0,0,8151
2026-09-16 13:03:07,48,0,0,8151
2026-09-16 13:03:18,48,0,0,8151
2026-09-16 13:03:28,48,0,0,8151
2026-09-16 13:03:39,48,0,0,8151
2026-09-16 13:03:50,48,0,0,8151
2026-09-16 13:04:01,48,0,0,8151
2026-09-16 13:04:12,48,0,0,8151
2026-09-16 13:04:23,47,0,0,8151
2026-09-16 13:04:33,48,0,0,8151
2026-09-16 13:04:44,48,0,0,8151
2026-09-16 13:04:55,48,0,0,8151
2026-09-16 13:05:06,48,0,0,8151
2026-09-16 13:05:17,48,0,0,8151
2026-09-16 13:05:28,48,0,0,8151
2026-09-16 13:05:39,48,0,0,8151
2026-09-16 13:05:49,48,0,0,8151
2026-09-16 13:06:00,48,0,0,8151
2026-09-16 13:06:11,48,0,0,8151
2026-09-16 13:06:22,48,0,0,8151
2026-09-16 13:06:33,48,0,0,8151
2026-09-16 13:06:43,48,0,0,8151
2026-09-16 13:06:54,48,0,0,8151
2026-09-16 13:07:05,48,0,0,8151
2026-09-16 13:07:16,48,0,0,8151
2026-09-16 13:07:27,48,0,0,8151
2026-09-16 13:07:38,48,0,0,8151
2026-09-16 13:07:49,48,0,0,8151
2026-09-16 13:07:59,48,0,0,8151
2026-09-16 13:08:10,48,0,0,8151
2026-09-16 13:08:21,48,0,0,8151
2026-09-16 13:08:32,48,0,0,8151
2026-09-16 13:08:42,48,0,0,8151
2026-09-16 13:08:53,48,0,0,8151
2026-09-16 13:09:04,48,0,0,8151
2026-09-16 13:09:15,48,0,0,8151
2026-09-16 13:09:26,48,0,0,8151
2026-09-16 13:09:37,48,0,0,8151
2026-09-16 13:09:47,48,0,0,8151
2026-09-16 13:09:58,48,0,0,8151
2026-09-16 13:10:09,48,0,0,8151
2026-09-16 13:10:20,48,0,0,8151
2026-09-16 13:10:31,48,0,0,8151
2026-09-16 13:10:42,48,0,0,8151
2026-09-16 13:10:52,48,0,0,8151
2026-09-16 13:11:03,48,0,0,8151
2026-09-16 13:11:14,48,0,0,8151
2026-09-16 13:11:25,48,0,0,8151
2026-09-16 13:11:36,48,0,0,8151
2026-09-16 13:11:47,48,0,0,8151
2026-09-16 13:11:57,48,0,0,8151
2026-09-16 13:12:08,48,0,0,8151
2026-09-16 13:12:19,48,0,0,8151
2026-09-16 13:12:30,48,0,0,8151
2026-09-16 13:12:41,48,0,0,8151
2026-09-16 13:12:52,47,0,0,8151
2026-09-16 13:13:02,47,0,0,8151
2026-09-16 13:13:13,48,0,0,8151
2026-09-16 13:13:24,48,0,0,8151
2026-09-16 13:13:35,48,0,0,8151
2026-09-16 13:13:46,48,0,0,8151
2026-09-16 13:13:57,48,0,0,8151
2026-09-16 13:14:07,48,0,0,8151
2026-09-16 13:14:18,48,0,0,8151
2026-09-16 13:14:29,47,0,0,8151
2026-09-16 13:14:40,47,0,0,8151
2026-09-16 13:14:51,48,0,0,8151
2026-09-16 13:15:01,48,0,0,8151
2026-09-16 13:15:12,48,0,0,8151
2026-09-16 13:15:23,49,0,0,8151
2026-09-16 13:15:34,49,0,0,8151
2026-09-16 13:15:45,49,0,0,8151
2026-09-16 13:15:55,49,0,0,8151
2026-09-16 13:16:06,49,0,0,8151
2026-09-16 13:16:17,49,0,0,8151
2026-09-16 13:16:28,49,0,0,8151
2026-09-16 13:16:38,49,0,0,8151
2026-09-16 13:16:49,49,0,0,8151
2026-09-16 13:17:00,50,0,0,8151
2026-09-16 13:17:11,49,0,0,8151
2026-09-16 13:17:22,49,0,0,8151
2026-09-16 13:17:32,49,0,0,8151
2026-09-16 13:17:43,48,0,0,8151
2026-09-16 13:17:54,48,0,0,8151
2026-09-16 13:18:05,48,0,0,8151
2026-09-16 13:18:16,48,0,0,8151
2026-09-16 13:18:26,48,0,0,8151
2026-09-16 13:18:37,48,0,0,8151
2026-09-16 13:18:48,48,0,0,8151
2026-09-16 13:18:59,48,0,0,8151
2026-09-16 13:19:10,48,0,0,8151
2026-09-16 13:19:20,48,0,0,8151
2026-09-16 13:19:31,48,0,0,8151
2026-09-16 13:19:42,48,0,0,8151
2026-09-16 13:19:53,48,0,0,8151
2026-09-16 13:20:04,48,0,0,8151
2026-09-16 13:20:14,48,0,0,8151
2026-09-16 13:20:25,48,0,0,8151
2026-09-16 13:20:36,48,0,0,8151
2026-09-16 13:20:47,47,0,0,8151
2026-09-16 13:20:57,47,0,0,8151
2026-09-16 13:21:08,47,0,0,8151
2026-09-16 13:21:19,47,0,0,8151
2026-09-16 13:21:30,48,0,0,8151
2026-09-16 13:21:41,48,0,0,8151
2026-09-16 13:21:51,49,0,0,8151
2026-09-16 13:22:02,48,0,0,8151
2026-09-16 13:22:13,48,0,0,8151
2026-09-16 13:22:24,48,0,0,8151
2026-09-16 13:22:35,49,0,0,8151
2026-09-16 13:22:45,49,0,0,8151
2026-09-16 13:22:56,49,0,0,8151
2026-09-16 13:23:07,49,0,0,8151
2026-09-16 13:23:18,49,0,0,8151
2026-09-16 13:23:29,49,0,0,8151
2026-09-16 13:23:39,49,0,0,8151
2026-09-16 13:23:50,49,0,0,8151
2026-09-16 13:24:01,49,0,0,8151
2026-09-16 13:24:12,49,0,0,8151
2026-09-16 13:24:23,49,0,0,8151
2026-09-16 13:24:33,49,0,0,8151
2026-09-16 13:24:44,49,0,0,8151
2026-09-16 13:24:55,49,0,0,8151
2026-09-16 13:25:06,49,0,0,8151
2026-09-16 13:25:17,49,0,0,8151
2026-09-16 13:25:27,49,0,0,8151
2026-09-16 13:25:38,50,0,0,8151
2026-09-16 13:25:49,49,0,0,8151
2026-09-16 13:26:00,49,0,0,8151
2026-09-16 13:26:11,49,0,0,8151
2026-09-16 13:26:22,49,0,0,8151
2026-09-16 13:26:32,49,0,0,8151
2026-09-16 13:26:43,49,0,0,8151
2026-09-16 13:26:54,48,0,0,8151
2026-09-16 13:27:05,48,0,0,8151
2026-09-16 13:27:16,48,0,0,8151
2026-09-16 13:27:26,48,0,0,8151
2026-09-16 13:27:37,48,0,0,8151
2026-09-16 13:27:48,48,0,0,8151
2026-09-16 13:27:59,48,0,0,8151
2026-09-16 13:28:10,48,0,0,8151
2026-09-16 13:28:21,48,0,0,8151
2026-09-16 13:28:31,48,0,0,8151
2026-09-16 13:28:42,48,0,0,8151
2026-09-16 13:28:53,48,0,0,8151
2026-09-16 13:29:04,48,0,0,8151
2026-09-16 13:29:15,48,0,0,8151
2026-09-16 13:29:25,48,0,0,8151
2026-09-16 13:29:36,48,0,0,8151
2026-09-16 13:29:47,49,0,0,8151
2026-09-16 13:29:58,48,0,0,8151
2026-09-16 13:30:09,48,0,0,8151
2026-09-16 13:30:19,48,0,0,8151
2026-09-16 13:30:30,48,0,0,8151
2026-09-16 13:30:41,48,0,0,8151
2026-09-16 13:30:52,48,0,0,8151
2026-09-16 13:31:03,48,0,0,8151
2026-09-16 13:31:14,48,0,0,8151
2026-09-16 13:31:24,48,0,0,8151
2026-09-16 13:31:35,48,0,0,8151
2026-09-16 13:31:46,48,0,0,8151
2026-09-16 13:31:57,48,0,0,8151
2026-09-16 13:32:08,48,0,0,8151
2026-09-16 13:32:18,48,0,0,8151
2026-09-16 13:32:29,48,0,0,8151
2026-09-16 13:32:40,48,0,0,8151
2026-09-16 13:32:51,48,0,0,8151
2026-09-16 13:33:02,48,0,0,8151
2026-09-16 13:33:13,48,0,0,8151
2026-09-16 13:33:24,47,0,0,8151
2026-09-16 13:33:34,48,0,0,8151
2026-09-16 13:33:45,47,0,0,8151
2026-09-16 13:33:56,48,0,0,8151
2026-09-16 13:34:07,48,0,0,8151
2026-09-16 13:34:18,47,0,0,8151
2026-09-16 13:34:28,47,0,0,8151
2026-09-16 13:34:39,47,0,0,8151
2026-09-16 13:34:50,48,0,0,8151
2026-09-16 13:35:01,48,0,0,8151
2026-09-16 13:35:12,48,0,0,8151
2026-09-16 13:35:23,48,0,0,8151
2026-09-16 13:35:33,48,0,0,8151
2026-09-16 13:35:44,48,0,0,8151
2026-09-16 13:35:55,48,0,0,8151
2026-09-16 13:36:06,48,0,0,8151
2026-09-16 13:36:17,48,0,0,8151
2026-09-16 13:36:28,48,0,0,8151
2026-09-16 13:36:38,47,0,0,8151
2026-09-16 13:36:49,47,0,0,8151
2026-09-16 13:37:00,47,0,0,8151
2026-09-16 13:37:11,48,0,0,8151
2026-09-16 13:37:22,48,0,0,8151
2026-09-16 13:37:33,48,0,0,8151
2026-09-16 13:37:43,47,0,0,8151
2026-09-16 13:37:54,47,0,0,8151
2026-09-16 13:38:05,48,0,0,8151
2026-09-16 13:38:16,48,0,0,8151
2026-09-16 13:38:27,48,0,0,8151
2026-09-16 13:38:38,48,0,0,8151
2026-09-16 13:38:48,48,0,0,8151
2026-09-16 13:38:59,48,0,0,8151
2026-09-16 13:39:10,48,0,0,8151
2026-09-16 13:39:21,48,0,0,8151
2026-09-16 13:39:32,48,0,0,8151
2026-09-16 13:39:43,48,0,0,8151
2026-09-16 13:39:53,48,0,0,8151
2026-09-16 13:40:04,48,0,0,8151
2026-09-16 13:40:15,48,0,0,8151
2026-09-16 13:40:26,48,0,0,8151
2026-09-16 13:40:37,48,0,0,8151
2026-09-16 13:40:47,48,0,0,8151
2026-09-16 13:40:58,48,0,0,8151
2026-09-16 13:41:09,48,0,0,8151
2026-09-16 13:41:20,48,0,0,8151
2026-09-16 13:41:31,48,0,0,8151
2026-09-16 13:41:42,48,0,0,8151
2026-09-16 13:41:52,48,0,0,8151
2026-09-16 13:42:03,48,0,0,8151
2026-09-16 13:42:14,48,0,0,8151
2026-09-16 13:42:25,48,0,0,8151
2026-09-16 13:42:36,48,0,0,8151
2026-09-16 13:42:47,48,0,0,8151
2026-09-16 13:42:57,48,0,0,8151
2026-09-16 13:43:08,48,0,0,8151
