2026-09-18 23:25:56,52,32,6148,8151
2026-09-18 23:26:06,51,0,6148,8151
2026-09-18 23:26:16,49,0,6148,8151
2026-09-18 23:26:26,48,0,6148,8151
2026-09-18 23:26:36,47,0,6148,8151
2026-09-18 23:26:46,47,0,6148,8151
2026-09-18 23:26:57,50,0,6148,8151
2026-09-18 23:27:07,52,3,6148,8151
2026-09-18 23:27:17,58,37,6148,8151
2026-09-18 23:27:27,59,41,6148,8151
2026-09-18 23:27:38,56,82,6148,8151
2026-09-18 23:27:48,52,0,6148,8151
2026-09-18 23:27:58,51,29,6148,8151
2026-09-18 23:28:08,51,30,6148,8151
2026-09-18 23:28:18,49,0,6148,8151
2026-09-18 23:28:29,48,0,6148,8151
2026-09-18 23:28:39,47,0,6148,8151
2026-09-18 23:28:49,46,0,6148,8151
2026-09-18 23:28:59,51,40,6148,8151
2026-09-18 23:29:09,52,77,6148,8151
2026-09-18 23:29:20,55,69,6148,8151
2026-09-18 23:29:30,56,86,6148,8151
2026-09-18 23:29:40,54,24,6148,8151
2026-09-18 23:29:50,52,0,6148,8151
2026-09-18 23:30:01,52,31,6148,8151
2026-09-18 23:30:11,51,0,6148,8151
2026-09-18 23:30:21,50,0,6148,8151
2026-09-18 23:30:31,48,0,6148,8151
2026-09-18 23:30:42,47,0,6148,8151
2026-09-18 23:30:52,46,0,6148,8151
2026-09-18 23:31:02,49,39,6148,8151
2026-09-18 23:31:12,50,39,6148,8151
2026-09-18 23:31:22,55,0,6148,8151
2026-09-18 23:31:33,55,19,6148,8151
2026-09-18 23:31:43,54,54,6148,8151
2026-09-18 23:31:53,52,29,6148,8151
2026-09-18 23:32:03,52,33,6148,8151
2026-09-18 23:32:13,52,74,6148,8151
2026-09-18 23:32:24,50,0,6148,8151
2026-09-18 23:32:34,48,0,6148,8151
2026-09-18 23:32:44,46,0,6148,8151
2026-09-18 23:32:54,45,0,6148,8151
2026-09-18 23:33:04,45,0,6148,8151
2026-09-18 23:33:15,45,0,6148,8151
2026-09-18 23:33:25,51,81,6148,8151
2026-09-18 23:33:35,50,30,6148,8151
2026-09-18 23:33:45,51,8,6148,8151
2026-09-18 23:33:55,52,0,6148,8151
2026-09-18 23:34:06,55,59,6148,8151
2026-09-18 23:34:16,55,44,6148,8151
2026-09-18 23:34:26,52,0,6148,8151
2026-09-18 23:34:36,54,63,6148,8151
2026-09-18 23:34:47,50,0,6148,8151
2026-09-18 23:34:57,48,0,6148,8151
2026-09-18 23:35:07,47,0,6148,8151
2026-09-18 23:35:17,46,0,6148,8151
2026-09-18 23:35:27,52,37,6148,8151
2026-09-18 23:35:37,50,6,6148,8151
2026-09-18 23:35:48,54,96,6148,8151
2026-09-18 23:35:58,58,39,6148,8151
2026-09-18 23:36:08,54,16,6148,8151
2026-09-18 23:36:18,53,28,6148,8151
2026-09-18 23:36:29,56,56,6148,8151
2026-09-18 23:36:39,51,0,6148,8151
2026-09-18 23:36:49,50,0,6148,8151
2026-09-18 23:36:59,48,0,6148,8151
2026-09-18 23:37:09,47,0,6148,8151
2026-09-18 23:37:20,46,0,6148,8151
2026-09-18 23:37:30,49,6,6148,8151
2026-09-18 23:37:40,54,75,6148,8151
2026-09-18 23:37:50,53,25,6148,8151
2026-09-18 23:38:00,54,36,6148,8151
2026-09-18 23:38:11,54,31,6148,8151
2026-09-18 23:38:21,53,30,6148,8151
2026-09-18 23:38:31,51,0,6148,8151
2026-09-18 23:38:41,54,99,6148,8151
2026-09-18 23:38:52,49,0,6148,8151
2026-09-18 23:39:02,48,0,6148,8151
2026-09-18 23:39:12,47,0,6148,8151
2026-09-18 23:39:22,46,0,6148,8151
2026-09-18 23:39:32,50,71,6148,8151
2026-09-18 23:39:43,51,83,6148,8151
2026-09-18 23:39:53,53,25,6148,8151
2026-09-18 23:40:03,56,0,6148,8151
2026-09-18 23:40:13,55,26,6148,8151
2026-09-18 23:40:23,53,32,6148,8151
2026-09-18 23:40:34,53,0,6148,8151
2026-09-18 23:40:44,54,96,6148,8151
2026-09-18 23:40:54,49,0,6148,8151
2026-09-18 23:41:04,48,0,6148,8151
2026-09-18 23:41:14,47,0,6148,8151
2026-09-18 23:41:25,46,0,6148,8151
2026-09-18 23:41:35,51,79,6148,8151
2026-09-18 23:41:45,51,41,6148,8151
2026-09-18 23:41:55,54,91,6148,8151
2026-09-18 23:42:06,53,20,6148,8151
2026-09-18 23:42:16,54,0,6148,8151
2026-09-18 23:42:26,53,27,6148,8151
2026-09-18 23:42:36,51,29,6148,8151
2026-09-18 23:42:46,51,31,6148,8151
2026-09-18 23:42:57,50,0,6148,8151
2026-09-18 23:43:07,49,0,6148,8151
2026-09-18 23:43:17,48,0,6148,8151
2026-09-18 23:43:27,47,0,6148,8151
2026-09-18 23:43:37,50,32,6148,8151
2026-09-18 23:43:48,52,35,6148,8151
2026-09-18 23:43:58,54,49,6148,8151
2026-09-18 23:44:08,53,3,6148,8151
2026-09-18 23:44:18,53,0,6148,8151
2026-09-18 23:44:29,57,56,6148,8151
2026-09-18 23:44:39,52,31,6148,8151
2026-09-18 23:44:49,51,31,6148,8151
2026-09-18 23:44:59,50,0,6148,8151
2026-09-18 23:45:09,49,0,6148,8151
2026-09-18 23:45:20,48,0,6148,8151
2026-09-18 23:45:30,47,0,6148,8151
2026-09-18 23:45:40,46,0,6148,8151
2026-09-18 23:45:50,49,0,6148,8151
2026-09-18 23:46:00,53,50,6148,8151
2026-09-18 23:46:11,53,0,6148,8151
2026-09-18 23:46:21,53,100,6148,8151
2026-09-18 23:46:31,54,15,6148,8151
2026-09-18 23:46:41,52,0,6148,8151
2026-09-18 23:46:51,51,24,6148,8151
2026-09-18 23:47:02,51,34,6148,8151
2026-09-18 23:47:12,49,0,6148,8151
2026-09-18 23:47:22,48,0,6148,8151
2026-09-18 23:47:32,47,0,6148,8151
2026-09-18 23:47:42,46,0,6148,8151
2026-09-18 23:47:53,49,13,6148,8151
2026-09-18 23:48:03,51,5,6148,8151
2026-09-18 23:48:13,52,37,6148,8151
2026-09-18 23:48:23,54,22,6148,8151
2026-09-18 23:48:33,55,80,6148,8151
2026-09-18 23:48:44,56,97,6148,8151
2026-09-18 23:48:54,51,31,6148,8151
2026-09-18 23:49:04,51,32,6148,8151
2026-09-18 23:49:14,49,0,6148,8151
2026-09-18 23:49:24,48,0,6148,8151
2026-09-18 23:49:35,47,0,6148,8151
2026-09-18 23:49:45,46,0,6148,8151
2026-09-18 23:49:55,49,14,6148,8151
2026-09-18 23:50:05,50,0,6148,8151
2026-09-18 23:50:15,54,96,6148,8151
2026-09-18 23:50:26,53,0,6148,8151
2026-09-18 23:50:36,58,38,6148,8151
2026-09-18 23:50:46,53,8,6148,8151
2026-09-18 23:50:56,52,30,6148,8151
2026-09-18 23:51:07,51,32,6148,8151
2026-09-18 23:51:17,50,0,6148,8151
2026-09-18 23:51:27,48,0,6148,8151
2026-09-18 23:51:37,47,0,6148,8151
2026-09-18 23:51:47,46,0,6148,8151
2026-09-18 23:51:57,50,99,6148,8151
2026-09-18 23:52:08,51,0,6148,8151
2026-09-18 23:52:18,53,94,6148,8151
2026-09-18 23:52:28,53,0,6148,8151
2026-09-18 23:52:38,55,91,6148,8151
2026-09-18 23:52:49,57,35,6148,8151
2026-09-18 23:52:59,54,50,6148,8151
2026-09-18 23:53:09,51,0,6148,8151
2026-09-18 23:53:19,50,0,6148,8151
2026-09-18 23:53:29,48,0,6148,8151
2026-09-18 23:53:40,47,0,6148,8151
2026-09-18 23:53:50,46,0,6148,8151
2026-09-18 23:54:00,51,35,6148,8151
2026-09-18 23:54:10,50,38,6148,8151
2026-09-18 23:54:20,58,44,6148,8151
2026-09-18 23:54:31,55,0,6148,8151
2026-09-18 23:54:41,53,36,6148,8151
2026-09-18 23:54:51,55,53,6148,8151
2026-09-18 23:55:01,51,31,6148,8151
2026-09-18 23:55:11,51,20,6148,8151
2026-09-18 23:55:22,50,0,6148,8151
2026-09-18 23:55:32,48,0,6148,8151
2026-09-18 23:55:42,47,0,6148,8151
2026-09-18 23:55:52,46,0,6148,8151
2026-09-18 23:56:02,48,0,6148,8151
2026-09-18 23:56:12,50,22,6148,8151
2026-09-18 23:56:23,54,78,6148,8151
2026-09-18 23:56:33,52,0,6148,8151
2026-09-18 23:56:43,58,38,6148,8151
2026-09-18 23:56:53,57,54,6148,8151
2026-09-18 23:57:04,52,94,6148,8151
2026-09-18 23:57:14,51,20,6148,8151
2026-09-18 23:57:24,50,0,6148,8151
2026-09-18 23:57:34,48,0,6148,8151
2026-09-18 23:57:44,47,0,6148,8151
2026-09-18 23:57:54,46,0,6148,8151
2026-09-18 23:58:05,48,0,6148,8151
2026-09-18 23:58:15,50,9,6148,8151
2026-09-18 23:58:25,51,0,6148,8151
2026-09-18 23:58:35,53,1,6148,8151
2026-09-18 23:58:46,55,100,6148,8151
2026-09-18 23:58:56,53,9,6148,8151
2026-09-18 23:59:06,52,29,6148,8151
2026-09-18 23:59:16,51,19,6148,8151
2026-09-18 23:59:26,50,0,6148,8151
2026-09-18 23:59:37,48,0,6148,8151
2026-09-18 23:59:47,47,0,6148,8151
2026-09-18 23:59:57,46,0,6148,8151
2026-09-19 00:00:07,48,2,6148,8151
2026-09-19 00:00:17,51,49,6148,8151
2026-09-19 00:00:28,52,0,6148,8151
2026-09-19 00:00:38,53,12,6148,8151
2026-09-19 00:00:48,53,0,6148,8151
2026-09-19 00:00:58,57,40,6148,8151
2026-09-19 00:01:08,52,27,6148,8151
2026-09-19 00:01:19,51,33,6148,8151
2026-09-19 00:01:29,50,0,6148,8151
2026-09-19 00:01:39,49,0,6148,8151
2026-09-19 00:01:49,47,0,6148,8151
2026-09-19 00:01:59,47,0,6148,8151
2026-09-19 00:02:09,48,36,6148,8151
2026-09-19 00:02:20,53,23,6148,8151
2026-09-19 00:02:30,51,37,6148,8151
2026-09-19 00:02:40,59,31,6148,8151
2026-09-19 00:02:50,53,41,6148,8151
2026-09-19 00:03:01,57,24,6148,8151
2026-09-19 00:03:11,52,0,6148,8151
2026-09-19 00:03:21,51,28,6148,8151
2026-09-19 00:03:31,50,0,6148,8151
2026-09-19 00:03:41,49,0,6148,8151
2026-09-19 00:03:52,47,0,6148,8151
2026-09-19 00:04:02,47,0,6148,8151
2026-09-19 00:04:12,46,0,6148,8151
2026-09-19 00:04:22,49,0,6148,8151
2026-09-19 00:04:32,54,42,6148,8151
2026-09-19 00:04:43,55,34,6148,8151
2026-09-19 00:04:53,53,6,6148,8151
2026-09-19 00:05:03,54,7,6148,8151
2026-09-19 00:05:13,52,33,6148,8151
2026-09-19 00:05:23,55,99,6148,8151
2026-09-19 00:05:34,51,0,6148,8151
2026-09-19 00:05:44,49,0,6148,8151
2026-09-19 00:05:54,48,0,6148,8151
2026-09-19 00:06:04,47,0,6148,8151
2026-09-19 00:06:14,46,0,6148,8151
2026-09-19 00:06:24,51,35,6148,8151
2026-09-19 00:06:35,52,21,6148,8151
2026-09-19 00:06:45,52,9,6148,8151
2026-09-19 00:06:55,56,54,6148,8151
2026-09-19 00:07:05,53,1,6148,8151
2026-09-19 00:07:16,53,31,6148,8151
2026-09-19 00:07:26,51,35,6148,8151
2026-09-19 00:07:36,55,67,6148,8151
2026-09-19 00:07:46,49,0,6148,8151
2026-09-19 00:07:56,47,0,6148,8151
2026-09-19 00:08:06,46,0,6148,8151
2026-09-19 00:08:17,46,0,6148,8151
2026-09-19 00:08:27,49,0,6148,8151
2026-09-19 00:08:37,52,47,6148,8151
2026-09-19 00:08:47,51,13,6148,8151
2026-09-19 00:08:57,58,38,6148,8151
2026-09-19 00:09:08,56,67,6148,8151
2026-09-19 00:09:18,52,0,6148,8151
2026-09-19 00:09:28,51,33,6148,8151
2026-09-19 00:09:38,51,33,6148,8151
2026-09-19 00:09:48,49,0,6148,8151
2026-09-19 00:09:59,48,0,6148,8151
2026-09-19 00:10:09,47,0,6148,8151
2026-09-19 00:10:19,46,0,6148,8151
2026-09-19 00:10:29,49,79,6148,8151
2026-09-19 00:10:39,50,1,6148,8151
2026-09-19 00:10:50,52,59,6148,8151
2026-09-19 00:11:00,54,0,6148,8151
2026-09-19 00:11:10,55,1,6148,8151
2026-09-19 00:11:20,54,27,6148,8151
2026-09-19 00:11:30,54,0,6148,8151
2026-09-19 00:11:41,51,0,6148,8151
2026-09-19 00:11:51,49,0,6148,8151
2026-09-19 00:12:01,48,0,6148,8151
2026-09-19 00:12:11,47,0,6148,8151
2026-09-19 00:12:21,46,0,6148,8151
2026-09-19 00:12:31,49,15,6148,8151
2026-09-19 00:12:42,57,61,6148,8151
2026-09-19 00:12:52,51,0,6148,8151
2026-09-19 00:13:02,53,21,6148,8151
2026-09-19 00:13:12,52,9,6148,8151
2026-09-19 00:13:23,54,16,6148,8151
2026-09-19 00:13:33,52,32,6148,8151
2026-09-19 00:13:43,51,32,6148,8151
2026-09-19 00:13:53,50,0,6148,8151
2026-09-19 00:14:03,48,0,6148,8151
2026-09-19 00:14:13,47,0,6148,8151
2026-09-19 00:14:24,46,0,6148,8151
2026-09-19 00:14:34,52,75,6148,8151
2026-09-19 00:14:44,51,34,6148,8151
2026-09-19 00:14:54,52,91,6148,8151
2026-09-19 00:15:04,52,0,6148,8151
2026-09-19 00:15:15,53,11,6148,8151
2026-09-19 00:15:25,53,0,6148,8151
2026-09-19 00:15:35,51,0,6148,8151
2026-09-19 00:15:45,53,100,6148,8151
2026-09-19 00:15:56,49,0,6148,8151
2026-09-19 00:16:06,48,0,6148,8151
2026-09-19 00:16:16,47,0,6148,8151
2026-09-19 00:16:26,46,0,6148,8151
2026-09-19 00:16:36,50,87,6148,8151
2026-09-19 00:16:46,50,0,6148,8151
2026-09-19 00:16:57,52,7,6148,8151
2026-09-19 00:17:07,52,0,6148,8151
2026-09-19 00:17:17,54,98,6148,8151
2026-09-19 00:17:27,53,0,6148,8151
2026-09-19 00:17:37,51,33,6148,8151
2026-09-19 00:17:48,51,31,6148,8151
2026-09-19 00:17:58,50,0,6148,8151
2026-09-19 00:18:08,48,0,6148,8151
2026-09-19 00:18:18,47,0,6148,8151
2026-09-19 00:18:28,46,0,6148,8151
2026-09-19 00:18:38,50,92,6148,8151
2026-09-19 00:18:49,50,0,6148,8151
2026-09-19 00:18:59,58,38,6148,8151
2026-09-19 00:19:09,54,82,6148,8151
2026-09-19 00:19:19,54,0,6148,8151
2026-09-19 00:19:30,55,93,6148,8151
2026-09-19 00:19:40,56,59,6148,8151
2026-09-19 00:19:50,51,0,6148,8151
2026-09-19 00:20:00,50,0,6148,8151
2026-09-19 00:20:10,48,0,6148,8151
2026-09-19 00:20:21,47,0,6148,8151
2026-09-19 00:20:31,46,0,6148,8151
2026-09-19 00:20:41,49,0,6148,8151
2026-09-19 00:20:51,50,31,6148,8151
2026-09-19 00:21:01,56,41,6148,8151
2026-09-19 00:21:12,54,0,6148,8151
2026-09-19 00:21:22,53,48,6148,8151
2026-09-19 00:21:32,55,2,6148,8151
2026-09-19 00:21:42,51,33,6148,8151
2026-09-19 00:21:52,51,32,6148,8151
2026-09-19 00:22:03,50,0,6148,8151
2026-09-19 00:22:13,48,0,6148,8151
2026-09-19 00:22:23,47,0,6148,8151
2026-09-19 00:22:33,46,0,6148,8151
2026-09-19 00:22:43,46,0,6148,8151
2026-09-19 00:22:53,49,5,6148,8151
2026-09-19 00:23:04,52,78,6148,8151
2026-09-19 00:23:14,53,100,6148,8151
2026-09-19 00:23:24,51,0,6148,8151
2026-09-19 00:23:34,51,0,6148,8151
2026-09-19 00:23:45,52,23,6148,8151
2026-09-19 00:23:55,52,0,6148,8151
2026-09-19 00:24:05,50,29,6148,8151
2026-09-19 00:24:15,52,49,6148,8151
2026-09-19 00:24:25,50,27,6148,8151
2026-09-19 00:24:36,48,0,6148,8151
2026-09-19 00:24:46,47,0,6148,8151
2026-09-19 00:24:56,46,0,6148,8151
2026-09-19 00:25:06,46,0,6148,8151
2026-09-19 00:25:16,48,19,6148,8151
2026-09-19 00:25:26,53,75,6148,8151
2026-09-19 00:25:37,52,35,6148,8151
2026-09-19 00:25:47,54,38,6148,8151
2026-09-19 00:25:57,52,0,6148,8151
2026-09-19 00:26:07,54,93,6148,8151
2026-09-19 00:26:18,52,25,6148,8151
2026-09-19 00:26:28,50,23,6148,8151
2026-09-19 00:26:38,50,0,6148,8151
2026-09-19 00:26:48,50,0,6148,8151
2026-09-19 00:26:59,49,0,6148,8151
2026-09-19 00:27:09,47,0,6148,8151
2026-09-19 00:27:19,47,0,6148,8151
2026-09-19 00:27:29,46,0,6148,8151
2026-09-19 00:27:39,49,22,6148,8151
2026-09-19 00:27:49,49,0,6148,8151
2026-09-19 00:28:00,52,47,6148,8151
2026-09-19 00:28:10,51,24,6148,8151
2026-09-19 00:28:20,51,0,6148,8151
2026-09-19 00:28:30,51,0,6148,8151
2026-09-19 00:28:41,53,91,6148,8151
2026-09-19 00:28:51,51,27,6148,8151
2026-09-19 00:29:01,51,23,6148,8151
2026-09-19 00:29:11,50,0,6148,8151
2026-09-19 00:29:21,49,0,6148,8151
2026-09-19 00:29:32,47,0,6148,8151
2026-09-19 00:29:42,46,0,6148,8151
2026-09-19 00:29:52,46,0,6148,8151
2026-09-19 00:30:02,47,100,6148,8151
2026-09-19 00:30:12,53,36,6148,8151
2026-09-19 00:30:22,51,88,6148,8151
2026-09-19 00:30:33,51,37,6148,8151
2026-09-19 00:30:43,51,24,6148,8151
2026-09-19 00:30:53,52,31,6148,8151
2026-09-19 00:31:03,52,88,6148,8151
2026-09-19 00:31:14,52,100,6148,8151
2026-09-19 00:31:24,50,30,6148,8151
2026-09-19 00:31:34,50,0,6148,8151
2026-09-19 00:31:44,50,0,6148,8151
2026-09-19 00:31:54,48,0,6148,8151
2026-09-19 00:32:05,47,0,6148,8151
2026-09-19 00:32:15,46,0,6148,8151
2026-09-19 00:32:25,46,0,6148,8151
2026-09-19 00:32:35,50,35,6148,8151
2026-09-19 00:32:45,53,36,6148,8151
2026-09-19 00:32:56,51,0,6148,8151
2026-09-19 00:33:06,51,0,6148,8151
2026-09-19 00:33:16,55,80,6148,8151
2026-09-19 00:33:26,52,0,6148,8151
2026-09-19 00:33:36,54,87,6148,8151
2026-09-19 00:33:47,51,28,6148,8151
2026-09-19 00:33:57,50,27,6148,8151
2026-09-19 00:34:07,50,0,6148,8151
2026-09-19 00:34:17,49,0,6148,8151
2026-09-19 00:34:27,48,0,6148,8151
2026-09-19 00:34:38,47,0,6148,8151
2026-09-19 00:34:48,46,0,6148,8151
2026-09-19 00:34:58,46,1,6148,8151
2026-09-19 00:35:08,52,80,6148,8151
2026-09-19 00:35:18,52,57,6148,8151
2026-09-19 00:35:29,50,0,6148,8151
2026-09-19 00:35:39,50,0,6148,8151
2026-09-19 00:35:49,51,0,6148,8151
2026-09-19 00:35:59,50,0,6148,8151
2026-09-19 00:36:09,50,0,6148,8151
2026-09-19 00:36:20,49,31,6148,8151
2026-09-19 00:36:30,49,34,6148,8151
2026-09-19 00:36:40,49,28,6148,8151
2026-09-19 00:36:50,48,0,6148,8151
2026-09-19 00:37:00,47,0,6148,8151
2026-09-19 00:37:10,47,0,6148,8151
2026-09-19 00:37:21,46,0,6148,8151
2026-09-19 00:37:31,46,0,6148,8151
2026-09-19 00:37:41,48,0,6148,8151
2026-09-19 00:37:51,50,37,6148,8151
2026-09-19 00:38:01,50,0,6148,8151
2026-09-19 00:38:12,51,98,6148,8151
2026-09-19 00:38:22,52,80,6148,8151
2026-09-19 00:38:32,52,36,6148,8151
2026-09-19 00:38:42,52,13,6148,8151
2026-09-19 00:38:53,50,32,6148,8151
2026-09-19 00:39:03,50,34,6148,8151
2026-09-19 00:39:13,49,0,6148,8151
2026-09-19 00:39:23,48,0,6148,8151
2026-09-19 00:39:33,47,0,6148,8151
2026-09-19 00:39:43,46,0,6148,8151
2026-09-19 00:39:54,45,0,6148,8151
2026-09-19 00:40:04,45,0,6148,8151
2026-09-19 00:40:14,48,0,6148,8151
2026-09-19 00:40:24,49,0,6148,8151
2026-09-19 00:40:34,50,0,6148,8151
2026-09-19 00:40:45,52,26,6148,8151
2026-09-19 00:40:55,52,0,6148,8151
2026-09-19 00:41:05,51,0,6148,8151
2026-09-19 00:41:15,53,54,6148,8151
2026-09-19 00:41:26,50,29,6148,8151
2026-09-19 00:41:36,49,0,6148,8151
2026-09-19 00:41:46,49,0,6148,8151
2026-09-19 00:41:56,47,0,6148,8151
2026-09-19 00:42:06,46,0,6148,8151
2026-09-19 00:42:17,45,0,6148,8151
2026-09-19 00:42:27,45,0,6148,8151
2026-09-19 00:42:37,48,14,6148,8151
2026-09-19 00:42:47,50,88,6148,8151
2026-09-19 00:42:57,50,2,6148,8151
2026-09-19 00:43:08,52,95,6148,8151
2026-09-19 00:43:18,52,17,6148,8151
2026-09-19 00:43:28,53,29,6148,8151
2026-09-19 00:43:38,51,0,6148,8151
2026-09-19 00:43:49,50,30,6148,8151
2026-09-19 00:43:59,50,32,6148,8151
2026-09-19 00:44:09,50,27,6148,8151
2026-09-19 00:44:19,48,0,6148,8151
2026-09-19 00:44:29,47,0,6148,8151
2026-09-19 00:44:39,46,0,6148,8151
2026-09-19 00:44:49,45,0,6148,8151
2026-09-19 00:45:00,47,37,6148,8151
2026-09-19 00:45:10,48,0,6148,8151
2026-09-19 00:45:20,51,98,6148,8151
2026-09-19 00:45:30,50,0,6148,8151
2026-09-19 00:45:41,54,61,6148,8151
2026-09-19 00:45:51,56,66,6148,8151
2026-09-19 00:46:01,51,0,6148,8151
2026-09-19 00:46:11,50,31,6148,8151
2026-09-19 00:46:21,52,39,6148,8151
2026-09-19 00:46:32,51,96,6148,8151
2026-09-19 00:46:42,48,0,6148,8151
2026-09-19 00:46:52,47,0,6148,8151
2026-09-19 00:47:02,46,0,6148,8151
2026-09-19 00:47:12,45,0,6148,8151
2026-09-19 00:47:22,45,0,6148,8151
2026-09-19 00:47:33,47,0,6148,8151
2026-09-19 00:47:43,49,36,6148,8151
2026-09-19 00:47:53,49,0,6148,8151
2026-09-19 00:48:03,52,22,6148,8151
2026-09-19 00:48:14,51,0,6148,8151
2026-09-19 00:48:24,52,87,6148,8151
2026-09-19 00:48:34,50,0,6148,8151
2026-09-19 00:48:44,53,0,6148,8151
2026-09-19 00:48:55,49,0,6148,8151
2026-09-19 00:49:05,48,0,6148,8151
2026-09-19 00:49:15,47,0,6148,8151
2026-09-19 00:49:25,46,0,6148,8151
2026-09-19 00:49:35,45,0,6148,8151
2026-09-19 00:49:45,45,0,6148,8151
2026-09-19 00:49:56,48,11,6148,8151
2026-09-19 00:50:06,52,38,6148,8151
2026-09-19 00:50:16,52,48,6148,8151
2026-09-19 00:50:26,52,31,6148,8151
2026-09-19 00:50:36,51,0,6148,8151
2026-09-19 00:50:47,53,33,6148,8151
2026-09-19 00:50:57,53,100,6148,8151
2026-09-19 00:51:07,50,30,6148,8151
2026-09-19 00:51:17,49,0,6148,8151
2026-09-19 00:51:27,49,0,6148,8151
2026-09-19 00:51:38,47,0,6148,8151
2026-09-19 00:51:48,46,0,6148,8151
2026-09-19 00:51:58,46,0,6148,8151
2026-09-19 00:52:08,45,0,6148,8151
2026-09-19 00:52:18,47,14,6148,8151
2026-09-19 00:52:28,50,17,6148,8151
2026-09-19 00:52:39,50,0,6148,8151
2026-09-19 00:52:49,54,74,6148,8151
2026-09-19 00:52:59,53,30,6148,8151
2026-09-19 00:53:09,53,81,6148,8151
2026-09-19 00:53:20,51,0,6148,8151
2026-09-19 00:53:30,51,21,6148,8151
2026-09-19 00:53:40,49,0,6148,8151
2026-09-19 00:53:50,49,32,6148,8151
2026-09-19 00:54:00,47,0,6148,8151
2026-09-19 00:54:11,46,0,6148,8151
2026-09-19 00:54:21,46,0,6148,8151
2026-09-19 00:54:31,45,0,6148,8151
2026-09-19 00:54:41,48,25,6148,8151
2026-09-19 00:54:51,49,0,6148,8151
2026-09-19 00:55:02,49,0,6148,8151
2026-09-19 00:55:12,50,0,6148,8151
2026-09-19 00:55:22,50,0,6148,8151
2026-09-19 00:55:32,51,0,6148,8151
2026-09-19 00:55:43,50,0,6148,8151
2026-09-19 00:55:53,50,0,6148,8151
2026-09-19 00:56:03,49,2,6148,8151
2026-09-19 00:56:13,49,0,6148,8151
2026-09-19 00:56:23,48,0,6148,8151
2026-09-19 00:56:34,47,0,6148,8151
2026-09-19 00:56:44,46,0,6148,8151
2026-09-19 00:56:54,45,0,6148,8151
2026-09-19 00:57:04,51,38,6148,8151
2026-09-19 00:57:14,49,32,6148,8151
2026-09-19 00:57:25,50,28,6148,8151
2026-09-19 00:57:35,51,99,6148,8151
2026-09-19 00:57:45,52,3,6148,8151
2026-09-19 00:57:55,52,34,6148,8151
2026-09-19 00:58:05,50,0,6148,8151
2026-09-19 00:58:16,52,97,6148,8151
2026-09-19 00:58:26,50,29,6148,8151
2026-09-19 00:58:36,50,23,6148,8151
2026-09-19 00:58:46,49,0,6148,8151
2026-09-19 00:58:56,47,0,6148,8151
2026-09-19 00:59:07,46,0,6148,8151
2026-09-19 00:59:17,46,0,6148,8151
2026-09-19 00:59:27,45,0,6148,8151
2026-09-19 00:59:37,49,100,6148,8151
2026-09-19 00:59:47,48,0,6148,8151
2026-09-19 00:59:58,51,97,6148,8151
2026-09-19 01:00:08,52,81,6148,8151
2026-09-19 01:00:18,56,37,6148,8151
2026-09-19 01:00:28,54,64,6148,8151
2026-09-19 01:00:38,55,59,6148,8151
2026-09-19 01:00:49,54,45,6148,8151
2026-09-19 01:00:59,49,0,6148,8151
2026-09-19 01:01:09,49,28,6148,8151
2026-09-19 01:01:19,47,0,6148,8151
2026-09-19 01:01:29,46,0,6148,8151
2026-09-19 01:01:40,45,0,6148,8151
2026-09-19 01:01:50,45,0,6148,8151
2026-09-19 01:02:00,46,27,6148,8151
2026-09-19 01:02:10,48,0,6148,8151
2026-09-19 01:02:21,49,0,6148,8151
2026-09-19 01:02:31,49,0,6148,8151
2026-09-19 01:02:41,50,2,6148,8151
2026-09-19 01:02:51,55,82,6148,8151
2026-09-19 01:03:01,52,46,6148,8151
2026-09-19 01:03:12,52,30,6148,8151
2026-09-19 01:03:22,49,29,6148,8151
2026-09-19 01:03:32,49,30,6148,8151
2026-09-19 01:03:42,48,0,6148,8151
2026-09-19 01:03:52,47,0,6148,8151
2026-09-19 01:04:03,46,0,6148,8151
2026-09-19 01:04:13,45,0,6148,8151
2026-09-19 01:04:23,46,0,6148,8151
2026-09-19 01:04:33,47,0,6148,8151
2026-09-19 01:04:43,49,0,6148,8151
2026-09-19 01:04:54,49,0,6148,8151
2026-09-19 01:05:04,50,0,6148,8151
2026-09-19 01:05:14,50,0,6148,8151
2026-09-19 01:05:24,54,41,6148,8151
2026-09-19 01:05:35,52,8,6148,8151
2026-09-19 01:05:45,52,100,6148,8151
2026-09-19 01:05:55,50,22,6148,8151
2026-09-19 01:06:05,48,0,6148,8151
2026-09-19 01:06:15,47,0,6148,8151
2026-09-19 01:06:26,46,0,6148,8151
2026-09-19 01:06:36,45,0,6148,8151
2026-09-19 01:06:46,45,0,6148,8151
2026-09-19 01:06:56,48,12,6148,8151
2026-09-19 01:07:06,48,10,6148,8151
2026-09-19 01:07:17,50,25,6148,8151
2026-09-19 01:07:27,50,0,6148,8151
2026-09-19 01:07:37,51,0,6148,8151
2026-09-19 01:07:47,52,39,6148,8151
2026-09-19 01:07:57,52,32,6148,8151
2026-09-19 01:08:08,50,29,6148,8151
2026-09-19 01:08:18,50,27,6148,8151
2026-09-19 01:08:28,49,30,6148,8151
2026-09-19 01:08:38,48,0,6148,8151
2026-09-19 01:08:48,46,0,6148,8151
2026-09-19 01:08:59,45,0,6148,8151
2026-09-19 01:09:09,45,0,6148,8151
2026-09-19 01:09:19,47,0,6148,8151
2026-09-19 01:09:29,48,0,6148,8151
2026-09-19 01:09:39,49,0,6148,8151
2026-09-19 01:09:50,49,0,6148,8151
2026-09-19 01:10:00,50,0,6148,8151
2026-09-19 01:10:10,51,0,6148,8151
2026-09-19 01:10:20,50,0,6148,8151
2026-09-19 01:10:31,50,32,6148,8151
2026-09-19 01:10:41,50,31,6148,8151
2026-09-19 01:10:51,49,30,6148,8151
2026-09-19 01:11:01,48,0,6148,8151
2026-09-19 01:11:11,46,0,6148,8151
2026-09-19 01:11:21,46,0,6148,8151
2026-09-19 01:11:32,45,0,6148,8151
2026-09-19 01:11:42,45,0,6148,8151
2026-09-19 01:11:52,47,0,6148,8151
2026-09-19 01:12:02,48,0,6148,8151
2026-09-19 01:12:13,49,0,6148,8151
2026-09-19 01:12:23,54,67,6148,8151
2026-09-19 01:12:33,54,73,6148,8151
2026-09-19 01:12:43,51,0,6148,8151
2026-09-19 01:12:53,51,0,6148,8151
2026-09-19 01:13:04,52,33,6148,8151
2026-09-19 01:13:14,49,29,6148,8151
2026-09-19 01:13:24,49,0,6148,8151
2026-09-19 01:13:34,47,0,6148,8151
2026-09-19 01:13:44,46,0,6148,8151
2026-09-19 01:13:55,46,0,6148,8151
2026-09-19 01:14:05,45,0,6148,8151
2026-09-19 01:14:15,48,0,6148,8151
2026-09-19 01:14:25,49,6,6148,8151
2026-09-19 01:14:35,50,0,6148,8151
2026-09-19 01:14:46,52,30,6148,8151
2026-09-19 01:14:56,51,0,6148,8151
2026-09-19 01:15:06,55,68,6148,8151
2026-09-19 01:15:16,58,34,6148,8151
2026-09-19 01:15:27,53,83,6148,8151
2026-09-19 01:15:37,49,0,6148,8151
2026-09-19 01:15:47,52,99,6148,8151
2026-09-19 01:15:57,47,0,6148,8151
2026-09-19 01:16:07,46,0,6148,8151
2026-09-19 01:16:18,46,0,6148,8151
2026-09-19 01:16:28,45,0,6148,8151
2026-09-19 01:16:38,46,0,6148,8151
2026-09-19 01:16:48,48,0,6148,8151
2026-09-19 01:16:58,49,0,6148,8151
2026-09-19 01:17:09,51,36,6148,8151
2026-09-19 01:17:19,51,22,6148,8151
2026-09-19 01:17:29,57,16,6148,8151
2026-09-19 01:17:39,51,0,6148,8151
2026-09-19 01:17:49,50,0,6148,8151
2026-09-19 01:18:00,49,28,6148,8151
2026-09-19 01:18:10,50,20,6148,8151
2026-09-19 01:18:20,48,0,6148,8151
2026-09-19 01:18:30,47,0,6148,8151
2026-09-19 01:18:40,46,0,6148,8151
2026-09-19 01:18:51,45,0,6148,8151
2026-09-19 01:19:01,45,0,6148,8151
2026-09-19 01:19:11,48,0,6148,8151
2026-09-19 01:19:21,49,0,6148,8151
2026-09-19 01:19:31,50,0,6148,8151
2026-09-19 01:19:42,50,0,6148,8151
2026-09-19 01:19:52,51,0,6148,8151
2026-09-19 01:20:02,55,36,6148,8151
2026-09-19 01:20:12,53,33,6148,8151
2026-09-19 01:20:23,52,53,6148,8151
2026-09-19 01:20:33,53,54,6148,8151
2026-09-19 01:20:43,48,0,6148,8151
2026-09-19 01:20:53,47,0,6148,8151
2026-09-19 01:21:03,46,0,6148,8151
2026-09-19 01:21:14,45,0,6148,8151
2026-09-19 01:21:24,45,0,6148,8151
2026-09-19 01:21:34,46,0,6148,8151
2026-09-19 01:21:44,48,0,6148,8151
2026-09-19 01:21:54,49,0,6148,8151
2026-09-19 01:22:05,50,0,6148,8151
2026-09-19 01:22:15,50,0,6148,8151
2026-09-19 01:22:25,51,0,6148,8151
2026-09-19 01:22:35,50,0,6148,8151
2026-09-19 01:22:46,50,0,6148,8151
2026-09-19 01:22:56,49,27,6148,8151
2026-09-19 01:23:06,49,29,6148,8151
2026-09-19 01:23:16,47,0,6148,8151
2026-09-19 01:23:26,46,0,6148,8151
2026-09-19 01:23:37,46,0,6148,8151
2026-09-19 01:23:47,45,0,6148,8151
2026-09-19 01:23:57,46,0,6148,8151
2026-09-19 01:24:07,48,0,6148,8151
2026-09-19 01:24:17,49,0,6148,8151
2026-09-19 01:24:28,50,0,6148,8151
2026-09-19 01:24:38,51,0,6148,8151
2026-09-19 01:24:48,52,0,6148,8151
2026-09-19 01:24:58,50,0,6148,8151
2026-09-19 01:25:09,50,29,6148,8151
2026-09-19 01:25:19,50,23,6148,8151
2026-09-19 01:25:29,56,92,6148,8151
2026-09-19 01:25:39,47,0,6148,8151
2026-09-19 01:25:49,46,0,6148,8151
2026-09-19 01:25:59,45,0,6148,8151
2026-09-19 01:26:10,45,0,6148,8151
2026-09-19 01:26:20,45,0,6148,8151
2026-09-19 01:26:30,47,0,6148,8151
2026-09-19 01:26:40,48,0,6148,8151
2026-09-19 01:26:51,50,39,6148,8151
2026-09-19 01:27:01,50,10,6148,8151
2026-09-19 01:27:11,50,38,6148,8151
2026-09-19 01:27:21,53,0,6148,8151
2026-09-19 01:27:31,52,16,6148,8151
2026-09-19 01:27:42,52,0,6148,8151
2026-09-19 01:27:52,49,0,6148,8151
2026-09-19 01:28:02,48,0,6148,8151
2026-09-19 01:28:12,47,0,6148,8151
2026-09-19 01:28:22,46,0,6148,8151
2026-09-19 01:28:33,45,0,6148,8151
2026-09-19 01:28:43,45,0,6148,8151
2026-09-19 01:28:53,47,0,6148,8151
2026-09-19 01:29:03,50,29,6148,8151
2026-09-19 01:29:13,50,0,6148,8151
2026-09-19 01:29:24,51,8,6148,8151
2026-09-19 01:29:34,51,0,6148,8151
2026-09-19 01:29:44,52,30,6148,8151
2026-09-19 01:29:54,57,35,6148,8151
2026-09-19 01:30:05,50,11,6148,8151
2026-09-19 01:30:15,49,0,6148,8151
2026-09-19 01:30:25,49,4,6148,8151
2026-09-19 01:30:35,47,0,6148,8151
2026-09-19 01:30:45,46,0,6148,8151
2026-09-19 01:30:56,46,0,6148,8151
2026-09-19 01:31:06,45,0,6148,8151
2026-09-19 01:31:16,47,8,6148,8151
2026-09-19 01:31:26,48,0,6148,8151
2026-09-19 01:31:36,49,0,6148,8151
2026-09-19 01:31:47,50,0,6148,8151
2026-09-19 01:31:57,54,67,6148,8151
2026-09-19 01:32:07,51,0,6148,8151
2026-09-19 01:32:17,52,27,6148,8151
2026-09-19 01:32:28,50,31,6148,8151
2026-09-19 01:32:38,50,29,6148,8151
2026-09-19 01:32:48,50,21,6148,8151
2026-09-19 01:32:58,48,0,6148,8151
2026-09-19 01:33:08,46,0,6148,8151
2026-09-19 01:33:18,46,0,6148,8151
2026-09-19 01:33:29,45,0,6148,8151
2026-09-19 01:33:39,47,35,6148,8151
2026-09-19 01:33:49,50,58,6148,8151
2026-09-19 01:33:59,48,0,6148,8151
2026-09-19 01:34:10,49,0,6148,8151
2026-09-19 01:34:20,51,0,6148,8151
2026-09-19 01:34:30,52,0,6148,8151
2026-09-19 01:34:40,51,0,6148,8151
2026-09-19 01:34:50,50,0,6148,8151
2026-09-19 01:35:01,50,30,6148,8151
2026-09-19 01:35:11,49,28,6148,8151
2026-09-19 01:35:21,49,30,6148,8151
2026-09-19 01:35:31,47,0,6148,8151
2026-09-19 01:35:41,46,0,6148,8151
2026-09-19 01:35:51,45,0,6148,8151
2026-09-19 01:36:02,45,0,6148,8151
2026-09-19 01:36:12,47,0,6148,8151
2026-09-19 01:36:22,50,0,6148,8151
2026-09-19 01:36:32,49,0,6148,8151
2026-09-19 01:36:42,52,0,6148,8151
2026-09-19 01:36:53,50,0,6148,8151
2026-09-19 01:37:03,51,0,6148,8151
2026-09-19 01:37:13,51,0,6148,8151
2026-09-19 01:37:23,50,0,6148,8151
2026-09-19 01:37:34,49,0,6148,8151
2026-09-19 01:37:44,50,32,6148,8151
2026-09-19 01:37:54,48,0,6148,8151
2026-09-19 01:38:04,46,0,6148,8151
2026-09-19 01:38:14,46,0,6148,8151
2026-09-19 01:38:25,45,0,6148,8151
2026-09-19 01:38:35,46,0,6148,8151
2026-09-19 01:38:45,49,30,6148,8151
2026-09-19 01:38:55,49,29,6148,8151
2026-09-19 01:39:05,52,96,6148,8151
2026-09-19 01:39:16,50,11,6148,8151
2026-09-19 01:39:26,56,60,6148,8151
2026-09-19 01:39:36,52,0,6148,8151
2026-09-19 01:39:46,52,29,6148,8151
2026-09-19 01:39:57,52,51,6148,8151
2026-09-19 01:40:07,50,28,6148,8151
2026-09-19 01:40:17,48,0,6148,8151
2026-09-19 01:40:27,47,0,6148,8151
2026-09-19 01:40:37,46,0,6148,8151
2026-09-19 01:40:47,45,0,6148,8151
2026-09-19 01:40:58,47,97,6148,8151
2026-09-19 01:41:08,47,22,6148,8151
2026-09-19 01:41:18,52,72,6148,8151
2026-09-19 01:41:28,53,69,6148,8151
2026-09-19 01:41:39,51,8,6148,8151
2026-09-19 01:41:49,55,64,6148,8151
2026-09-19 01:41:59,51,0,6148,8151
2026-09-19 01:42:09,51,25,6148,8151
2026-09-19 01:42:19,50,27,6148,8151
2026-09-19 01:42:30,51,23,6148,8151
2026-09-19 01:42:40,49,0,6148,8151
2026-09-19 01:42:50,47,0,6148,8151
2026-09-19 01:43:00,46,0,6148,8151
2026-09-19 01:43:10,45,0,6148,8151
2026-09-19 01:43:20,45,0,6148,8151
2026-09-19 01:43:31,49,44,6148,8151
2026-09-19 01:43:41,50,90,6148,8151
2026-09-19 01:43:51,51,100,6148,8151
2026-09-19 01:44:01,52,98,6148,8151
2026-09-19 01:44:12,52,7,6148,8151
2026-09-19 01:44:22,51,31,6148,8151
2026-09-19 01:44:32,51,11,6148,8151
2026-09-19 01:44:42,56,65,6148,8151
2026-09-19 01:44:53,49,0,6148,8151
2026-09-19 01:45:03,49,0,6148,8151
2026-09-19 01:45:13,47,0,6148,8151
2026-09-19 01:45:23,46,0,6148,8151
2026-09-19 01:45:33,45,0,6148,8151
2026-09-19 01:45:43,45,0,6148,8151
2026-09-19 01:45:54,46,0,6148,8151
2026-09-19 01:46:04,48,0,6148,8151
2026-09-19 01:46:14,49,0,6148,8151
2026-09-19 01:46:24,50,0,6148,8151
2026-09-19 01:46:35,50,0,6148,8151
2026-09-19 01:46:45,51,0,6148,8151
2026-09-19 01:46:55,53,37,6148,8151
2026-09-19 01:47:05,51,31,6148,8151
2026-09-19 01:47:15,56,82,6148,8151
2026-09-19 01:47:26,52,55,6148,8151
2026-09-19 01:47:36,48,0,6148,8151
2026-09-19 01:47:46,46,0,6148,8151
2026-09-19 01:47:56,46,0,6148,8151
2026-09-19 01:48:06,45,0,6148,8151
2026-09-19 01:48:16,46,0,6148,8151
2026-09-19 01:48:27,52,72,6148,8151
2026-09-19 01:48:37,48,0,6148,8151
2026-09-19 01:48:47,53,60,6148,8151
2026-09-19 01:48:57,54,55,6148,8151
2026-09-19 01:49:08,53,35,6148,8151
2026-09-19 01:49:18,52,0,6148,8151
2026-09-19 01:49:28,51,0,6148,8151
2026-09-19 01:49:38,52,30,6148,8151
2026-09-19 01:49:49,53,74,6148,8151
2026-09-19 01:49:59,49,0,6148,8151
2026-09-19 01:50:09,47,0,6148,8151
2026-09-19 01:50:19,46,0,6148,8151
2026-09-19 01:50:29,45,0,6148,8151
2026-09-19 01:50:39,45,0,6148,8151
2026-09-19 01:50:50,47,0,6148,8151
2026-09-19 01:51:00,49,0,6148,8151
2026-09-19 01:51:10,49,0,6148,8151
2026-09-19 01:51:20,50,4,6148,8151
2026-09-19 01:51:30,51,0,6148,8151
2026-09-19 01:51:41,51,0,6148,8151
2026-09-19 01:51:51,51,0,6148,8151
2026-09-19 01:52:01,50,0,6148,8151
2026-09-19 01:52:11,52,99,6148,8151
2026-09-19 01:52:22,51,40,6148,8151
2026-09-19 01:52:32,47,0,6148,8151
2026-09-19 01:52:42,46,0,6148,8151
2026-09-19 01:52:52,45,0,6148,8151
2026-09-19 01:53:02,45,0,6148,8151
2026-09-19 01:53:12,48,35,6148,8151
2026-09-19 01:53:23,51,0,6148,8151
2026-09-19 01:53:33,50,95,6148,8151
2026-09-19 01:53:43,51,4,6148,8151
2026-09-19 01:53:53,51,0,6148,8151
2026-09-19 01:54:04,54,47,6148,8151
2026-09-19 01:54:14,52,17,6148,8151
2026-09-19 01:54:24,51,22,6148,8151
2026-09-19 01:54:34,49,0,6148,8151
2026-09-19 01:54:44,56,80,6148,8151
2026-09-19 01:54:55,47,0,6148,8151
2026-09-19 01:55:05,46,0,6148,8151
2026-09-19 01:55:15,46,0,6148,8151
2026-09-19 01:55:25,45,0,6148,8151
2026-09-19 01:55:35,46,0,6148,8151
2026-09-19 01:55:46,49,32,6148,8151
2026-09-19 01:55:56,49,0,6148,8151
2026-09-19 01:56:06,52,40,6148,8151
2026-09-19 01:56:16,51,0,6148,8151
2026-09-19 01:56:27,51,0,6148,8151
2026-09-19 01:56:37,51,0,6148,8151
2026-09-19 01:56:47,51,21,6148,8151
2026-09-19 01:56:57,54,54,6148,8151
2026-09-19 01:57:07,50,29,6148,8151
2026-09-19 01:57:18,48,0,6148,8151
2026-09-19 01:57:28,46,0,6148,8151
2026-09-19 01:57:38,46,0,6148,8151
2026-09-19 01:57:48,45,0,6148,8151
2026-09-19 01:57:58,49,71,6148,8151
2026-09-19 01:58:08,49,39,6148,8151
2026-09-19 01:58:19,49,0,6148,8151
2026-09-19 01:58:29,50,1,6148,8151
2026-09-19 01:58:39,52,0,6148,8151
2026-09-19 01:58:49,51,0,6148,8151
2026-09-19 01:59:00,52,0,6148,8151
2026-09-19 01:59:10,50,30,6148,8151
2026-09-19 01:59:20,50,29,6148,8151
2026-09-19 01:59:30,50,30,6148,8151
2026-09-19 01:59:40,48,0,6148,8151
2026-09-19 01:59:51,46,0,6148,8151
2026-09-19 02:00:01,46,0,6148,8151
2026-09-19 02:00:11,45,0,6148,8151
2026-09-19 02:00:21,52,36,6148,8151
2026-09-19 02:00:31,49,25,6148,8151
2026-09-19 02:00:42,48,0,6148,8151
2026-09-19 02:00:52,47,0,6148,8151
2026-09-19 02:01:02,50,96,6148,8151
2026-09-19 02:01:12,51,49,6148,8151
2026-09-19 02:01:22,49,29,6148,8151
2026-09-19 02:01:33,48,0,6148,8151
2026-09-19 02:01:43,52,70,6148,8151
2026-09-19 02:01:53,52,100,6148,8151
2026-09-19 02:02:03,50,0,6148,8151
2026-09-19 02:02:13,48,0,6148,8151
2026-09-19 02:02:24,50,21,6148,8151
2026-09-19 02:02:34,52,32,6148,8151
2026-09-19 02:02:44,49,0,6148,8151
2026-09-19 02:02:54,55,80,6148,8151
2026-09-19 02:03:05,50,91,6148,8151
2026-09-19 02:03:15,49,29,6148,8151
2026-09-19 02:03:25,48,0,6148,8151
2026-09-19 02:03:35,53,34,6148,8151
2026-09-19 02:03:45,51,80,6148,8151
2026-09-19 02:03:55,49,31,6148,8151
2026-09-19 02:04:06,48,0,6148,8151
2026-09-19 02:04:16,53,0,6148,8151
2026-09-19 02:04:26,50,0,6148,8151
2026-09-19 02:04:36,50,0,6148,8151
2026-09-19 02:04:46,47,0,6148,8151
2026-09-19 02:04:57,49,22,6148,8151
2026-09-19 02:05:07,50,0,6148,8151
2026-09-19 02:05:17,48,0,6148,8151
2026-09-19 02:05:27,49,27,6148,8151
2026-09-19 02:05:37,50,29,6148,8151
2026-09-19 02:05:48,49,0,6148,8151
2026-09-19 02:05:58,48,0,6148,8151
2026-09-19 02:06:08,49,0,6148,8151
2026-09-19 02:06:18,50,0,6148,8151
2026-09-19 02:06:29,50,27,6148,8151
2026-09-19 02:06:39,49,0,6148,8151
2026-09-19 02:06:49,51,27,6148,8151
2026-09-19 02:06:59,55,79,6148,8151
2026-09-19 02:07:09,50,27,6148,8151
2026-09-19 02:07:20,48,0,6148,8151
2026-09-19 02:07:30,52,70,6148,8151
2026-09-19 02:07:40,49,0,6148,8151
2026-09-19 02:07:50,48,0,6148,8151
2026-09-19 02:08:00,47,0,6148,8151
2026-09-19 02:08:11,52,75,6148,8151
2026-09-19 02:08:21,49,0,6148,8151
2026-09-19 02:08:31,49,0,6148,8151
2026-09-19 02:08:41,49,0,6148,8151
2026-09-19 02:08:52,52,93,6148,8151
2026-09-19 02:09:02,51,26,6148,8151
2026-09-19 02:09:12,49,0,6148,8151
2026-09-19 02:09:22,52,90,6148,8151
2026-09-19 02:09:32,52,19,6148,8151
2026-09-19 02:09:43,50,0,6148,8151
2026-09-19 02:09:53,48,0,6148,8151
2026-09-19 02:10:03,49,0,6148,8151
2026-09-19 02:10:13,50,19,6148,8151
2026-09-19 02:10:23,49,0,6148,8151
2026-09-19 02:10:34,47,0,6148,8151
2026-09-19 02:10:44,49,0,6148,8151
2026-09-19 02:10:54,50,0,6148,8151
2026-09-19 02:11:04,49,0,6148,8151
2026-09-19 02:11:14,49,0,6148,8151
2026-09-19 02:11:25,57,37,6148,8151
2026-09-19 02:11:35,50,30,6148,8151
2026-09-19 02:11:45,49,0,6148,8151
2026-09-19 02:11:55,49,0,6148,8151
2026-09-19 02:12:06,51,21,6148,8151
2026-09-19 02:12:16,50,28,6148,8151
2026-09-19 02:12:26,48,0,6148,8151
2026-09-19 02:12:36,49,0,6148,8151
2026-09-19 02:12:46,50,0,6148,8151
2026-09-19 02:12:57,49,0,6148,8151
2026-09-19 02:13:07,47,0,6148,8151
2026-09-19 02:13:17,51,31,6148,8151
2026-09-19 02:13:27,50,18,6148,8151
2026-09-19 02:13:37,49,0,6148,8151
2026-09-19 02:13:48,48,0,6148,8151
2026-09-19 02:13:58,54,0,6148,8151
2026-09-19 02:14:08,50,28,6148,8151
2026-09-19 02:14:18,49,0,6148,8151
2026-09-19 02:14:28,49,0,6148,8151
2026-09-19 02:14:39,52,16,6148,8151
2026-09-19 02:14:49,50,30,6148,8151
2026-09-19 02:14:59,48,0,6148,8151
2026-09-19 02:15:09,49,0,6148,8151
2026-09-19 02:15:19,50,0,6148,8151
2026-09-19 02:15:30,49,0,6148,8151
2026-09-19 02:15:40,47,0,6148,8151
2026-09-19 02:15:50,52,68,6148,8151
2026-09-19 02:16:00,55,18,6148,8151
2026-09-19 02:16:10,49,26,6148,8151
2026-09-19 02:16:21,47,0,6148,8151
2026-09-19 02:17:05,42,0,6148,8151
2026-09-19 02:17:16,44,15,6148,8151
2026-09-19 02:17:26,45,0,6148,8151
2026-09-19 02:17:37,45,0,6148,8151
2026-09-19 02:17:47,47,2,6148,8151
2026-09-19 02:17:57,49,32,6148,8151
2026-09-19 02:18:07,49,27,6148,8151
2026-09-19 02:18:17,48,0,6148,8151
2026-09-19 02:18:28,54,79,6148,8151
2026-09-19 02:18:38,51,11,6148,8151
2026-09-19 02:18:48,49,23,6148,8151
2026-09-19 02:18:58,48,0,6148,8151
2026-09-19 02:19:09,49,15,6148,8151
2026-09-19 02:19:19,51,0,6148,8151
2026-09-19 02:19:29,50,0,6148,8151
2026-09-19 02:19:39,48,0,6148,8151
2026-09-19 02:19:49,51,21,6148,8151
2026-09-19 02:20:00,50,32,6148,8151
2026-09-19 02:20:10,49,0,6148,8151
2026-09-19 02:20:20,49,37,6148,8151
2026-09-19 02:20:30,51,63,6148,8151
2026-09-19 02:20:40,51,64,6148,8151
2026-09-19 02:20:51,48,0,6148,8151
2026-09-19 02:21:01,52,48,6148,8151
2026-09-19 02:21:11,50,15,6148,8151
2026-09-19 02:21:21,49,12,6148,8151
2026-09-19 02:21:31,48,0,6148,8151
2026-09-19 02:21:42,50,31,6148,8151
2026-09-19 02:21:52,50,0,6148,8151
2026-09-19 02:22:02,50,29,6148,8151
2026-09-19 02:22:12,48,0,6148,8151
2026-09-19 02:22:22,50,0,6148,8151
2026-09-19 02:22:33,52,0,6148,8151
2026-09-19 02:22:43,50,0,6148,8151
2026-09-19 02:22:53,48,0,6148,8151
2026-09-19 02:23:03,50,0,6148,8151
2026-09-19 02:23:14,50,20,6148,8151
2026-09-19 02:23:24,49,0,6148,8151
2026-09-19 02:23:34,48,0,6148,8151
2026-09-19 02:23:44,49,0,6148,8151
2026-09-19 02:23:54,49,27,6148,8151
2026-09-19 02:24:05,48,0,6148,8151
2026-09-19 02:24:15,51,67,6148,8151
2026-09-19 02:24:25,51,10,6148,8151
2026-09-19 02:24:35,50,0,6148,8151
2026-09-19 02:24:45,49,0,6148,8151
2026-09-19 02:24:56,52,68,6148,8151
2026-09-19 02:25:06,51,0,6148,8151
2026-09-19 02:25:16,50,26,6148,8151
2026-09-19 02:25:26,48,0,6148,8151
2026-09-19 02:25:36,49,0,6148,8151
2026-09-19 02:25:47,50,0,6148,8151
2026-09-19 02:25:57,49,0,6148,8151
2026-09-19 02:26:07,47,0,6148,8151
2026-09-19 02:26:17,51,79,6148,8151
2026-09-19 02:26:28,49,0,6148,8151
2026-09-19 02:26:38,48,0,6148,8151
2026-09-19 02:26:48,48,0,6148,8151
2026-09-19 02:26:58,56,37,6148,8151
2026-09-19 02:27:08,52,26,6148,8151
2026-09-19 02:27:19,52,5,6148,8151
2026-09-19 02:27:29,53,99,6148,8151
2026-09-19 02:27:39,51,0,6148,8151
2026-09-19 02:27:49,53,65,6148,8151
2026-09-19 02:28:00,51,0,6148,8151
2026-09-19 02:28:10,50,13,6148,8151
2026-09-19 02:28:20,49,0,6148,8151
2026-09-19 02:28:30,48,0,6148,8151
2026-09-19 02:28:40,47,0,6148,8151
2026-09-19 02:28:51,48,0,6148,8151
2026-09-19 02:29:01,52,0,6148,8151
2026-09-19 02:29:11,52,79,6148,8151
2026-09-19 02:29:21,51,7,6148,8151
2026-09-19 02:29:31,53,0,6148,8151
2026-09-19 02:29:42,51,0,6148,8151
2026-09-19 02:29:52,52,35,6148,8151
2026-09-19 02:30:02,51,30,6148,8151
2026-09-19 02:30:12,50,27,6148,8151
2026-09-19 02:30:23,49,0,6148,8151
2026-09-19 02:30:33,47,0,6148,8151
2026-09-19 02:30:43,46,0,6148,8151
2026-09-19 02:30:53,48,0,6148,8151
2026-09-19 02:31:03,51,86,6148,8151
2026-09-19 02:31:13,51,11,6148,8151
2026-09-19 02:31:24,55,72,6148,8151
2026-09-19 02:31:34,51,0,6148,8151
2026-09-19 02:31:44,55,35,6148,8151
2026-09-19 02:31:54,51,0,6148,8151
2026-09-19 02:32:05,51,27,6148,8151
2026-09-19 02:32:15,50,0,6148,8151
2026-09-19 02:32:25,48,0,6148,8151
2026-09-19 02:32:35,47,0,6148,8151
2026-09-19 02:32:45,54,37,6148,8151
2026-09-19 02:32:56,50,0,6148,8151
2026-09-19 02:33:06,50,0,6148,8151
2026-09-19 02:33:16,55,53,6148,8151
2026-09-19 02:33:26,53,92,6148,8151
2026-09-19 02:33:37,51,0,6148,8151
2026-09-19 02:33:47,52,41,6148,8151
2026-09-19 02:33:57,57,73,6148,8151
2026-09-19 02:34:07,50,0,6148,8151
2026-09-19 02:34:17,49,0,6148,8151
2026-09-19 02:34:28,47,0,6148,8151
2026-09-19 02:34:38,46,0,6148,8151
2026-09-19 02:34:48,48,0,6148,8151
2026-09-19 02:34:58,49,0,6148,8151
2026-09-19 02:35:08,50,23,6148,8151
2026-09-19 02:35:19,52,0,6148,8151
2026-09-19 02:35:29,52,16,6148,8151
2026-09-19 02:35:39,52,4,6148,8151
2026-09-19 02:35:49,51,0,6148,8151
2026-09-19 02:35:59,51,27,6148,8151
2026-09-19 02:36:10,57,99,6148,8151
2026-09-19 02:36:20,48,0,6148,8151
2026-09-19 02:36:30,47,0,6148,8151
2026-09-19 02:36:40,46,0,6148,8151
2026-09-19 02:36:50,53,58,6148,8151
2026-09-19 02:37:01,50,25,6148,8151
2026-09-19 02:37:11,53,89,6148,8151
2026-09-19 02:37:21,52,0,6148,8151
2026-09-19 02:37:31,51,0,6148,8151
2026-09-19 02:37:42,54,35,6148,8151
2026-09-19 02:37:52,53,32,6148,8151
2026-09-19 02:38:02,51,29,6148,8151
2026-09-19 02:38:12,50,29,6148,8151
2026-09-19 02:38:22,48,0,6148,8151
2026-09-19 02:38:33,47,0,6148,8151
2026-09-19 02:38:43,55,67,6148,8151
2026-09-19 02:38:53,50,8,6148,8151
2026-09-19 02:39:03,50,0,6148,8151
2026-09-19 02:39:13,51,0,6148,8151
2026-09-19 02:39:24,52,0,6148,8151
2026-09-19 02:39:34,55,56,6148,8151
2026-09-19 02:39:44,52,0,6148,8151
2026-09-19 02:39:54,50,0,6148,8151
2026-09-19 02:40:05,50,21,6148,8151
2026-09-19 02:40:15,49,0,6148,8151
2026-09-19 02:40:25,47,0,6148,8151
2026-09-19 02:40:35,46,0,6148,8151
2026-09-19 02:40:45,49,88,6148,8151
2026-09-19 02:40:56,50,0,6148,8151
2026-09-19 02:41:06,51,0,6148,8151
2026-09-19 02:41:16,52,0,6148,8151
2026-09-19 02:41:26,52,36,6148,8151
2026-09-19 02:41:37,56,64,6148,8151
2026-09-19 02:41:47,51,23,6148,8151
2026-09-19 02:41:57,52,21,6148,8151
2026-09-19 02:42:07,56,86,6148,8151
2026-09-19 02:42:17,48,0,6148,8151
2026-09-19 02:42:28,47,0,6148,8151
2026-09-19 02:42:38,50,70,6148,8151
2026-09-19 02:42:48,51,49,6148,8151
2026-09-19 02:42:58,51,0,6148,8151
2026-09-19 02:43:08,52,0,6148,8151
2026-09-19 02:43:19,53,19,6148,8151
2026-09-19 02:43:29,51,0,6148,8151
2026-09-19 02:43:39,53,32,6148,8151
2026-09-19 02:43:49,53,95,6148,8151
2026-09-19 02:44:00,51,21,6148,8151
2026-09-19 02:44:10,49,0,6148,8151
2026-09-19 02:44:20,47,0,6148,8151
2026-09-19 02:44:30,46,0,6148,8151
2026-09-19 02:44:40,55,37,6148,8151
2026-09-19 02:44:51,50,0,6148,8151
2026-09-19 02:45:01,50,0,6148,8151
2026-09-19 02:45:11,56,38,6148,8151
2026-09-19 02:45:21,53,34,6148,8151
2026-09-19 02:45:31,51,0,6148,8151
2026-09-19 02:45:42,53,46,6148,8151
2026-09-19 02:45:52,50,29,6148,8151
2026-09-19 02:46:02,52,47,6148,8151
2026-09-19 02:46:12,48,0,6148,8151
2026-09-19 02:46:22,47,0,6148,8151
2026-09-19 02:46:33,47,0,6148,8151
2026-09-19 02:46:43,49,8,6148,8151
2026-09-19 02:46:53,52,34,6148,8151
2026-09-19 02:47:03,51,0,6148,8151
2026-09-19 02:47:14,54,90,6148,8151
2026-09-19 02:47:24,51,0,6148,8151
2026-09-19 02:47:34,52,23,6148,8151
2026-09-19 02:47:44,51,29,6148,8151
2026-09-19 02:47:55,50,28,6148,8151
2026-09-19 02:48:05,49,0,6148,8151
2026-09-19 02:48:15,48,0,6148,8151
2026-09-19 02:48:25,47,0,6148,8151
2026-09-19 02:48:35,52,37,6148,8151
2026-09-19 02:48:46,50,3,6148,8151
2026-09-19 02:48:56,54,68,6148,8151
2026-09-19 02:49:06,52,0,6148,8151
2026-09-19 02:49:16,52,0,6148,8151
2026-09-19 02:49:26,56,58,6148,8151
2026-09-19 02:49:37,51,0,6148,8151
2026-09-19 02:49:47,50,26,6148,8151
2026-09-19 02:49:57,50,4,6148,8151
2026-09-19 02:50:07,48,0,6148,8151
2026-09-19 02:50:18,47,0,6148,8151
2026-09-19 02:50:28,46,2,6148,8151
2026-09-19 02:50:38,49,0,6148,8151
2026-09-19 02:50:48,52,86,6148,8151
2026-09-19 02:50:58,51,23,6148,8151
2026-09-19 02:51:09,53,0,6148,8151
2026-09-19 02:51:19,51,0,6148,8151
2026-09-19 02:51:29,53,14,6148,8151
2026-09-19 02:51:39,51,0,6148,8151
2026-09-19 02:51:50,52,99,6148,8151
2026-09-19 02:52:00,49,0,6148,8151
2026-09-19 02:52:10,48,0,6148,8151
2026-09-19 02:52:20,46,0,6148,8151
2026-09-19 02:52:30,49,100,6148,8151
2026-09-19 02:52:41,51,59,6148,8151
2026-09-19 02:52:51,51,0,6148,8151
2026-09-19 02:53:01,55,72,6148,8151
2026-09-19 02:53:11,55,62,6148,8151
2026-09-19 02:53:22,51,0,6148,8151
2026-09-19 02:53:32,53,84,6148,8151
2026-09-19 02:53:42,50,31,6148,8151
2026-09-19 02:53:52,50,27,6148,8151
2026-09-19 02:54:02,48,0,6148,8151
2026-09-19 02:54:13,47,0,6148,8151
2026-09-19 02:54:23,46,0,6148,8151
2026-09-19 02:54:33,54,34,6148,8151
2026-09-19 02:54:43,51,0,6148,8151
2026-09-19 02:54:53,51,0,6148,8151
2026-09-19 02:55:04,51,9,6148,8151
2026-09-19 02:55:14,52,0,6148,8151
2026-09-19 02:55:24,51,0,6148,8151
2026-09-19 02:55:34,52,45,6148,8151
2026-09-19 02:55:45,50,0,6148,8151
2026-09-19 02:55:55,50,0,6148,8151
2026-09-19 02:56:05,48,0,6148,8151
2026-09-19 02:56:15,47,0,6148,8151
2026-09-19 02:56:25,47,0,6148,8151
2026-09-19 02:56:36,49,0,6148,8151
2026-09-19 02:56:46,52,38,6148,8151
2026-09-19 02:56:56,51,0,6148,8151
2026-09-19 02:57:06,55,90,6148,8151
2026-09-19 02:57:16,51,0,6148,8151
2026-09-19 02:57:27,55,73,6148,8151
2026-09-19 02:57:37,50,0,6148,8151
2026-09-19 02:57:47,52,20,6148,8151
2026-09-19 02:57:57,49,0,6148,8151
2026-09-19 02:58:07,47,0,6148,8151
2026-09-19 02:58:18,46,0,6148,8151
2026-09-19 02:58:28,50,18,6148,8151
2026-09-19 02:58:38,50,19,6148,8151
2026-09-19 02:58:48,54,72,6148,8151
2026-09-19 02:58:58,51,0,6148,8151
2026-09-19 02:59:09,54,39,6148,8151
2026-09-19 02:59:19,55,87,6148,8151
2026-09-19 02:59:29,58,31,6148,8151
2026-09-19 02:59:39,51,25,6148,8151
2026-09-19 02:59:50,50,0,6148,8151
2026-09-19 03:00:00,48,0,6148,8151
2026-09-19 03:00:10,47,0,6148,8151
2026-09-19 03:00:20,49,25,6148,8151
2026-09-19 03:00:30,51,22,6148,8151
2026-09-19 03:00:41,51,0,6148,8151
2026-09-19 03:00:51,53,33,6148,8151
2026-09-19 03:01:01,52,0,6148,8151
2026-09-19 03:01:11,52,8,6148,8151
2026-09-19 03:01:22,51,0,6148,8151
2026-09-19 03:01:32,50,0,6148,8151
2026-09-19 03:01:42,50,26,6148,8151
2026-09-19 03:01:52,49,0,6148,8151
2026-09-19 03:02:02,47,0,6148,8151
2026-09-19 03:02:13,46,0,6148,8151
2026-09-19 03:02:23,50,0,6148,8151
2026-09-19 03:02:33,50,22,6148,8151
2026-09-19 03:02:43,52,36,6148,8151
2026-09-19 03:02:53,52,100,6148,8151
2026-09-19 03:03:04,51,0,6148,8151
2026-09-19 03:03:14,51,0,6148,8151
2026-09-19 03:03:24,51,0,6148,8151
2026-09-19 03:03:34,57,87,6148,8151
2026-09-19 03:03:45,52,0,6148,8151
2026-09-19 03:03:55,48,0,6148,8151
2026-09-19 03:04:05,47,0,6148,8151
2026-09-19 03:04:15,47,0,6148,8151
2026-09-19 03:04:25,51,84,6148,8151
2026-09-19 03:04:36,51,1,6148,8151
2026-09-19 03:04:46,52,0,6148,8151
2026-09-19 03:04:56,53,100,6148,8151
2026-09-19 03:05:06,51,0,6148,8151
2026-09-19 03:05:17,51,34,6148,8151
2026-09-19 03:05:27,52,23,6148,8151
2026-09-19 03:05:37,56,94,6148,8151
2026-09-19 03:05:47,49,0,6148,8151
2026-09-19 03:05:57,47,0,6148,8151
2026-09-19 03:06:07,46,0,6148,8151
2026-09-19 03:06:18,48,0,6148,8151
2026-09-19 03:06:28,50,0,6148,8151
2026-09-19 03:06:38,52,36,6148,8151
2026-09-19 03:06:48,51,0,6148,8151
2026-09-19 03:06:58,51,0,6148,8151
2026-09-19 03:07:09,53,36,6148,8151
2026-09-19 03:07:19,51,10,6148,8151
2026-09-19 03:07:29,50,30,6148,8151
2026-09-19 03:07:39,50,29,6148,8151
2026-09-19 03:07:49,48,0,6148,8151
2026-09-19 03:08:00,47,0,6148,8151
2026-09-19 03:08:10,47,0,6148,8151
2026-09-19 03:08:20,51,85,6148,8151
2026-09-19 03:08:30,51,36,6148,8151
2026-09-19 03:08:41,51,0,6148,8151
2026-09-19 03:08:51,58,36,6148,8151
2026-09-19 03:09:01,55,62,6148,8151
2026-09-19 03:09:11,52,0,6148,8151
2026-09-19 03:09:21,50,31,6148,8151
2026-09-19 03:09:32,50,0,6148,8151
2026-09-19 03:09:42,49,0,6148,8151
2026-09-19 03:09:52,47,0,6148,8151
2026-09-19 03:10:02,46,0,6148,8151
2026-09-19 03:10:12,53,37,6148,8151
2026-09-19 03:10:23,50,0,6148,8151
2026-09-19 03:10:33,50,0,6148,8151
2026-09-19 03:10:43,52,0,6148,8151
2026-09-19 03:10:53,53,35,6148,8151
2026-09-19 03:11:04,52,0,6148,8151
2026-09-19 03:11:14,51,0,6148,8151
2026-09-19 03:11:24,55,64,6148,8151
2026-09-19 03:11:34,51,29,6148,8151
2026-09-19 03:11:44,48,0,6148,8151
2026-09-19 03:11:55,47,0,6148,8151
2026-09-19 03:12:05,50,85,6148,8151
2026-09-19 03:12:15,50,0,6148,8151
2026-09-19 03:12:25,50,0,6148,8151
2026-09-19 03:12:35,53,86,6148,8151
2026-09-19 03:12:46,51,0,6148,8151
2026-09-19 03:12:56,53,100,6148,8151
2026-09-19 03:13:06,51,0,6148,8151
2026-09-19 03:13:16,52,25,6148,8151
2026-09-19 03:13:27,52,0,6148,8151
2026-09-19 03:13:37,49,0,6148,8151
2026-09-19 03:13:47,48,0,6148,8151
2026-09-19 03:13:57,46,0,6148,8151
2026-09-19 03:14:07,48,0,6148,8151
2026-09-19 03:14:17,50,97,6148,8151
2026-09-19 03:14:28,52,13,6148,8151
2026-09-19 03:14:38,53,15,6148,8151
2026-09-19 03:14:48,51,0,6148,8151
2026-09-19 03:14:58,51,0,6148,8151
2026-09-19 03:15:09,53,86,6148,8151
2026-09-19 03:15:19,50,28,6148,8151
2026-09-19 03:15:29,50,28,6148,8151
2026-09-19 03:15:39,48,0,6148,8151
2026-09-19 03:15:49,47,0,6148,8151
2026-09-19 03:16:00,46,0,6148,8151
2026-09-19 03:16:10,52,64,6148,8151
2026-09-19 03:16:20,50,0,6148,8151
2026-09-19 03:16:30,51,0,6148,8151
2026-09-19 03:16:41,52,0,6148,8151
2026-09-19 03:16:51,52,28,6148,8151
2026-09-19 03:17:01,51,0,6148,8151
2026-09-19 03:17:11,54,62,6148,8151
2026-09-19 03:17:21,57,86,6148,8151
2026-09-19 03:17:32,49,0,6148,8151
2026-09-19 03:17:42,47,0,6148,8151
2026-09-19 03:17:52,46,0,6148,8151
2026-09-19 03:18:02,50,100,6148,8151
2026-09-19 03:18:12,58,36,6148,8151
2026-09-19 03:18:23,50,0,6148,8151
2026-09-19 03:18:33,58,38,6148,8151
2026-09-19 03:18:43,52,20,6148,8151
2026-09-19 03:18:53,51,0,6148,8151
2026-09-19 03:19:04,52,21,6148,8151
2026-09-19 03:19:14,50,0,6148,8151
2026-09-19 03:19:24,50,17,6148,8151
2026-09-19 03:19:34,48,0,6148,8151
2026-09-19 03:19:44,47,0,6148,8151
2026-09-19 03:19:55,46,0,6148,8151
2026-09-19 03:20:05,49,0,6148,8151
2026-09-19 03:20:15,50,5,6148,8151
2026-09-19 03:20:25,53,100,6148,8151
2026-09-19 03:20:35,51,0,6148,8151
2026-09-19 03:20:46,52,9,6148,8151
2026-09-19 03:20:56,53,60,6148,8151
2026-09-19 03:21:06,54,66,6148,8151
2026-09-19 03:21:16,52,28,6148,8151
2026-09-19 03:21:27,49,0,6148,8151
2026-09-19 03:21:37,47,0,6148,8151
2026-09-19 03:21:47,46,0,6148,8151
2026-09-19 03:21:57,49,34,6148,8151
2026-09-19 03:22:07,50,0,6148,8151
2026-09-19 03:22:18,53,55,6148,8151
2026-09-19 03:22:28,52,0,6148,8151
2026-09-19 03:22:38,51,0,6148,8151
2026-09-19 03:22:48,56,60,6148,8151
2026-09-19 03:22:59,52,0,6148,8151
2026-09-19 03:23:09,50,0,6148,8151
2026-09-19 03:23:19,50,0,6148,8151
2026-09-19 03:23:29,48,0,6148,8151
2026-09-19 03:23:39,47,0,6148,8151
2026-09-19 03:23:50,46,0,6148,8151
2026-09-19 03:24:00,50,0,6148,8151
2026-09-19 03:24:10,54,42,6148,8151
2026-09-19 03:24:20,51,0,6148,8151
2026-09-19 03:24:30,53,67,6148,8151
2026-09-19 03:24:41,51,0,6148,8151
2026-09-19 03:24:51,52,100,6148,8151
2026-09-19 03:25:01,50,0,6148,8151
2026-09-19 03:25:11,51,84,6148,8151
2026-09-19 03:25:22,49,0,6148,8151
2026-09-19 03:25:32,47,0,6148,8151
2026-09-19 03:25:42,46,0,6148,8151
2026-09-19 03:25:52,49,10,6148,8151
2026-09-19 03:26:02,50,25,6148,8151
2026-09-19 03:26:13,50,0,6148,8151
2026-09-19 03:26:23,58,76,6148,8151
2026-09-19 03:26:33,52,27,6148,8151
2026-09-19 03:26:43,55,42,6148,8151
2026-09-19 03:26:53,53,68,6148,8151
2026-09-19 03:27:04,51,28,6148,8151
2026-09-19 03:27:14,50,29,6148,8151
2026-09-19 03:27:24,48,0,6148,8151
2026-09-19 03:27:34,47,0,6148,8151
2026-09-19 03:27:44,46,0,6148,8151
2026-09-19 03:27:55,51,90,6148,8151
2026-09-19 03:28:05,51,16,6148,8151
2026-09-19 03:28:15,51,0,6148,8151
2026-09-19 03:28:25,52,25,6148,8151
2026-09-19 03:28:35,52,18,6148,8151
2026-09-19 03:28:46,51,9,6148,8151
2026-09-19 03:28:56,52,0,6148,8151
2026-09-19 03:29:06,51,18,6148,8151
2026-09-19 03:29:16,49,0,6148,8151
2026-09-19 03:29:26,48,0,6148,8151
2026-09-19 03:29:37,46,0,6148,8151
2026-09-19 03:29:47,50,36,6148,8151
2026-09-19 03:29:57,49,0,6148,8151
2026-09-19 03:30:07,50,0,6148,8151
2026-09-19 03:30:18,52,25,6148,8151
2026-09-19 03:30:28,51,0,6148,8151
2026-09-19 03:30:38,52,12,6148,8151
2026-09-19 03:30:48,53,77,6148,8151
2026-09-19 03:30:59,50,27,6148,8151
2026-09-19 03:31:09,50,29,6148,8151
2026-09-19 03:31:19,48,0,6148,8151
2026-09-19 03:31:29,47,0,6148,8151
2026-09-19 03:31:39,46,0,6148,8151
2026-09-19 03:31:49,49,10,6148,8151
2026-09-19 03:32:00,49,21,6148,8151
2026-09-19 03:32:10,52,84,6148,8151
2026-09-19 03:32:20,51,0,6148,8151
2026-09-19 03:32:30,53,20,6148,8151
2026-09-19 03:32:41,52,34,6148,8151
2026-09-19 03:32:51,51,0,6148,8151
2026-09-19 03:33:01,50,0,6148,8151
2026-09-19 03:33:11,49,0,6148,8151
2026-09-19 03:33:21,48,0,6148,8151
2026-09-19 03:33:32,46,0,6148,8151
2026-09-19 03:33:42,51,39,6148,8151
2026-09-19 03:33:52,49,0,6148,8151
2026-09-19 03:34:02,51,3,6148,8151
2026-09-19 03:34:13,52,18,6148,8151
2026-09-19 03:34:23,53,98,6148,8151
2026-09-19 03:34:33,51,0,6148,8151
2026-09-19 03:34:43,52,8,6148,8151
2026-09-19 03:34:54,50,0,6148,8151
2026-09-19 03:35:04,50,26,6148,8151
2026-09-19 03:35:14,48,0,6148,8151
2026-09-19 03:35:24,47,0,6148,8151
2026-09-19 03:35:34,46,0,6148,8151
2026-09-19 03:35:45,50,3,6148,8151
2026-09-19 03:35:55,49,0,6148,8151
2026-09-19 03:36:05,54,64,6148,8151
2026-09-19 03:36:15,51,0,6148,8151
2026-09-19 03:36:25,52,34,6148,8151
2026-09-19 03:36:36,55,70,6148,8151
2026-09-19 03:36:46,55,35,6148,8151
2026-09-19 03:36:56,52,35,6148,8151
2026-09-19 03:37:06,49,0,6148,8151
2026-09-19 03:37:16,47,0,6148,8151
2026-09-19 03:37:27,46,0,6148,8151
2026-09-19 03:37:37,49,32,6148,8151
2026-09-19 03:37:47,49,0,6148,8151
2026-09-19 03:37:57,55,65,6148,8151
2026-09-19 03:38:08,52,13,6148,8151
2026-09-19 03:38:18,52,34,6148,8151
2026-09-19 03:38:28,54,35,6148,8151
2026-09-19 03:38:38,51,0,6148,8151
2026-09-19 03:38:48,52,19,6148,8151
2026-09-19 03:38:59,51,27,6148,8151
2026-09-19 03:39:09,49,0,6148,8151
2026-09-19 03:39:19,47,0,6148,8151
2026-09-19 03:39:29,46,0,6148,8151
2026-09-19 03:39:39,48,0,6148,8151
2026-09-19 03:39:50,49,0,6148,8151
2026-09-19 03:40:00,51,19,6148,8151
2026-09-19 03:40:10,51,0,6148,8151
2026-09-19 03:40:20,51,0,6148,8151
2026-09-19 03:40:30,58,68,6148,8151
2026-09-19 03:40:41,51,0,6148,8151
2026-09-19 03:40:51,50,30,6148,8151
2026-09-19 03:41:01,49,0,6148,8151
2026-09-19 03:41:11,48,0,6148,8151
2026-09-19 03:41:21,46,0,6148,8151
2026-09-19 03:41:32,47,0,6148,8151
2026-09-19 03:41:42,50,39,6148,8151
2026-09-19 03:41:52,50,0,6148,8151
2026-09-19 03:42:02,58,38,6148,8151
2026-09-19 03:42:13,52,38,6148,8151
2026-09-19 03:42:23,53,1,6148,8151
2026-09-19 03:42:33,52,41,6148,8151
2026-09-19 03:42:43,50,0,6148,8151
2026-09-19 03:42:54,52,99,6148,8151
2026-09-19 03:43:04,48,0,6148,8151
2026-09-19 03:43:14,47,0,6148,8151
2026-09-19 03:43:24,46,0,6148,8151
2026-09-19 03:43:34,48,0,6148,8151
2026-09-19 03:43:44,50,12,6148,8151
2026-09-19 03:43:55,51,0,6148,8151
2026-09-19 03:44:05,51,0,6148,8151
2026-09-19 03:44:15,51,1,6148,8151
2026-09-19 03:44:25,53,35,6148,8151
2026-09-19 03:44:36,51,0,6148,8151
2026-09-19 03:44:46,52,100,6148,8151
2026-09-19 03:44:56,50,5,6148,8151
2026-09-19 03:45:06,48,0,6148,8151
2026-09-19 03:45:16,46,0,6148,8151
2026-09-19 03:45:27,51,53,6148,8151
2026-09-19 03:45:37,51,47,6148,8151
2026-09-19 03:45:47,51,0,6148,8151
2026-09-19 03:45:57,53,24,6148,8151
2026-09-19 03:46:08,56,39,6148,8151
2026-09-19 03:46:18,52,21,6148,8151
2026-09-19 03:46:28,50,23,6148,8151
2026-09-19 03:46:38,49,0,6148,8151
2026-09-19 03:46:48,48,0,6148,8151
2026-09-19 03:46:59,46,0,6148,8151
2026-09-19 03:47:09,46,0,6148,8151
2026-09-19 03:47:19,48,0,6148,8151
2026-09-19 03:47:29,50,12,6148,8151
2026-09-19 03:47:39,52,39,6148,8151
2026-09-19 03:47:50,52,0,6148,8151
2026-09-19 03:48:00,54,33,6148,8151
2026-09-19 03:48:10,51,0,6148,8151
2026-09-19 03:48:20,51,28,6148,8151
2026-09-19 03:48:30,49,0,6148,8151
2026-09-19 03:48:41,47,0,6148,8151
2026-09-19 03:48:51,46,0,6148,8151
2026-09-19 03:49:01,46,0,6148,8151
2026-09-19 03:49:11,48,9,6148,8151
2026-09-19 03:49:21,51,44,6148,8151
2026-09-19 03:49:32,55,70,6148,8151
2026-09-19 03:49:42,54,76,6148,8151
2026-09-19 03:49:52,53,21,6148,8151
2026-09-19 03:50:02,51,0,6148,8151
2026-09-19 03:50:13,50,0,6148,8151
2026-09-19 03:50:23,48,0,6148,8151
2026-09-19 03:50:33,47,0,6148,8151
2026-09-19 03:50:43,46,0,6148,8151
2026-09-19 03:50:53,48,0,6148,8151
2026-09-19 03:51:03,50,6,6148,8151
2026-09-19 03:51:14,50,0,6148,8151
2026-09-19 03:51:24,54,32,6148,8151
2026-09-19 03:51:34,53,8,6148,8151
2026-09-19 03:51:44,51,32,6148,8151
2026-09-19 03:51:55,51,28,6148,8151
2026-09-19 03:52:05,49,0,6148,8151
2026-09-19 03:52:15,48,0,6148,8151
2026-09-19 03:52:25,46,0,6148,8151
2026-09-19 03:52:35,46,0,6148,8151
2026-09-19 03:52:45,50,7,6148,8151
2026-09-19 03:52:56,54,46,6148,8151
2026-09-19 03:53:06,52,53,6148,8151
2026-09-19 03:53:16,52,81,6148,8151
2026-09-19 03:53:26,57,43,6148,8151
2026-09-19 03:53:37,52,32,6148,8151
2026-09-19 03:53:47,50,0,6148,8151
2026-09-19 03:53:57,49,0,6148,8151
2026-09-19 03:54:07,47,0,6148,8151
2026-09-19 03:54:17,46,0,6148,8151
2026-09-19 03:54:28,46,0,6148,8151
2026-09-19 03:54:38,49,0,6148,8151
2026-09-19 03:54:48,50,1,6148,8151
2026-09-19 03:54:58,53,55,6148,8151
2026-09-19 03:55:08,55,37,6148,8151
2026-09-19 03:55:19,53,0,6148,8151
2026-09-19 03:55:29,51,31,6148,8151
2026-09-19 03:55:39,50,34,6148,8151
2026-09-19 03:55:49,48,0,6148,8151
2026-09-19 03:55:59,47,0,6148,8151
2026-09-19 03:56:10,46,0,6148,8151
2026-09-19 03:56:20,48,6,6148,8151
2026-09-19 03:56:30,53,33,6148,8151
2026-09-19 03:56:40,51,19,6148,8151
2026-09-19 03:56:50,51,7,6148,8151
2026-09-19 03:57:01,54,86,6148,8151
2026-09-19 03:57:11,52,0,6148,8151
2026-09-19 03:57:21,53,59,6148,8151
2026-09-19 03:57:31,50,0,6148,8151
2026-09-19 03:57:41,48,0,6148,8151
2026-09-19 03:57:52,47,0,6148,8151
2026-09-19 03:58:02,46,0,6148,8151
2026-09-19 03:58:12,48,0,6148,8151
2026-09-19 03:58:22,51,100,6148,8151
2026-09-19 03:58:32,51,0,6148,8151
2026-09-19 03:58:43,54,62,6148,8151
2026-09-19 03:58:53,54,59,6148,8151
2026-09-19 03:59:03,51,31,6148,8151
2026-09-19 03:59:13,51,29,6148,8151
2026-09-19 03:59:24,49,0,6148,8151
2026-09-19 03:59:34,47,0,6148,8151
2026-09-19 03:59:44,46,0,6148,8151
2026-09-19 03:59:54,46,0,6148,8151
2026-09-19 04:00:04,49,36,6148,8151
2026-09-19 04:00:14,50,3,6148,8151
2026-09-19 04:00:25,56,25,6148,8151
2026-09-19 04:00:35,53,5,6148,8151
2026-09-19 04:00:45,56,17,6148,8151
2026-09-19 04:00:55,51,0,6148,8151
2026-09-19 04:01:06,50,29,6148,8151
2026-09-19 04:01:16,48,0,6148,8151
2026-09-19 04:01:26,47,0,6148,8151
2026-09-19 04:01:36,46,0,6148,8151
2026-09-19 04:01:46,46,31,6148,8151
2026-09-19 04:01:56,50,17,6148,8151
2026-09-19 04:02:07,52,41,6148,8151
2026-09-19 04:02:17,51,0,6148,8151
2026-09-19 04:02:27,54,100,6148,8151
2026-09-19 04:02:37,53,21,6148,8151
2026-09-19 04:02:48,54,97,6148,8151
2026-09-19 04:02:58,50,0,6148,8151
2026-09-19 04:03:08,48,0,6148,8151
2026-09-19 04:03:18,47,0,6148,8151
2026-09-19 04:03:28,46,0,6148,8151
2026-09-19 04:03:38,49,40,6148,8151
2026-09-19 04:03:49,52,37,6148,8151
2026-09-19 04:03:59,55,40,6148,8151
2026-09-19 04:04:09,52,0,6148,8151
2026-09-19 04:04:19,54,83,6148,8151
2026-09-19 04:04:30,52,29,6148,8151
2026-09-19 04:04:40,51,0,6148,8151
2026-09-19 04:04:50,49,0,6148,8151
2026-09-19 04:05:00,47,0,6148,8151
2026-09-19 04:05:10,46,0,6148,8151
2026-09-19 04:05:21,46,0,6148,8151
2026-09-19 04:05:31,49,37,6148,8151
2026-09-19 04:05:41,51,36,6148,8151
2026-09-19 04:05:51,52,27,6148,8151
2026-09-19 04:06:01,54,78,6148,8151
2026-09-19 04:06:12,57,62,6148,8151
2026-09-19 04:06:22,60,97,6148,8151
2026-09-19 04:06:32,50,0,6148,8151
2026-09-19 04:06:42,48,0,6148,8151
2026-09-19 04:06:52,47,0,6148,8151
2026-09-19 04:07:03,46,0,6148,8151
2026-09-19 04:07:13,45,0,6148,8151
2026-09-19 04:07:23,49,0,6148,8151
2026-09-19 04:07:33,50,0,6148,8151
2026-09-19 04:07:43,54,72,6148,8151
2026-09-19 04:07:54,54,97,6148,8151
2026-09-19 04:08:04,52,24,6148,8151
2026-09-19 04:08:14,52,23,6148,8151
2026-09-19 04:08:24,50,0,6148,8151
2026-09-19 04:08:34,48,0,6148,8151
2026-09-19 04:08:45,47,0,6148,8151
2026-09-19 04:08:55,46,0,6148,8151
2026-09-19 04:09:05,50,46,6148,8151
2026-09-19 04:09:15,50,35,6148,8151
2026-09-19 04:09:25,51,65,6148,8151
2026-09-19 04:09:36,52,89,6148,8151
2026-09-19 04:09:46,53,59,6148,8151
2026-09-19 04:09:56,51,0,6148,8151
2026-09-19 04:10:06,53,0,6148,8151
2026-09-19 04:10:16,49,0,6148,8151
2026-09-19 04:10:27,47,0,6148,8151
2026-09-19 04:10:37,46,0,6148,8151
2026-09-19 04:10:47,46,0,6148,8151
2026-09-19 04:10:57,50,91,6148,8151
2026-09-19 04:11:07,50,8,6148,8151
2026-09-19 04:11:18,52,3,6148,8151
2026-09-19 04:11:28,52,0,6148,8151
2026-09-19 04:11:38,56,77,6148,8151
2026-09-19 04:11:48,51,0,6148,8151
2026-09-19 04:11:59,50,0,6148,8151
2026-09-19 04:12:09,48,0,6148,8151
2026-09-19 04:12:19,47,0,6148,8151
2026-09-19 04:12:29,46,0,6148,8151
2026-09-19 04:12:39,48,0,6148,8151
2026-09-19 04:12:49,56,69,6148,8151
2026-09-19 04:13:00,51,0,6148,8151
2026-09-19 04:13:10,52,0,6148,8151
2026-09-19 04:13:20,54,42,6148,8151
2026-09-19 04:13:30,52,32,6148,8151
2026-09-19 04:13:41,54,62,6148,8151
2026-09-19 04:13:51,49,0,6148,8151
2026-09-19 04:14:01,48,0,6148,8151
2026-09-19 04:14:11,46,0,6148,8151
2026-09-19 04:14:21,46,0,6148,8151
2026-09-19 04:14:31,50,93,6148,8151
2026-09-19 04:14:42,55,37,6148,8151
2026-09-19 04:14:52,55,78,6148,8151
2026-09-19 04:15:02,53,16,6148,8151
2026-09-19 04:15:12,54,52,6148,8151
2026-09-19 04:15:23,51,31,6148,8151
2026-09-19 04:15:33,51,29,6148,8151
2026-09-19 04:15:43,48,0,6148,8151
2026-09-19 04:15:53,47,0,6148,8151
2026-09-19 04:16:03,46,0,6148,8151
2026-09-19 04:16:13,47,100,6148,8151
2026-09-19 04:16:24,49,2,6148,8151
2026-09-19 04:16:34,50,19,6148,8151
2026-09-19 04:16:44,53,31,6148,8151
2026-09-19 04:16:54,52,0,6148,8151
2026-09-19 04:17:05,53,23,6148,8151
2026-09-19 04:17:15,53,96,6148,8151
2026-09-19 04:17:25,50,0,6148,8151
2026-09-19 04:17:35,48,0,6148,8151
2026-09-19 04:17:45,46,0,6148,8151
2026-09-19 04:17:55,46,0,6148,8151
2026-09-19 04:18:06,50,0,6148,8151
2026-09-19 04:18:16,56,57,6148,8151
2026-09-19 04:18:26,51,91,6148,8151
2026-09-19 04:18:36,52,37,6148,8151
2026-09-19 04:18:47,53,100,6148,8151
2026-09-19 04:18:57,51,27,6148,8151
2026-09-19 04:19:07,50,29,6148,8151
2026-09-19 04:19:17,48,0,6148,8151
2026-09-19 04:19:27,47,0,6148,8151
2026-09-19 04:19:37,46,0,6148,8151
2026-09-19 04:19:48,45,0,6148,8151
2026-09-19 04:19:58,50,27,6148,8151
2026-09-19 04:20:08,50,15,6148,8151
2026-09-19 04:20:18,51,22,6148,8151
2026-09-19 04:20:28,58,33,6148,8151
2026-09-19 04:20:39,53,19,6148,8151
2026-09-19 04:20:49,51,22,6148,8151
2026-09-19 04:20:59,50,0,6148,8151
2026-09-19 04:21:09,48,0,6148,8151
2026-09-19 04:21:19,46,0,6148,8151
2026-09-19 04:21:30,46,0,6148,8151
2026-09-19 04:21:40,53,34,6148,8151
2026-09-19 04:21:50,52,37,6148,8151
2026-09-19 04:22:00,57,35,6148,8151
2026-09-19 04:22:11,53,87,6148,8151
2026-09-19 04:22:21,53,0,6148,8151
2026-09-19 04:22:31,52,28,6148,8151
2026-09-19 04:22:41,51,31,6148,8151
2026-09-19 04:22:51,49,0,6148,8151
2026-09-19 04:23:01,47,0,6148,8151
2026-09-19 04:23:12,46,0,6148,8151
2026-09-19 04:23:22,46,0,6148,8151
2026-09-19 04:23:32,49,26,6148,8151
2026-09-19 04:23:42,50,10,6148,8151
2026-09-19 04:23:52,52,34,6148,8151
2026-09-19 04:24:03,54,37,6148,8151
2026-09-19 04:24:13,52,0,6148,8151
2026-09-19 04:24:23,51,0,6148,8151
2026-09-19 04:24:33,50,0,6148,8151
2026-09-19 04:24:43,48,0,6148,8151
2026-09-19 04:24:53,47,0,6148,8151
2026-09-19 04:25:04,46,0,6148,8151
2026-09-19 04:25:14,47,21,6148,8151
2026-09-19 04:25:24,50,44,6148,8151
2026-09-19 04:25:34,51,6,6148,8151
2026-09-19 04:25:45,56,33,6148,8151
2026-09-19 04:25:55,54,57,6148,8151
2026-09-19 04:26:05,53,19,6148,8151
2026-09-19 04:26:15,50,0,6148,8151
2026-09-19 04:26:25,49,0,6148,8151
2026-09-19 04:26:36,47,0,6148,8151
2026-09-19 04:26:46,46,0,6148,8151
2026-09-19 04:26:56,46,0,6148,8151
2026-09-19 04:27:06,49,21,6148,8151
2026-09-19 04:27:16,51,0,6148,8151
2026-09-19 04:27:26,53,0,6148,8151
2026-09-19 04:27:37,55,0,6148,8151
2026-09-19 04:27:47,52,18,6148,8151
2026-09-19 04:27:57,51,31,6148,8151
2026-09-19 04:28:07,54,88,6148,8151
2026-09-19 04:28:17,48,0,6148,8151
2026-09-19 04:28:28,47,0,6148,8151
2026-09-19 04:28:38,46,0,6148,8151
2026-09-19 04:28:48,47,100,6148,8151
2026-09-19 04:28:58,48,17,6148,8151
2026-09-19 04:29:08,51,41,6148,8151
2026-09-19 04:29:19,53,97,6148,8151
2026-09-19 04:29:29,53,9,6148,8151
2026-09-19 04:29:39,51,0,6148,8151
2026-09-19 04:29:49,51,27,6148,8151
2026-09-19 04:30:00,49,0,6148,8151
2026-09-19 04:30:10,47,0,6148,8151
2026-09-19 04:30:20,46,0,6148,8151
2026-09-19 04:30:30,46,0,6148,8151
2026-09-19 04:30:40,49,73,6148,8151
2026-09-19 04:30:51,49,0,6148,8151
2026-09-19 04:31:01,52,96,6148,8151
2026-09-19 04:31:11,52,0,6148,8151
2026-09-19 04:31:21,53,0,6148,8151
2026-09-19 04:31:32,52,21,6148,8151
2026-09-19 04:31:42,53,98,6148,8151
2026-09-19 04:31:52,48,0,6148,8151
2026-09-19 04:32:02,47,0,6148,8151
2026-09-19 04:32:12,46,0,6148,8151
2026-09-19 04:32:22,45,0,6148,8151
2026-09-19 04:32:33,49,25,6148,8151
2026-09-19 04:32:43,50,0,6148,8151
2026-09-19 04:32:53,55,37,6148,8151
2026-09-19 04:33:03,53,28,6148,8151
2026-09-19 04:33:14,56,41,6148,8151
2026-09-19 04:33:24,51,29,6148,8151
2026-09-19 04:33:34,50,0,6148,8151
2026-09-19 04:33:44,48,0,6148,8151
2026-09-19 04:33:54,46,0,6148,8151
2026-09-19 04:34:04,46,0,6148,8151
2026-09-19 04:34:15,50,77,6148,8151
2026-09-19 04:34:25,49,0,6148,8151
2026-09-19 04:34:35,51,12,6148,8151
2026-09-19 04:34:45,55,71,6148,8151
2026-09-19 04:34:56,55,53,6148,8151
2026-09-19 04:35:06,51,28,6148,8151
2026-09-19 04:35:16,51,29,6148,8151
2026-09-19 04:35:26,49,0,6148,8151
2026-09-19 04:35:36,47,0,6148,8151
2026-09-19 04:35:46,46,0,6148,8151
2026-09-19 04:35:57,45,0,6148,8151
2026-09-19 04:36:07,51,0,6148,8151
2026-09-19 04:36:17,50,74,6148,8151
2026-09-19 04:36:27,54,34,6148,8151
2026-09-19 04:36:37,52,38,6148,8151
2026-09-19 04:36:48,54,81,6148,8151
2026-09-19 04:36:58,51,12,6148,8151
2026-09-19 04:37:08,50,0,6148,8151
2026-09-19 04:37:18,48,0,6148,8151
2026-09-19 04:37:29,46,0,6148,8151
2026-09-19 04:37:39,46,0,6148,8151
2026-09-19 04:37:49,47,7,6148,8151
2026-09-19 04:37:59,52,39,6148,8151
2026-09-19 04:38:09,50,14,6148,8151
2026-09-19 04:38:20,53,25,6148,8151
2026-09-19 04:38:30,53,8,6148,8151
2026-09-19 04:38:40,52,29,6148,8151
2026-09-19 04:38:50,51,29,6148,8151
2026-09-19 04:39:00,49,0,6148,8151
2026-09-19 04:39:11,47,0,6148,8151
2026-09-19 04:39:21,46,0,6148,8151
2026-09-19 04:39:31,46,0,6148,8151
2026-09-19 04:39:41,49,0,6148,8151
2026-09-19 04:39:51,51,35,6148,8151
2026-09-19 04:40:02,52,8,6148,8151
2026-09-19 04:40:12,54,38,6148,8151
2026-09-19 04:40:22,53,0,6148,8151
2026-09-19 04:40:32,51,31,6148,8151
2026-09-19 04:40:42,50,0,6148,8151
2026-09-19 04:40:53,48,0,6148,8151
2026-09-19 04:41:03,47,0,6148,8151
2026-09-19 04:41:13,46,0,6148,8151
2026-09-19 04:41:23,48,20,6148,8151
2026-09-19 04:41:33,51,98,6148,8151
2026-09-19 04:41:44,52,37,6148,8151
2026-09-19 04:41:54,56,41,6148,8151
2026-09-19 04:42:04,54,44,6148,8151
2026-09-19 04:42:14,53,24,6148,8151
2026-09-19 04:42:24,50,25,6148,8151
2026-09-19 04:42:35,49,0,6148,8151
2026-09-19 04:42:45,47,0,6148,8151
2026-09-19 04:42:55,46,0,6148,8151
2026-09-19 04:43:05,46,0,6148,8151
2026-09-19 04:43:15,49,28,6148,8151
2026-09-19 04:43:25,52,86,6148,8151
2026-09-19 04:43:36,53,77,6148,8151
2026-09-19 04:43:46,52,29,6148,8151
2026-09-19 04:43:56,60,37,6148,8151
2026-09-19 04:44:06,52,29,6148,8151
2026-09-19 04:44:17,50,0,6148,8151
2026-09-19 04:44:27,48,0,6148,8151
2026-09-19 04:44:37,47,0,6148,8151
2026-09-19 04:44:47,46,0,6148,8151
2026-09-19 04:44:57,45,0,6148,8151
2026-09-19 04:45:07,51,0,6148,8151
2026-09-19 04:45:18,51,31,6148,8151
2026-09-19 04:45:28,53,18,6148,8151
2026-09-19 04:45:38,57,24,6148,8151
2026-09-19 04:45:48,52,22,6148,8151
2026-09-19 04:45:59,56,0,6148,8151
2026-09-19 04:46:09,49,0,6148,8151
2026-09-19 04:46:19,48,0,6148,8151
2026-09-19 04:46:29,46,0,6148,8151
2026-09-19 04:46:39,46,0,6148,8151
2026-09-19 04:46:50,49,14,6148,8151
2026-09-19 04:47:00,51,100,6148,8151
2026-09-19 04:47:10,50,0,6148,8151
2026-09-19 04:47:20,55,78,6148,8151
2026-09-19 04:47:31,55,39,6148,8151
2026-09-19 04:47:41,51,0,6148,8151
2026-09-19 04:47:51,50,27,6148,8151
2026-09-19 04:48:01,48,0,6148,8151
2026-09-19 04:48:11,47,0,6148,8151
2026-09-19 04:48:21,46,0,6148,8151
2026-09-19 04:48:32,45,0,6148,8151
2026-09-19 04:48:42,50,41,6148,8151
2026-09-19 04:48:52,52,75,6148,8151
2026-09-19 04:49:02,51,1,6148,8151
2026-09-19 04:49:13,53,19,6148,8151
2026-09-19 04:49:23,53,20,6148,8151
2026-09-19 04:49:33,54,70,6148,8151
2026-09-19 04:49:43,50,0,6148,8151
2026-09-19 04:49:53,48,0,6148,8151
2026-09-19 04:50:03,46,0,6148,8151
2026-09-19 04:50:14,46,0,6148,8151
2026-09-19 04:50:24,47,0,6148,8151
2026-09-19 04:50:34,50,3,6148,8151
2026-09-19 04:50:44,50,7,6148,8151
2026-09-19 04:50:54,52,24,6148,8151
2026-09-19 04:51:05,53,2,6148,8151
2026-09-19 04:51:15,51,20,6148,8151
2026-09-19 04:51:25,51,28,6148,8151
2026-09-19 04:51:35,49,0,6148,8151
2026-09-19 04:51:45,47,0,6148,8151
2026-09-19 04:51:56,46,0,6148,8151
2026-09-19 04:52:06,46,0,6148,8151
2026-09-19 04:52:16,48,0,6148,8151
2026-09-19 04:52:26,51,96,6148,8151
2026-09-19 04:52:36,54,67,6148,8151
2026-09-19 04:52:47,52,0,6148,8151
2026-09-19 04:52:57,54,41,6148,8151
2026-09-19 04:53:07,51,31,6148,8151
2026-09-19 04:53:17,50,0,6148,8151
2026-09-19 04:53:28,48,0,6148,8151
2026-09-19 04:53:38,47,0,6148,8151
2026-09-19 04:53:48,46,0,6148,8151
2026-09-19 04:53:58,47,88,6148,8151
2026-09-19 04:54:08,51,26,6148,8151
2026-09-19 04:54:19,51,100,6148,8151
2026-09-19 04:54:29,52,93,6148,8151
2026-09-19 04:54:39,58,33,6148,8151
2026-09-19 04:54:49,51,28,6148,8151
2026-09-19 04:54:59,50,30,6148,8151
2026-09-19 04:55:10,49,0,6148,8151
2026-09-19 04:55:20,47,0,6148,8151
2026-09-19 04:55:30,46,0,6148,8151
2026-09-19 04:55:40,46,0,6148,8151
2026-09-19 04:55:50,48,0,6148,8151
2026-09-19 04:56:00,50,8,6148,8151
2026-09-19 04:56:11,55,47,6148,8151
2026-09-19 04:56:21,53,12,6148,8151
2026-09-19 04:56:31,55,67,6148,8151
2026-09-19 04:56:41,51,0,6148,8151
2026-09-19 04:56:52,50,9,6148,8151
2026-09-19 04:57:02,48,0,6148,8151
2026-09-19 04:57:12,47,0,6148,8151
2026-09-19 04:57:22,46,0,6148,8151
2026-09-19 04:57:32,46,35,6148,8151
2026-09-19 04:57:43,48,0,6148,8151
2026-09-19 04:57:53,50,0,6148,8151
2026-09-19 04:58:03,52,36,6148,8151
2026-09-19 04:58:13,52,0,6148,8151
2026-09-19 04:58:23,53,26,6148,8151
2026-09-19 04:58:34,51,32,6148,8151
2026-09-19 04:58:44,49,0,6148,8151
2026-09-19 04:58:54,47,0,6148,8151
2026-09-19 04:59:04,50,65,6148,8151
2026-09-19 04:59:15,52,69,6148,8151
2026-09-19 04:59:25,53,41,6148,8151
2026-09-19 04:59:35,52,0,6148,8151
2026-09-19 04:59:45,52,0,6148,8151
2026-09-19 04:59:55,53,27,6148,8151
2026-09-19 05:00:06,50,0,6148,8151
2026-09-19 05:00:16,49,0,6148,8151
2026-09-19 05:00:26,47,0,6148,8151
2026-09-19 05:00:36,51,74,6148,8151
2026-09-19 05:00:47,51,92,6148,8151
2026-09-19 05:00:57,51,21,6148,8151
2026-09-19 05:01:07,52,0,6148,8151
2026-09-19 05:01:17,55,60,6148,8151
2026-09-19 05:01:27,55,47,6148,8151
2026-09-19 05:01:38,52,21,6148,8151
2026-09-19 05:01:48,49,0,6148,8151
2026-09-19 05:01:58,47,0,6148,8151
2026-09-19 05:02:08,47,8,6148,8151
2026-09-19 05:02:18,52,0,6148,8151
2026-09-19 05:02:29,50,0,6148,8151
2026-09-19 05:02:39,52,36,6148,8151
2026-09-19 05:02:49,54,2,6148,8151
2026-09-19 05:02:59,51,0,6148,8151
2026-09-19 05:03:10,50,29,6148,8151
2026-09-19 05:03:20,49,0,6148,8151
2026-09-19 05:03:30,47,0,6148,8151
2026-09-19 05:03:40,50,36,6148,8151
2026-09-19 05:03:50,50,0,6148,8151
2026-09-19 05:04:01,53,40,6148,8151
2026-09-19 05:04:11,53,28,6148,8151
2026-09-19 05:04:21,54,53,6148,8151
2026-09-19 05:04:31,51,0,6148,8151
2026-09-19 05:04:41,51,24,6148,8151
2026-09-19 05:04:52,49,0,6148,8151
2026-09-19 05:05:02,47,0,6148,8151
2026-09-19 05:05:12,52,40,6148,8151
2026-09-19 05:05:22,50,28,6148,8151
2026-09-19 05:05:32,53,53,6148,8151
2026-09-19 05:05:43,52,0,6148,8151
2026-09-19 05:05:53,54,49,6148,8151
2026-09-19 05:06:03,51,28,6148,8151
2026-09-19 05:06:13,50,0,6148,8151
2026-09-19 05:06:24,48,0,6148,8151
2026-09-19 05:06:34,47,0,6148,8151
2026-09-19 05:06:44,49,3,6148,8151
2026-09-19 05:06:54,51,89,6148,8151
2026-09-19 05:07:04,51,0,6148,8151
2026-09-19 05:07:15,54,48,6148,8151
2026-09-19 05:07:25,53,30,6148,8151
2026-09-19 05:07:35,51,30,6148,8151
2026-09-19 05:07:45,50,22,6148,8151
2026-09-19 05:07:55,49,0,6148,8151
2026-09-19 05:08:06,47,0,6148,8151
2026-09-19 05:08:16,48,0,6148,8151
2026-09-19 05:08:26,50,9,6148,8151
2026-09-19 05:08:36,55,43,6148,8151
2026-09-19 05:08:46,57,66,6148,8151
2026-09-19 05:08:57,52,0,6148,8151
2026-09-19 05:09:07,52,25,6148,8151
2026-09-19 05:09:17,51,29,6148,8151
2026-09-19 05:09:27,48,0,6148,8151
2026-09-19 05:09:37,47,0,6148,8151
2026-09-19 05:09:48,53,74,6148,8151
2026-09-19 05:09:58,49,0,6148,8151
2026-09-19 05:10:08,51,0,6148,8151
2026-09-19 05:10:18,52,0,6148,8151
2026-09-19 05:10:28,52,0,6148,8151
2026-09-19 05:10:39,51,32,6148,8151
2026-09-19 05:10:49,50,26,6148,8151
2026-09-19 05:10:59,48,0,6148,8151
2026-09-19 05:11:09,47,0,6148,8151
2026-09-19 05:11:19,48,0,6148,8151
2026-09-19 05:11:30,50,0,6148,8151
2026-09-19 05:11:40,55,36,6148,8151
2026-09-19 05:11:50,52,68,6148,8151
2026-09-19 05:12:00,52,37,6148,8151
2026-09-19 05:12:11,54,0,6148,8151
2026-09-19 05:12:21,50,28,6148,8151
2026-09-19 05:12:31,48,0,6148,8151
2026-09-19 05:12:41,47,0,6148,8151
2026-09-19 05:12:51,50,14,6148,8151
2026-09-19 05:13:02,51,63,6148,8151
2026-09-19 05:13:12,53,20,6148,8151
2026-09-19 05:13:22,52,0,6148,8151
2026-09-19 05:13:32,53,100,6148,8151
2026-09-19 05:13:43,52,78,6148,8151
2026-09-19 05:13:53,50,0,6148,8151
2026-09-19 05:14:03,48,0,6148,8151
2026-09-19 05:14:13,47,0,6148,8151
2026-09-19 05:14:23,48,0,6148,8151
2026-09-19 05:14:34,50,0,6148,8151
2026-09-19 05:14:44,52,0,6148,8151
2026-09-19 05:14:54,53,35,6148,8151
2026-09-19 05:15:04,54,51,6148,8151
2026-09-19 05:15:14,52,26,6148,8151
2026-09-19 05:15:25,52,32,6148,8151
2026-09-19 05:15:35,48,0,6148,8151
2026-09-19 05:15:45,47,0,6148,8151
2026-09-19 05:15:55,48,0,6148,8151
2026-09-19 05:16:05,52,82,6148,8151
2026-09-19 05:16:16,52,14,6148,8151
2026-09-19 05:16:26,55,44,6148,8151
2026-09-19 05:16:36,53,34,6148,8151
2026-09-19 05:16:46,51,30,6148,8151
2026-09-19 05:16:57,50,0,6148,8151
2026-09-19 05:17:07,48,0,6148,8151
2026-09-19 05:17:17,47,0,6148,8151
2026-09-19 05:17:27,51,41,6148,8151
2026-09-19 05:17:37,50,0,6148,8151
2026-09-19 05:17:48,57,70,6148,8151
2026-09-19 05:17:58,53,21,6148,8151
2026-09-19 05:18:08,54,94,6148,8151
2026-09-19 05:18:18,54,67,6148,8151
2026-09-19 05:18:28,49,0,6148,8151
2026-09-19 05:18:39,47,0,6148,8151
2026-09-19 05:18:49,46,0,6148,8151
2026-09-19 05:18:59,52,36,6148,8151
2026-09-19 05:19:09,51,23,6148,8151
2026-09-19 05:19:19,51,0,6148,8151
2026-09-19 05:19:30,52,0,6148,8151
2026-09-19 05:19:40,54,33,6148,8151
2026-09-19 05:19:50,51,31,6148,8151
2026-09-19 05:20:00,49,0,6148,8151
2026-09-19 05:20:10,48,0,6148,8151
2026-09-19 05:20:21,46,0,6148,8151
2026-09-19 05:20:31,50,23,6148,8151
2026-09-19 05:20:41,51,5,6148,8151
2026-09-19 05:20:51,53,78,6148,8151
2026-09-19 05:21:02,52,1,6148,8151
2026-09-19 05:21:12,51,0,6148,8151
2026-09-19 05:21:22,50,33,6148,8151
2026-09-19 05:21:32,49,0,6148,8151
2026-09-19 05:21:42,47,0,6148,8151
2026-09-19 05:21:53,47,0,6148,8151
2026-09-19 05:22:03,50,75,6148,8151
2026-09-19 05:22:13,51,72,6148,8151
2026-09-19 05:22:23,52,77,6148,8151
2026-09-19 05:22:34,52,74,6148,8151
2026-09-19 05:22:44,54,12,6148,8151
2026-09-19 05:22:54,52,98,6148,8151
2026-09-19 05:23:04,49,0,6148,8151
2026-09-19 05:23:14,47,0,6148,8151
2026-09-19 05:23:25,48,9,6148,8151
2026-09-19 05:23:35,51,37,6148,8151
2026-09-19 05:23:45,51,0,6148,8151
2026-09-19 05:23:55,53,26,6148,8151
2026-09-19 05:24:05,51,0,6148,8151
2026-09-19 05:24:16,55,28,6148,8151
2026-09-19 05:24:26,53,68,6148,8151
2026-09-19 05:24:36,48,0,6148,8151
2026-09-19 05:24:46,47,0,6148,8151
2026-09-19 05:24:56,49,19,6148,8151
2026-09-19 05:25:07,56,35,6148,8151
2026-09-19 05:25:17,54,38,6148,8151
2026-09-19 05:25:27,52,0,6148,8151
2026-09-19 05:25:37,53,25,6148,8151
2026-09-19 05:25:48,59,80,6148,8151
2026-09-19 05:25:58,53,54,6148,8151
2026-09-19 05:26:08,49,0,6148,8151
2026-09-19 05:26:18,47,0,6148,8151
2026-09-19 05:26:28,52,56,6148,8151
2026-09-19 05:26:39,49,0,6148,8151
2026-09-19 05:26:49,55,41,6148,8151
2026-09-19 05:26:59,53,87,6148,8151
2026-09-19 05:27:09,52,0,6148,8151
2026-09-19 05:27:19,51,0,6148,8151
2026-09-19 05:27:30,50,29,6148,8151
2026-09-19 05:27:40,49,0,6148,8151
2026-09-19 05:27:50,47,0,6148,8151
2026-09-19 05:28:00,49,21,6148,8151
2026-09-19 05:28:10,49,0,6148,8151
2026-09-19 05:28:21,51,0,6148,8151
2026-09-19 05:28:31,52,0,6148,8151
2026-09-19 05:28:41,54,99,6148,8151
2026-09-19 05:28:51,51,0,6148,8151
2026-09-19 05:29:02,50,26,6148,8151
2026-09-19 05:29:12,49,0,6148,8151
2026-09-19 05:29:22,47,0,6148,8151
2026-09-19 05:29:32,48,0,6148,8151
2026-09-19 05:29:42,50,0,6148,8151
2026-09-19 05:29:53,51,18,6148,8151
2026-09-19 05:30:03,55,77,6148,8151
2026-09-19 05:30:13,52,0,6148,8151
2026-09-19 05:30:23,53,19,6148,8151
2026-09-19 05:30:33,50,3,6148,8151
2026-09-19 05:30:44,48,0,6148,8151
2026-09-19 05:30:54,47,0,6148,8151
2026-09-19 05:31:04,48,0,6148,8151
2026-09-19 05:31:14,49,0,6148,8151
2026-09-19 05:31:24,52,9,6148,8151
2026-09-19 05:31:35,52,80,6148,8151
2026-09-19 05:31:45,52,0,6148,8151
2026-09-19 05:31:55,52,21,6148,8151
2026-09-19 05:32:05,50,0,6148,8151
2026-09-19 05:32:16,49,0,6148,8151
2026-09-19 05:32:26,47,0,6148,8151
2026-09-19 05:32:36,48,7,6148,8151
2026-09-19 05:32:46,50,0,6148,8151
2026-09-19 05:32:56,51,25,6148,8151
2026-09-19 05:33:07,53,88,6148,8151
2026-09-19 05:33:17,53,10,6148,8151
2026-09-19 05:33:27,57,89,6148,8151
2026-09-19 05:33:37,51,23,6148,8151
2026-09-19 05:33:47,49,0,6148,8151
2026-09-19 05:33:57,47,0,6148,8151
2026-09-19 05:34:08,49,20,6148,8151
2026-09-19 05:34:18,51,90,6148,8151
2026-09-19 05:34:28,51,0,6148,8151
2026-09-19 05:34:38,52,28,6148,8151
2026-09-19 05:34:49,52,0,6148,8151
2026-09-19 05:34:59,52,24,6148,8151
2026-09-19 05:35:09,50,0,6148,8151
2026-09-19 05:35:19,48,0,6148,8151
2026-09-19 05:35:29,47,0,6148,8151
2026-09-19 05:35:40,49,19,6148,8151
2026-09-19 05:35:50,53,54,6148,8151
2026-09-19 05:36:00,51,0,6148,8151
2026-09-19 05:36:10,53,15,6148,8151
2026-09-19 05:36:20,56,57,6148,8151
2026-09-19 05:36:31,51,28,6148,8151
2026-09-19 05:36:41,51,29,6148,8151
2026-09-19 05:36:51,48,0,6148,8151
2026-09-19 05:37:01,47,0,6148,8151
2026-09-19 05:37:11,50,46,6148,8151
2026-09-19 05:37:22,53,72,6148,8151
2026-09-19 05:37:32,51,0,6148,8151
2026-09-19 05:37:42,53,38,6148,8151
2026-09-19 05:37:52,51,8,6148,8151
2026-09-19 05:38:03,52,28,6148,8151
2026-09-19 05:38:13,51,20,6148,8151
2026-09-19 05:38:23,48,0,6148,8151
2026-09-19 05:38:33,47,0,6148,8151
2026-09-19 05:38:43,50,80,6148,8151
2026-09-19 05:38:53,49,1,6148,8151
2026-09-19 05:39:04,51,0,6148,8151
2026-09-19 05:39:14,54,41,6148,8151
2026-09-19 05:39:24,52,0,6148,8151
2026-09-19 05:39:34,51,30,6148,8151
2026-09-19 05:39:45,52,98,6148,8151
2026-09-19 05:39:55,48,0,6148,8151
2026-09-19 05:40:05,47,0,6148,8151
2026-09-19 05:40:15,50,59,6148,8151
2026-09-19 05:40:25,51,16,6148,8151
2026-09-19 05:40:36,53,14,6148,8151
2026-09-19 05:40:46,52,0,6148,8151
2026-09-19 05:40:56,52,73,6148,8151
2026-09-19 05:41:06,51,0,6148,8151
2026-09-19 05:41:16,50,29,6148,8151
2026-09-19 05:41:27,48,0,6148,8151
2026-09-19 05:41:37,47,0,6148,8151
2026-09-19 05:41:47,49,0,6148,8151
2026-09-19 05:41:57,50,25,6148,8151
2026-09-19 05:42:07,53,52,6148,8151
2026-09-19 05:42:18,53,32,6148,8151
2026-09-19 05:42:28,53,39,6148,8151
2026-09-19 05:42:38,51,0,6148,8151
2026-09-19 05:42:48,50,0,6148,8151
2026-09-19 05:42:59,48,0,6148,8151
2026-09-19 05:43:09,47,0,6148,8151
2026-09-19 05:43:19,48,10,6148,8151
2026-09-19 05:43:29,50,0,6148,8151
2026-09-19 05:43:39,51,0,6148,8151
2026-09-19 05:43:50,52,0,6148,8151
2026-09-19 05:44:00,53,30,6148,8151
2026-09-19 05:44:10,53,33,6148,8151
2026-09-19 05:44:20,50,4,6148,8151
2026-09-19 05:44:30,48,0,6148,8151
2026-09-19 05:44:41,47,0,6148,8151
2026-09-19 05:44:51,51,85,6148,8151
2026-09-19 05:45:01,50,0,6148,8151
2026-09-19 05:45:11,51,0,6148,8151
2026-09-19 05:45:21,53,15,6148,8151
2026-09-19 05:45:32,52,0,6148,8151
2026-09-19 05:45:42,51,30,6148,8151
2026-09-19 05:45:52,50,23,6148,8151
2026-09-19 05:46:02,48,0,6148,8151
2026-09-19 05:46:12,47,0,6148,8151
2026-09-19 05:46:23,49,0,6148,8151
2026-09-19 05:46:33,50,9,6148,8151
2026-09-19 05:46:43,56,42,6148,8151
2026-09-19 05:46:53,56,68,6148,8151
2026-09-19 05:47:04,59,37,6148,8151
2026-09-19 05:47:14,51,34,6148,8151
2026-09-19 05:47:24,52,35,6148,8151
2026-09-19 05:47:34,48,0,6148,8151
2026-09-19 05:47:44,47,0,6148,8151
2026-09-19 05:47:55,49,19,6148,8151
2026-09-19 05:48:05,51,86,6148,8151
2026-09-19 05:48:15,55,82,6148,8151
2026-09-19 05:48:25,51,18,6148,8151
2026-09-19 05:48:35,52,1,6148,8151
2026-09-19 05:48:46,51,2,6148,8151
2026-09-19 05:48:56,50,28,6148,8151
2026-09-19 05:49:06,48,0,6148,8151
2026-09-19 05:49:16,47,0,6148,8151
2026-09-19 05:49:26,54,32,6148,8151
2026-09-19 05:49:37,49,0,6148,8151
2026-09-19 05:49:47,55,0,6148,8151
2026-09-19 05:49:57,53,0,6148,8151
2026-09-19 05:50:07,53,60,6148,8151
2026-09-19 05:50:18,60,33,6148,8151
2026-09-19 05:50:28,50,28,6148,8151
2026-09-19 05:50:38,48,0,6148,8151
2026-09-19 05:50:48,47,0,6148,8151
2026-09-19 05:50:58,48,15,6148,8151
2026-09-19 05:51:09,52,35,6148,8151
2026-09-19 05:51:19,58,37,6148,8151
2026-09-19 05:51:29,52,5,6148,8151
2026-09-19 05:51:39,52,16,6148,8151
2026-09-19 05:51:49,51,28,6148,8151
2026-09-19 05:52:00,50,35,6148,8151
2026-09-19 05:52:10,48,0,6148,8151
2026-09-19 05:52:20,47,0,6148,8151
2026-09-19 05:52:30,49,0,6148,8151
2026-09-19 05:52:40,50,0,6148,8151
2026-09-19 05:52:51,52,44,6148,8151
2026-09-19 05:53:01,55,44,6148,8151
2026-09-19 05:53:11,52,22,6148,8151
2026-09-19 05:53:21,51,30,6148,8151
2026-09-19 05:53:31,50,0,6148,8151
2026-09-19 05:53:42,48,0,6148,8151
2026-09-19 05:53:52,47,0,6148,8151
2026-09-19 05:54:02,50,20,6148,8151
2026-09-19 05:54:12,51,36,6148,8151
2026-09-19 05:54:22,53,100,6148,8151
2026-09-19 05:54:33,54,94,6148,8151
2026-09-19 05:54:43,53,98,6148,8151
2026-09-19 05:54:53,50,0,6148,8151
2026-09-19 05:55:03,50,24,6148,8151
2026-09-19 05:55:13,48,0,6148,8151
2026-09-19 05:55:24,46,0,6148,8151
2026-09-19 05:55:34,51,36,6148,8151
2026-09-19 05:55:44,52,64,6148,8151
2026-09-19 05:55:54,52,37,6148,8151
2026-09-19 05:56:04,51,2,6148,8151
2026-09-19 05:56:15,53,51,6148,8151
2026-09-19 05:56:25,50,0,6148,8151
2026-09-19 05:56:35,50,0,6148,8151
2026-09-19 05:56:45,48,0,6148,8151
2026-09-19 05:56:55,46,0,6148,8151
2026-09-19 05:57:06,52,39,6148,8151
2026-09-19 05:57:16,51,20,6148,8151
2026-09-19 05:57:26,51,0,6148,8151
2026-09-19 05:57:36,54,61,6148,8151
2026-09-19 05:57:47,52,0,6148,8151
2026-09-19 05:57:57,50,13,6148,8151
2026-09-19 05:58:07,50,0,6148,8151
2026-09-19 05:58:17,48,0,6148,8151
2026-09-19 05:58:27,46,0,6148,8151
2026-09-19 05:58:38,48,0,6148,8151
2026-09-19 05:58:48,52,86,6148,8151
2026-09-19 05:58:58,52,51,6148,8151
2026-09-19 05:59:08,53,100,6148,8151
2026-09-19 05:59:19,50,0,6148,8151
2026-09-19 05:59:29,57,45,6148,8151
2026-09-19 05:59:39,51,78,6148,8151
2026-09-19 05:59:49,52,31,6148,8151
2026-09-19 06:00:00,51,26,6148,8151
2026-09-19 06:00:10,50,0,6148,8151
2026-09-19 06:00:20,54,35,6148,8151
2026-09-19 06:00:30,51,28,6148,8151
2026-09-19 06:00:41,53,100,6148,8151
2026-09-19 06:00:51,49,0,6148,8151
2026-09-19 06:01:01,49,0,6148,8151
2026-09-19 06:01:11,47,0,6148,8151
2026-09-19 06:01:21,46,0,6148,8151
2026-09-19 06:01:31,48,14,6148,8151
2026-09-19 06:01:42,55,39,6148,8151
2026-09-19 06:01:52,51,33,6148,8151
2026-09-19 06:02:02,54,73,6148,8151
2026-09-19 06:02:12,51,6,6148,8151
2026-09-19 06:02:23,51,0,6148,8151
2026-09-19 06:02:33,50,0,6148,8151
2026-09-19 06:02:43,52,25,6148,8151
2026-09-19 06:02:53,52,27,6148,8151
2026-09-19 06:03:03,55,68,6148,8151
2026-09-19 06:03:14,51,20,6148,8151
2026-09-19 06:03:24,50,0,6148,8151
2026-09-19 06:03:34,50,0,6148,8151
2026-09-19 06:03:44,50,32,6148,8151
2026-09-19 06:03:55,49,28,6148,8151
2026-09-19 06:04:05,48,0,6148,8151
2026-09-19 06:04:15,46,0,6148,8151
2026-09-19 06:04:25,46,0,6148,8151
2026-09-19 06:04:35,51,70,6148,8151
2026-09-19 06:04:46,57,65,6148,8151
2026-09-19 06:04:56,51,33,6148,8151
2026-09-19 06:05:06,52,17,6148,8151
2026-09-19 06:05:16,51,0,6148,8151
2026-09-19 06:05:26,51,0,6148,8151
2026-09-19 06:05:37,55,69,6148,8151
2026-09-19 06:05:47,52,94,6148,8151
2026-09-19 06:05:57,51,6,6148,8151
2026-09-19 06:06:07,51,0,6148,8151
2026-09-19 06:06:18,51,0,6148,8151
2026-09-19 06:06:28,50,0,6148,8151
2026-09-19 06:06:38,50,24,6148,8151
2026-09-19 06:06:48,55,96,6148,8151
2026-09-19 06:06:58,48,0,6148,8151
2026-09-19 06:07:09,47,0,6148,8151
2026-09-19 06:07:19,46,0,6148,8151
2026-09-19 06:07:29,47,0,6148,8151
2026-09-19 06:07:39,51,41,6148,8151
2026-09-19 06:07:49,53,41,6148,8151
2026-09-19 06:08:00,54,74,6148,8151
2026-09-19 06:08:10,51,0,6148,8151
2026-09-19 06:08:20,51,0,6148,8151
2026-09-19 06:08:30,50,0,6148,8151
2026-09-19 06:08:41,52,16,6148,8151
2026-09-19 06:08:51,52,37,6148,8151
2026-09-19 06:09:01,53,53,6148,8151
2026-09-19 06:09:11,53,82,6148,8151
2026-09-19 06:09:22,50,0,6148,8151
2026-09-19 06:09:32,50,0,6148,8151
2026-09-19 06:09:42,50,30,6148,8151
2026-09-19 06:09:52,49,29,6148,8151
2026-09-19 06:10:02,47,0,6148,8151
2026-09-19 06:10:13,46,0,6148,8151
2026-09-19 06:10:23,45,0,6148,8151
2026-09-19 06:10:33,48,0,6148,8151
2026-09-19 06:10:43,49,0,6148,8151
2026-09-19 06:10:53,50,0,6148,8151
2026-09-19 06:11:04,50,0,6148,8151
2026-09-19 06:11:14,51,0,6148,8151
2026-09-19 06:11:24,51,9,6148,8151
2026-09-19 06:11:34,50,0,6148,8151
2026-09-19 06:11:45,50,0,6148,8151
2026-09-19 06:11:55,55,0,6148,8151
2026-09-19 06:12:05,53,0,6148,8151
2026-09-19 06:12:15,51,70,6148,8151
2026-09-19 06:12:25,53,17,6148,8151
2026-09-19 06:12:36,49,0,6148,8151
2026-09-19 06:12:46,49,0,6148,8151
2026-09-19 06:12:56,48,0,6148,8151
2026-09-19 06:13:06,46,0,6148,8151
2026-09-19 06:13:16,46,0,6148,8151
2026-09-19 06:13:27,47,0,6148,8151
2026-09-19 06:13:37,49,0,6148,8151
2026-09-19 06:13:47,51,39,6148,8151
2026-09-19 06:13:57,57,73,6148,8151
2026-09-19 06:14:08,51,0,6148,8151
2026-09-19 06:14:18,51,0,6148,8151
2026-09-19 06:14:28,52,39,6148,8151
2026-09-19 06:14:38,52,99,6148,8151
2026-09-19 06:14:49,50,0,6148,8151
2026-09-19 06:14:59,54,70,6148,8151
2026-09-19 06:15:09,50,0,6148,8151
2026-09-19 06:15:19,50,0,6148,8151
2026-09-19 06:15:30,53,37,6148,8151
2026-09-19 06:15:40,50,30,6148,8151
2026-09-19 06:15:50,49,28,6148,8151
2026-09-19 06:16:00,47,0,6148,8151
2026-09-19 06:16:10,46,0,6148,8151
2026-09-19 06:16:20,45,0,6148,8151
2026-09-19 06:16:31,48,0,6148,8151
2026-09-19 06:16:41,49,0,6148,8151
2026-09-19 06:16:51,50,23,6148,8151
2026-09-19 06:17:01,51,0,6148,8151
2026-09-19 06:17:11,51,0,6148,8151
2026-09-19 06:17:22,52,5,6148,8151
2026-09-19 06:17:32,50,0,6148,8151
2026-09-19 06:17:42,50,0,6148,8151
2026-09-19 06:17:52,50,19,6148,8151
2026-09-19 06:18:03,50,0,6148,8151
2026-09-19 06:18:13,52,46,6148,8151
2026-09-19 06:18:23,52,40,6148,8151
2026-09-19 06:18:33,49,0,6148,8151
2026-09-19 06:18:44,51,38,6148,8151
2026-09-19 06:18:54,47,0,6148,8151
2026-09-19 06:19:04,46,0,6148,8151
2026-09-19 06:19:14,45,0,6148,8151
2026-09-19 06:19:24,48,0,6148,8151
2026-09-19 06:19:35,49,0,6148,8151
2026-09-19 06:19:45,50,0,6148,8151
2026-09-19 06:19:55,52,100,6148,8151
2026-09-19 06:20:05,51,0,6148,8151
2026-09-19 06:20:15,53,92,6148,8151
2026-09-19 06:20:26,54,81,6148,8151
2026-09-19 06:20:36,51,20,6148,8151
2026-09-19 06:20:46,51,9,6148,8151
2026-09-19 06:20:56,51,0,6148,8151
2026-09-19 06:21:07,50,0,6148,8151
2026-09-19 06:21:17,54,55,6148,8151
2026-09-19 06:21:27,50,0,6148,8151
2026-09-19 06:21:37,49,4,6148,8151
2026-09-19 06:21:48,48,0,6148,8151
2026-09-19 06:21:58,47,0,6148,8151
2026-09-19 06:22:08,46,0,6148,8151
2026-09-19 06:22:18,47,0,6148,8151
2026-09-19 06:22:28,52,62,6148,8151
2026-09-19 06:22:39,49,0,6148,8151
2026-09-19 06:22:49,54,52,6148,8151
2026-09-19 06:22:59,51,6,6148,8151
2026-09-19 06:23:09,50,0,6148,8151
2026-09-19 06:23:20,57,80,6148,8151
2026-09-19 06:23:30,52,87,6148,8151
2026-09-19 06:23:40,52,25,6148,8151
2026-09-19 06:23:50,52,57,6148,8151
2026-09-19 06:24:01,51,15,6148,8151
2026-09-19 06:24:11,51,14,6148,8151
2026-09-19 06:24:21,51,37,6148,8151
2026-09-19 06:24:31,49,28,6148,8151
2026-09-19 06:24:41,49,28,6148,8151
2026-09-19 06:24:52,47,0,6148,8151
2026-09-19 06:25:02,46,0,6148,8151
2026-09-19 06:25:12,45,0,6148,8151
2026-09-19 06:25:22,47,0,6148,8151
2026-09-19 06:25:32,49,0,6148,8151
2026-09-19 06:25:43,52,0,6148,8151
2026-09-19 06:25:53,51,77,6148,8151
2026-09-19 06:26:03,53,100,6148,8151
2026-09-19 06:26:13,50,19,6148,8151
2026-09-19 06:26:24,51,18,6148,8151
2026-09-19 06:26:34,53,36,6148,8151
2026-09-19 06:26:44,51,0,6148,8151
2026-09-19 06:26:54,50,0,6148,8151
2026-09-19 06:27:04,51,11,6148,8151
2026-09-19 06:27:15,51,30,6148,8151
2026-09-19 06:27:25,50,29,6148,8151
2026-09-19 06:27:35,49,29,6148,8151
2026-09-19 06:27:45,48,0,6148,8151
2026-09-19 06:27:55,46,0,6148,8151
2026-09-19 06:28:06,46,0,6148,8151
2026-09-19 06:28:16,48,0,6148,8151
2026-09-19 06:28:26,49,0,6148,8151
2026-09-19 06:28:36,50,0,6148,8151
2026-09-19 06:28:46,55,41,6148,8151
2026-09-19 06:28:57,52,41,6148,8151
2026-09-19 06:29:07,58,36,6148,8151
2026-09-19 06:29:17,55,37,6148,8151
2026-09-19 06:29:27,51,0,6148,8151
2026-09-19 06:29:38,50,0,6148,8151
2026-09-19 06:29:48,52,23,6148,8151
2026-09-19 06:29:58,50,0,6148,8151
2026-09-19 06:30:08,51,4,6148,8151
2026-09-19 06:30:19,55,95,6148,8151
2026-09-19 06:30:29,50,30,6148,8151
2026-09-19 06:30:39,48,0,6148,8151
2026-09-19 06:30:49,47,0,6148,8151
2026-09-19 06:30:59,46,0,6148,8151
2026-09-19 06:31:09,49,23,6148,8151
2026-09-19 06:31:20,51,76,6148,8151
2026-09-19 06:31:30,51,32,6148,8151
2026-09-19 06:31:40,51,17,6148,8151
2026-09-19 06:31:50,51,0,6148,8151
2026-09-19 06:32:01,53,100,6148,8151
2026-09-19 06:32:11,53,89,6148,8151
2026-09-19 06:32:21,51,4,6148,8151
2026-09-19 06:32:31,53,36,6148,8151
2026-09-19 06:32:42,50,0,6148,8151
2026-09-19 06:32:52,50,0,6148,8151
2026-09-19 06:33:02,53,88,6148,8151
2026-09-19 06:33:12,54,64,6148,8151
2026-09-19 06:33:22,49,20,6148,8151
2026-09-19 06:33:33,49,0,6148,8151
2026-09-19 06:33:43,47,0,6148,8151
2026-09-19 06:33:53,46,0,6148,8151
2026-09-19 06:34:03,48,29,6148,8151
2026-09-19 06:34:13,49,0,6148,8151
2026-09-19 06:34:24,49,0,6148,8151
2026-09-19 06:34:34,50,0,6148,8151
2026-09-19 06:34:44,54,50,6148,8151
2026-09-19 06:34:54,53,83,6148,8151
2026-09-19 06:35:05,53,31,6148,8151
2026-09-19 06:35:15,52,25,6148,8151
2026-09-19 06:35:25,50,0,6148,8151
2026-09-19 06:35:35,50,0,6148,8151
2026-09-19 06:35:45,50,0,6148,8151
2026-09-19 06:35:56,52,0,6148,8151
2026-09-19 06:36:06,57,36,6148,8151
2026-09-19 06:36:16,54,0,6148,8151
2026-09-19 06:36:26,49,0,6148,8151
2026-09-19 06:36:37,47,0,6148,8151
2026-09-19 06:36:47,46,0,6148,8151
2026-09-19 06:36:57,45,0,6148,8151
2026-09-19 06:37:07,51,49,6148,8151
2026-09-19 06:37:17,51,19,6148,8151
2026-09-19 06:37:28,51,4,6148,8151
2026-09-19 06:37:38,51,4,6148,8151
2026-09-19 06:37:48,52,32,6148,8151
2026-09-19 06:37:58,53,79,6148,8151
2026-09-19 06:38:09,57,38,6148,8151
2026-09-19 06:38:19,52,37,6148,8151
2026-09-19 06:38:29,50,0,6148,8151
2026-09-19 06:38:39,50,0,6148,8151
2026-09-19 06:38:50,54,76,6148,8151
2026-09-19 06:39:00,52,100,6148,8151
2026-09-19 06:39:10,50,28,6148,8151
2026-09-19 06:39:20,49,30,6148,8151
2026-09-19 06:39:30,48,0,6148,8151
2026-09-19 06:39:41,47,0,6148,8151
2026-09-19 06:39:51,46,0,6148,8151
2026-09-19 06:40:01,48,38,6148,8151
2026-09-19 06:40:11,49,25,6148,8151
2026-09-19 06:40:21,50,14,6148,8151
2026-09-19 06:40:32,51,0,6148,8151
2026-09-19 06:40:42,52,30,6148,8151
2026-09-19 06:40:52,52,0,6148,8151
2026-09-19 06:41:02,51,0,6148,8151
2026-09-19 06:41:13,50,0,6148,8151
2026-09-19 06:41:23,50,0,6148,8151
2026-09-19 06:41:33,51,7,6148,8151
2026-09-19 06:41:43,51,11,6148,8151
2026-09-19 06:41:54,50,0,6148,8151
2026-09-19 06:42:04,50,0,6148,8151
2026-09-19 06:42:14,49,0,6148,8151
2026-09-19 06:42:24,48,0,6148,8151
2026-09-19 06:42:34,47,0,6148,8151
2026-09-19 06:42:45,46,0,6148,8151
2026-09-19 06:42:55,47,31,6148,8151
2026-09-19 06:43:05,48,0,6148,8151
2026-09-19 06:43:15,49,0,6148,8151
2026-09-19 06:43:25,55,42,6148,8151
2026-09-19 06:43:36,53,95,6148,8151
2026-09-19 06:43:46,52,21,6148,8151
2026-09-19 06:43:56,51,3,6148,8151
2026-09-19 06:44:06,50,0,6148,8151
2026-09-19 06:44:17,50,0,6148,8151
2026-09-19 06:44:27,51,0,6148,8151
2026-09-19 06:44:37,51,0,6148,8151
2026-09-19 06:44:47,51,8,6148,8151
2026-09-19 06:44:58,51,8,6148,8151
2026-09-19 06:45:08,55,97,6148,8151
2026-09-19 06:45:18,51,98,6148,8151
2026-09-19 06:45:28,48,0,6148,8151
2026-09-19 06:45:38,46,0,6148,8151
2026-09-19 06:45:48,46,0,6148,8151
2026-09-19 06:45:59,49,34,6148,8151
2026-09-19 06:46:09,49,0,6148,8151
2026-09-19 06:46:19,50,0,6148,8151
2026-09-19 06:46:29,52,12,6148,8151
2026-09-19 06:46:40,54,23,6148,8151
2026-09-19 06:46:50,51,0,6148,8151
2026-09-19 06:47:00,51,0,6148,8151
2026-09-19 06:47:10,51,16,6148,8151
2026-09-19 06:47:20,51,62,6148,8151
2026-09-19 06:47:31,52,12,6148,8151
2026-09-19 06:47:41,51,93,6148,8151
2026-09-19 06:47:51,51,83,6148,8151
2026-09-19 06:48:01,50,29,6148,8151
2026-09-19 06:48:12,50,27,6148,8151
2026-09-19 06:48:22,49,0,6148,8151
2026-09-19 06:48:32,47,0,6148,8151
2026-09-19 06:48:42,46,0,6148,8151
2026-09-19 06:48:52,48,36,6148,8151
2026-09-19 06:49:03,54,74,6148,8151
2026-09-19 06:49:13,49,0,6148,8151
2026-09-19 06:49:23,50,0,6148,8151
2026-09-19 06:49:33,51,0,6148,8151
2026-09-19 06:49:43,51,0,6148,8151
2026-09-19 06:49:54,51,0,6148,8151
2026-09-19 06:50:04,51,15,6148,8151
2026-09-19 06:50:14,51,14,6148,8151
2026-09-19 06:50:24,50,2,6148,8151
2026-09-19 06:50:35,54,66,6148,8151
2026-09-19 06:50:45,50,0,6148,8151
2026-09-19 06:50:55,51,26,6148,8151
2026-09-19 06:51:05,56,82,6148,8151
2026-09-19 06:51:16,51,34,6148,8151
2026-09-19 06:51:26,48,0,6148,8151
2026-09-19 06:51:36,46,0,6148,8151
2026-09-19 06:51:46,46,0,6148,8151
2026-09-19 06:51:56,48,0,6148,8151
2026-09-19 06:52:07,49,0,6148,8151
2026-09-19 06:52:17,51,9,6148,8151
2026-09-19 06:52:27,51,5,6148,8151
2026-09-19 06:52:37,51,2,6148,8151
2026-09-19 06:52:47,51,0,6148,8151
2026-09-19 06:52:58,50,0,6148,8151
2026-09-19 06:53:08,52,34,6148,8151
2026-09-19 06:53:18,52,17,6148,8151
2026-09-19 06:53:28,51,5,6148,8151
2026-09-19 06:53:39,52,46,6148,8151
2026-09-19 06:53:49,50,9,6148,8151
2026-09-19 06:53:59,50,0,6148,8151
2026-09-19 06:54:09,50,25,6148,8151
2026-09-19 06:54:20,48,0,6148,8151
2026-09-19 06:54:30,47,0,6148,8151
2026-09-19 06:54:40,46,0,6148,8151
2026-09-19 06:54:50,47,0,6148,8151
2026-09-19 06:55:00,49,15,6148,8151
2026-09-19 06:55:10,52,66,6148,8151
2026-09-19 06:55:21,54,41,6148,8151
2026-09-19 06:55:31,51,0,6148,8151
2026-09-19 06:55:41,52,23,6148,8151
2026-09-19 06:55:51,50,0,6148,8151
2026-09-19 06:56:02,50,0,6148,8151
2026-09-19 06:56:12,52,33,6148,8151
2026-09-19 06:56:22,51,33,6148,8151
2026-09-19 06:56:32,58,37,6148,8151
2026-09-19 06:56:43,51,14,6148,8151
2026-09-19 06:56:53,52,100,6148,8151
2026-09-19 06:57:03,52,51,6148,8151
2026-09-19 06:57:13,56,88,6148,8151
2026-09-19 06:57:23,47,0,6148,8151
2026-09-19 06:57:34,46,0,6148,8151
2026-09-19 06:57:44,45,0,6148,8151
2026-09-19 06:57:54,49,55,6148,8151
2026-09-19 06:58:04,49,0,6148,8151
2026-09-19 06:58:14,50,0,6148,8151
2026-09-19 06:58:25,52,22,6148,8151
2026-09-19 06:58:35,56,33,6148,8151
2026-09-19 06:58:45,50,0,6148,8151
2026-09-19 06:58:55,50,0,6148,8151
2026-09-19 06:59:05,51,36,6148,8151
2026-09-19 06:59:16,51,36,6148,8151
2026-09-19 06:59:26,51,32,6148,8151
2026-09-19 06:59:36,52,12,6148,8151
2026-09-19 06:59:46,52,49,6148,8151
2026-09-19 06:59:57,50,32,6148,8151
2026-09-19 07:00:07,49,27,6148,8151
2026-09-19 07:00:17,48,0,6148,8151
2026-09-19 07:00:27,47,0,6148,8151
2026-09-19 07:00:37,46,0,6148,8151
2026-09-19 07:00:48,46,1,6148,8151
2026-09-19 07:00:58,48,0,6148,8151
2026-09-19 07:01:08,50,19,6148,8151
2026-09-19 07:01:18,51,14,6148,8151
2026-09-19 07:01:29,51,4,6148,8151
2026-09-19 07:01:39,52,12,6148,8151
2026-09-19 07:01:49,53,30,6148,8151
2026-09-19 07:01:59,53,90,6148,8151
2026-09-19 07:02:09,51,0,6148,8151
2026-09-19 07:02:20,50,0,6148,8151
2026-09-19 07:02:30,50,0,6148,8151
2026-09-19 07:02:40,50,0,6148,8151
2026-09-19 07:02:50,51,0,6148,8151
2026-09-19 07:03:01,49,0,6148,8151
2026-09-19 07:03:11,49,0,6148,8151
2026-09-19 07:03:21,48,0,6148,8151
2026-09-19 07:03:31,46,0,6148,8151
2026-09-19 07:03:41,46,0,6148,8151
2026-09-19 07:03:51,53,37,6148,8151
2026-09-19 07:04:02,51,92,6148,8151
2026-09-19 07:04:12,50,0,6148,8151
2026-09-19 07:04:22,51,20,6148,8151
2026-09-19 07:04:32,51,0,6148,8151
2026-09-19 07:04:43,51,0,6148,8151
2026-09-19 07:04:53,51,0,6148,8151
2026-09-19 07:05:03,51,0,6148,8151
2026-09-19 07:05:13,51,0,6148,8151
2026-09-19 07:05:24,51,12,6148,8151
2026-09-19 07:05:34,51,31,6148,8151
2026-09-19 07:05:44,52,100,6148,8151
2026-09-19 07:05:54,54,68,6148,8151
2026-09-19 07:06:04,49,0,6148,8151
2026-09-19 07:06:15,49,0,6148,8151
2026-09-19 07:06:25,47,0,6148,8151
2026-09-19 07:06:35,46,0,6148,8151
2026-09-19 07:06:45,49,100,6148,8151
2026-09-19 07:06:55,48,0,6148,8151
2026-09-19 07:07:06,51,20,6148,8151
2026-09-19 07:07:16,51,24,6148,8151
2026-09-19 07:07:26,53,88,6148,8151
2026-09-19 07:07:36,52,11,6148,8151
2026-09-19 07:07:47,52,32,6148,8151
2026-09-19 07:07:57,51,15,6148,8151
2026-09-19 07:08:07,56,65,6148,8151
2026-09-19 07:08:17,52,99,6148,8151
2026-09-19 07:08:27,50,0,6148,8151
2026-09-19 07:08:38,50,0,6148,8151
2026-09-19 07:08:48,50,0,6148,8151
2026-09-19 07:08:58,50,29,6148,8151
2026-09-19 07:09:08,49,29,6148,8151
2026-09-19 07:09:19,48,0,6148,8151
2026-09-19 07:09:29,46,0,6148,8151
2026-09-19 07:09:39,46,0,6148,8151
2026-09-19 07:09:49,48,14,6148,8151
2026-09-19 07:09:59,51,16,6148,8151
2026-09-19 07:10:09,54,0,6148,8151
2026-09-19 07:10:20,54,0,6148,8151
2026-09-19 07:10:30,55,48,6148,8151
2026-09-19 07:10:40,54,0,6148,8151
2026-09-19 07:10:50,55,0,6148,8151
2026-09-19 07:11:01,50,0,6148,8151
2026-09-19 07:11:11,50,0,6148,8151
2026-09-19 07:11:21,51,6,6148,8151
2026-09-19 07:11:31,52,24,6148,8151
2026-09-19 07:11:42,52,51,6148,8151
2026-09-19 07:11:52,51,28,6148,8151
2026-09-19 07:12:02,49,0,6148,8151
2026-09-19 07:12:12,49,0,6148,8151
2026-09-19 07:12:22,47,0,6148,8151
2026-09-19 07:12:33,46,0,6148,8151
2026-09-19 07:12:43,45,0,6148,8151
2026-09-19 07:12:53,48,0,6148,8151
2026-09-19 07:13:03,49,0,6148,8151
2026-09-19 07:13:13,51,6,6148,8151
2026-09-19 07:13:24,52,43,6148,8151
2026-09-19 07:13:34,52,0,6148,8151
2026-09-19 07:13:44,52,15,6148,8151
2026-09-19 07:13:54,53,36,6148,8151
2026-09-19 07:14:05,52,89,6148,8151
2026-09-19 07:14:15,52,93,6148,8151
2026-09-19 07:14:25,50,0,6148,8151
2026-09-19 07:14:35,50,0,6148,8151
2026-09-19 07:14:46,50,0,6148,8151
2026-09-19 07:14:56,56,95,6148,8151
2026-09-19 07:15:06,56,99,6148,8151
2026-09-19 07:15:16,48,0,6148,8151
2026-09-19 07:15:26,46,0,6148,8151
2026-09-19 07:15:37,46,0,6148,8151
2026-09-19 07:15:47,47,0,6148,8151
2026-09-19 07:15:57,49,0,6148,8151
2026-09-19 07:16:07,51,21,6148,8151
2026-09-19 07:16:17,52,36,6148,8151
2026-09-19 07:16:28,51,0,6148,8151
2026-09-19 07:16:38,51,0,6148,8151
2026-09-19 07:16:48,51,0,6148,8151
2026-09-19 07:16:58,51,0,6148,8151
2026-09-19 07:17:09,51,2,6148,8151
2026-09-19 07:17:19,52,32,6148,8151
2026-09-19 07:17:29,52,24,6148,8151
2026-09-19 07:17:39,51,7,6148,8151
2026-09-19 07:17:49,52,43,6148,8151
2026-09-19 07:18:00,49,0,6148,8151
2026-09-19 07:18:10,49,0,6148,8151
2026-09-19 07:18:20,47,0,6148,8151
2026-09-19 07:18:30,46,0,6148,8151
2026-09-19 07:18:40,45,0,6148,8151
2026-09-19 07:18:51,50,38,6148,8151
2026-09-19 07:19:01,49,0,6148,8151
2026-09-19 07:19:11,51,0,6148,8151
2026-09-19 07:19:21,52,39,6148,8151
2026-09-19 07:19:32,51,0,6148,8151
2026-09-19 07:19:42,51,0,6148,8151
2026-09-19 07:19:52,52,18,6148,8151
2026-09-19 07:20:02,51,24,6148,8151
2026-09-19 07:20:13,52,60,6148,8151
2026-09-19 07:20:23,58,37,6148,8151
2026-09-19 07:20:33,52,6,6148,8151
2026-09-19 07:20:43,52,14,6148,8151
2026-09-19 07:20:54,50,28,6148,8151
2026-09-19 07:21:04,49,30,6148,8151
2026-09-19 07:21:14,48,0,6148,8151
2026-09-19 07:21:24,46,0,6148,8151
2026-09-19 07:21:34,46,0,6148,8151
2026-09-19 07:21:44,53,38,6148,8151
2026-09-19 07:21:55,53,58,6148,8151
2026-09-19 07:22:05,50,0,6148,8151
2026-09-19 07:22:15,51,0,6148,8151
2026-09-19 07:22:25,52,16,6148,8151
2026-09-19 07:22:36,52,4,6148,8151
2026-09-19 07:22:46,51,19,6148,8151
2026-09-19 07:22:56,52,40,6148,8151
2026-09-19 07:23:06,52,100,6148,8151
2026-09-19 07:23:16,53,29,6148,8151
2026-09-19 07:23:27,51,0,6148,8151
2026-09-19 07:23:37,51,0,6148,8151
2026-09-19 07:23:47,51,20,6148,8151
2026-09-19 07:23:57,52,56,6148,8151
2026-09-19 07:24:08,49,0,6148,8151
2026-09-19 07:24:18,47,0,6148,8151
2026-09-19 07:24:28,46,0,6148,8151
2026-09-19 07:24:38,45,100,6148,8151
2026-09-19 07:24:48,49,15,6148,8151
2026-09-19 07:24:59,54,55,6148,8151
2026-09-19 07:25:09,50,0,6148,8151
2026-09-19 07:25:19,51,0,6148,8151
2026-09-19 07:25:29,51,0,6148,8151
2026-09-19 07:25:39,51,0,6148,8151
2026-09-19 07:25:50,51,20,6148,8151
2026-09-19 07:26:00,52,36,6148,8151
2026-09-19 07:26:10,53,71,6148,8151
2026-09-19 07:26:20,51,17,6148,8151
2026-09-19 07:26:31,54,53,6148,8151
2026-09-19 07:26:41,53,96,6148,8151
2026-09-19 07:26:51,50,27,6148,8151
2026-09-19 07:27:01,49,0,6148,8151
2026-09-19 07:27:11,48,0,6148,8151
2026-09-19 07:27:22,47,0,6148,8151
2026-09-19 07:27:32,46,0,6148,8151
2026-09-19 07:27:42,48,0,6148,8151
2026-09-19 07:27:52,51,91,6148,8151
2026-09-19 07:28:02,50,0,6148,8151
2026-09-19 07:28:13,51,0,6148,8151
2026-09-19 07:28:23,53,31,6148,8151
2026-09-19 07:28:33,54,35,6148,8151
2026-09-19 07:28:43,53,63,6148,8151
2026-09-19 07:28:54,50,0,6148,8151
2026-09-19 07:29:04,50,0,6148,8151
2026-09-19 07:29:14,50,0,6148,8151
2026-09-19 07:29:24,50,0,6148,8151
2026-09-19 07:29:35,52,20,6148,8151
2026-09-19 07:29:45,51,23,6148,8151
2026-09-19 07:29:55,55,96,6148,8151
2026-09-19 07:30:05,49,0,6148,8151
2026-09-19 07:30:15,47,0,6148,8151
2026-09-19 07:30:25,46,0,6148,8151
2026-09-19 07:30:36,47,100,6148,8151
2026-09-19 07:30:46,48,0,6148,8151
2026-09-19 07:30:56,49,0,6148,8151
2026-09-19 07:31:06,54,45,6148,8151
2026-09-19 07:31:17,54,45,6148,8151
2026-09-19 07:31:27,51,76,6148,8151
2026-09-19 07:31:37,53,15,6148,8151
2026-09-19 07:31:47,50,0,6148,8151
2026-09-19 07:31:57,50,0,6148,8151
2026-09-19 07:32:08,51,18,6148,8151
2026-09-19 07:32:18,51,37,6148,8151
2026-09-19 07:32:28,54,29,6148,8151
2026-09-19 07:32:38,51,86,6148,8151
2026-09-19 07:32:49,54,0,6148,8151
2026-09-19 07:32:59,49,30,6148,8151
2026-09-19 07:33:09,48,0,6148,8151
2026-09-19 07:33:19,46,0,6148,8151
2026-09-19 07:33:29,46,0,6148,8151
2026-09-19 07:33:39,48,0,6148,8151
2026-09-19 07:33:50,50,43,6148,8151
2026-09-19 07:34:00,50,0,6148,8151
2026-09-19 07:34:10,51,0,6148,8151
2026-09-19 07:34:20,55,73,6148,8151
2026-09-19 07:34:31,50,20,6148,8151
2026-09-19 07:34:41,50,0,6148,8151
2026-09-19 07:34:51,51,0,6148,8151
2026-09-19 07:35:01,57,35,6148,8151
2026-09-19 07:35:12,56,35,6148,8151
2026-09-19 07:35:22,54,74,6148,8151
2026-09-19 07:35:32,50,24,6148,8151
2026-09-19 07:35:42,50,0,6148,8151
2026-09-19 07:35:53,50,29,6148,8151
2026-09-19 07:36:03,50,23,6148,8151
2026-09-19 07:36:13,47,0,6148,8151
2026-09-19 07:36:23,46,0,6148,8151
2026-09-19 07:36:33,46,0,6148,8151
2026-09-19 07:36:43,49,0,6148,8151
2026-09-19 07:36:54,50,7,6148,8151
2026-09-19 07:37:04,50,0,6148,8151
2026-09-19 07:37:14,51,0,6148,8151
2026-09-19 07:37:24,51,0,6148,8151
2026-09-19 07:37:34,51,0,6148,8151
2026-09-19 07:37:45,51,0,6148,8151
2026-09-19 07:37:55,52,3,6148,8151
2026-09-19 07:38:05,52,15,6148,8151
2026-09-19 07:38:15,52,38,6148,8151
2026-09-19 07:38:26,52,22,6148,8151
2026-09-19 07:38:36,50,24,6148,8151
2026-09-19 07:38:46,50,29,6148,8151
2026-09-19 07:38:56,50,29,6148,8151
2026-09-19 07:39:06,48,0,6148,8151
2026-09-19 07:39:17,47,0,6148,8151
2026-09-19 07:39:27,46,0,6148,8151
2026-09-19 07:39:37,53,73,6148,8151
2026-09-19 07:39:47,49,0,6148,8151
2026-09-19 07:39:57,51,3,6148,8151
2026-09-19 07:40:08,57,37,6148,8151
2026-09-19 07:40:18,51,0,6148,8151
2026-09-19 07:40:28,51,0,6148,8151
2026-09-19 07:40:38,51,0,6148,8151
2026-09-19 07:40:49,52,9,6148,8151
2026-09-19 07:40:59,54,81,6148,8151
2026-09-19 07:41:09,52,20,6148,8151
2026-09-19 07:41:19,50,0,6148,8151
2026-09-19 07:41:29,51,0,6148,8151
2026-09-19 07:41:40,51,0,6148,8151
2026-09-19 07:41:50,50,0,6148,8151
2026-09-19 07:42:00,49,24,6148,8151
2026-09-19 07:42:10,48,0,6148,8151
2026-09-19 07:42:21,46,0,6148,8151
2026-09-19 07:42:31,46,0,6148,8151
2026-09-19 07:42:41,49,37,6148,8151
2026-09-19 07:42:51,50,91,6148,8151
2026-09-19 07:43:01,50,0,6148,8151
2026-09-19 07:43:12,51,0,6148,8151
2026-09-19 07:43:22,55,0,6148,8151
2026-09-19 07:43:32,51,0,6148,8151
2026-09-19 07:43:42,51,37,6148,8151
2026-09-19 07:43:53,51,41,6148,8151
2026-09-19 07:44:03,52,91,6148,8151
2026-09-19 07:44:13,53,0,6148,8151
2026-09-19 07:44:23,52,100,6148,8151
2026-09-19 07:44:33,55,0,6148,8151
2026-09-19 07:44:44,50,0,6148,8151
2026-09-19 07:44:54,53,65,6148,8151
2026-09-19 07:45:04,49,0,6148,8151
2026-09-19 07:45:14,47,0,6148,8151
2026-09-19 07:45:24,46,0,6148,8151
2026-09-19 07:45:35,48,0,6148,8151
2026-09-19 07:45:45,54,69,6148,8151
2026-09-19 07:45:55,52,37,6148,8151
2026-09-19 07:46:05,51,0,6148,8151
2026-09-19 07:46:16,52,0,6148,8151
2026-09-19 07:46:26,52,0,6148,8151
2026-09-19 07:46:36,51,22,6148,8151
2026-09-19 07:46:46,54,62,6148,8151
2026-09-19 07:46:56,50,0,6148,8151
2026-09-19 07:47:07,51,0,6148,8151
2026-09-19 07:47:17,51,0,6148,8151
2026-09-19 07:47:27,51,0,6148,8151
2026-09-19 07:47:37,54,64,6148,8151
2026-09-19 07:47:48,51,20,6148,8151
2026-09-19 07:47:58,52,99,6148,8151
2026-09-19 07:48:08,48,0,6148,8151
2026-09-19 07:48:18,46,0,6148,8151
2026-09-19 07:48:28,46,0,6148,8151
2026-09-19 07:48:38,48,0,6148,8151
2026-09-19 07:48:49,49,0,6148,8151
2026-09-19 07:48:59,56,35,6148,8151
2026-09-19 07:49:09,53,100,6148,8151
2026-09-19 07:49:19,52,10,6148,8151
2026-09-19 07:49:30,52,5,6148,8151
2026-09-19 07:49:40,52,11,6148,8151
2026-09-19 07:49:50,53,93,6148,8151
2026-09-19 07:50:00,54,39,6148,8151
2026-09-19 07:50:11,54,70,6148,8151
2026-09-19 07:50:21,50,0,6148,8151
2026-09-19 07:50:31,50,0,6148,8151
2026-09-19 07:50:41,50,30,6148,8151
2026-09-19 07:50:51,49,0,6148,8151
2026-09-19 07:51:02,49,0,6148,8151
2026-09-19 07:51:12,47,0,6148,8151
2026-09-19 07:51:22,46,0,6148,8151
2026-09-19 07:51:32,47,0,6148,8151
2026-09-19 07:51:42,50,0,6148,8151
2026-09-19 07:51:53,52,36,6148,8151
2026-09-19 07:52:03,52,38,6148,8151
2026-09-19 07:52:13,54,68,6148,8151
2026-09-19 07:52:23,51,0,6148,8151
2026-09-19 07:52:34,51,18,6148,8151
2026-09-19 07:52:44,51,0,6148,8151
2026-09-19 07:52:54,51,0,6148,8151
2026-09-19 07:53:04,51,0,6148,8151
2026-09-19 07:53:15,51,0,6148,8151
2026-09-19 07:53:25,52,12,6148,8151
2026-09-19 07:53:35,52,29,6148,8151
2026-09-19 07:53:45,50,29,6148,8151
2026-09-19 07:53:55,50,28,6148,8151
2026-09-19 07:54:06,48,0,6148,8151
2026-09-19 07:54:16,47,0,6148,8151
2026-09-19 07:54:26,46,0,6148,8151
2026-09-19 07:54:36,49,69,6148,8151
2026-09-19 07:54:46,49,0,6148,8151
2026-09-19 07:54:57,51,36,6148,8151
2026-09-19 07:55:07,52,69,6148,8151
2026-09-19 07:55:17,51,0,6148,8151
2026-09-19 07:55:27,51,0,6148,8151
2026-09-19 07:55:38,52,37,6148,8151
2026-09-19 07:55:48,52,35,6148,8151
2026-09-19 07:55:58,51,100,6148,8151
2026-09-19 07:56:08,51,2,6148,8151
2026-09-19 07:56:19,53,30,6148,8151
2026-09-19 07:56:29,55,58,6148,8151
2026-09-19 07:56:39,50,0,6148,8151
2026-09-19 07:56:49,50,0,6148,8151
2026-09-19 07:56:59,49,0,6148,8151
2026-09-19 07:57:10,47,0,6148,8151
2026-09-19 07:57:20,46,0,6148,8151
2026-09-19 07:57:30,50,36,6148,8151
2026-09-19 07:57:40,49,0,6148,8151
2026-09-19 07:57:50,51,0,6148,8151
2026-09-19 07:58:01,52,24,6148,8151
2026-09-19 07:58:11,56,37,6148,8151
2026-09-19 07:58:21,53,39,6148,8151
2026-09-19 07:58:31,54,31,6148,8151
2026-09-19 07:58:42,52,23,6148,8151
2026-09-19 07:58:52,50,28,6148,8151
2026-09-19 07:59:02,50,29,6148,8151
2026-09-19 07:59:12,48,0,6148,8151
2026-09-19 07:59:22,47,0,6148,8151
2026-09-19 07:59:32,46,0,6148,8151
2026-09-19 07:59:43,48,0,6148,8151
2026-09-19 07:59:53,51,36,6148,8151
2026-09-19 08:00:03,51,21,6148,8151
2026-09-19 08:00:13,52,32,6148,8151
2026-09-19 08:00:24,58,82,6148,8151
2026-09-19 08:00:34,53,78,6148,8151
2026-09-19 08:00:44,54,77,6148,8151
2026-09-19 08:00:54,51,27,6148,8151
2026-09-19 08:01:05,50,26,6148,8151
2026-09-19 08:01:15,50,30,6148,8151
2026-09-19 08:01:25,48,0,6148,8151
2026-09-19 08:01:35,47,0,6148,8151
2026-09-19 08:01:45,46,0,6148,8151
2026-09-19 08:01:55,53,38,6148,8151
2026-09-19 08:02:06,49,0,6148,8151
2026-09-19 08:02:16,50,0,6148,8151
2026-09-19 08:02:26,55,75,6148,8151
2026-09-19 08:02:36,52,16,6148,8151
2026-09-19 08:02:47,51,0,6148,8151
2026-09-19 08:02:57,52,0,6148,8151
2026-09-19 08:03:07,53,90,6148,8151
2026-09-19 08:03:17,51,33,6148,8151
2026-09-19 08:03:27,50,0,6148,8151
2026-09-19 08:03:38,48,0,6148,8151
2026-09-19 08:03:48,47,0,6148,8151
2026-09-19 08:03:58,46,0,6148,8151
2026-09-19 08:04:08,50,0,6148,8151
2026-09-19 08:04:18,50,20,6148,8151
2026-09-19 08:04:29,50,0,6148,8151
2026-09-19 08:04:39,51,0,6148,8151
2026-09-19 08:04:49,51,0,6148,8151
2026-09-19 08:04:59,51,0,6148,8151
2026-09-19 08:05:10,53,4,6148,8151
2026-09-19 08:05:20,51,28,6148,8151
2026-09-19 08:05:30,51,21,6148,8151
2026-09-19 08:05:40,50,29,6148,8151
2026-09-19 08:05:50,48,0,6148,8151
2026-09-19 08:06:01,46,0,6148,8151
2026-09-19 08:06:11,46,0,6148,8151
2026-09-19 08:06:21,48,35,6148,8151
2026-09-19 08:06:31,49,0,6148,8151
2026-09-19 08:06:41,50,0,6148,8151
2026-09-19 08:06:52,51,0,6148,8151
2026-09-19 08:07:02,52,0,6148,8151
2026-09-19 08:07:12,52,0,6148,8151
2026-09-19 08:07:22,53,29,6148,8151
2026-09-19 08:07:33,50,0,6148,8151
2026-09-19 08:07:43,50,0,6148,8151
2026-09-19 08:07:53,49,0,6148,8151
2026-09-19 08:08:03,47,0,6148,8151
2026-09-19 08:08:13,46,0,6148,8151
2026-09-19 08:08:24,50,100,6148,8151
2026-09-19 08:08:34,48,0,6148,8151
2026-09-19 08:08:44,50,0,6148,8151
2026-09-19 08:08:54,52,16,6148,8151
2026-09-19 08:09:05,53,0,6148,8151
2026-09-19 08:09:15,51,0,6148,8151
2026-09-19 08:09:25,51,0,6148,8151
2026-09-19 08:09:35,51,0,6148,8151
2026-09-19 08:09:45,52,31,6148,8151
2026-09-19 08:09:56,54,99,6148,8151
2026-09-19 08:10:06,48,0,6148,8151
2026-09-19 08:10:16,47,0,6148,8151
2026-09-19 08:10:26,46,0,6148,8151
2026-09-19 08:10:36,47,0,6148,8151
2026-09-19 08:10:47,53,64,6148,8151
2026-09-19 08:10:57,51,34,6148,8151
2026-09-19 08:11:07,51,0,6148,8151
2026-09-19 08:11:17,51,23,6148,8151
2026-09-19 08:11:28,51,0,6148,8151
2026-09-19 08:11:38,55,78,6148,8151
2026-09-19 08:11:48,52,23,6148,8151
2026-09-19 08:11:58,50,0,6148,8151
2026-09-19 08:12:08,49,25,6148,8151
2026-09-19 08:12:19,48,0,6148,8151
2026-09-19 08:12:29,47,0,6148,8151
2026-09-19 08:12:39,46,0,6148,8151
2026-09-19 08:12:49,50,93,6148,8151
2026-09-19 08:12:59,49,0,6148,8151
2026-09-19 08:13:10,50,0,6148,8151
2026-09-19 08:13:20,51,0,6148,8151
2026-09-19 08:13:30,52,0,6148,8151
2026-09-19 08:13:40,51,0,6148,8151
2026-09-19 08:13:51,55,60,6148,8151
2026-09-19 08:14:01,51,28,6148,8151
2026-09-19 08:14:11,51,28,6148,8151
2026-09-19 08:14:21,49,0,6148,8151
2026-09-19 08:14:31,48,0,6148,8151
2026-09-19 08:14:41,46,0,6148,8151
2026-09-19 08:14:52,46,0,6148,8151
2026-09-19 08:15:02,56,29,6148,8151
2026-09-19 08:15:12,52,41,6148,8151
2026-09-19 08:15:22,52,0,6148,8151
2026-09-19 08:15:32,52,100,6148,8151
2026-09-19 08:15:43,52,40,6148,8151
2026-09-19 08:15:53,52,31,6148,8151
2026-09-19 08:16:03,52,37,6148,8151
2026-09-19 08:16:13,51,31,6148,8151
2026-09-19 08:16:24,50,31,6148,8151
2026-09-19 08:16:34,49,0,6148,8151
2026-09-19 08:16:44,47,0,6148,8151
2026-09-19 08:16:54,46,0,6148,8151
2026-09-19 08:17:04,48,17,6148,8151
2026-09-19 08:17:14,50,22,6148,8151
2026-09-19 08:17:25,53,61,6148,8151
2026-09-19 08:17:35,50,0,6148,8151
2026-09-19 08:17:45,51,1,6148,8151
2026-09-19 08:17:55,54,64,6148,8151
2026-09-19 08:18:06,53,93,6148,8151
2026-09-19 08:18:16,53,49,6148,8151
2026-09-19 08:18:26,50,0,6148,8151
2026-09-19 08:18:36,50,27,6148,8151
2026-09-19 08:18:47,48,0,6148,8151
2026-09-19 08:18:57,47,0,6148,8151
2026-09-19 08:19:07,46,0,6148,8151
2026-09-19 08:19:17,47,0,6148,8151
2026-09-19 08:19:27,50,0,6148,8151
2026-09-19 08:19:38,50,0,6148,8151
2026-09-19 08:19:48,51,15,6148,8151
2026-09-19 08:19:58,53,14,6148,8151
2026-09-19 08:20:08,53,38,6148,8151
2026-09-19 08:20:19,51,0,6148,8151
2026-09-19 08:20:29,51,28,6148,8151
2026-09-19 08:20:39,51,24,6148,8151
2026-09-19 08:20:49,50,29,6148,8151
2026-09-19 08:20:59,48,0,6148,8151
2026-09-19 08:21:09,47,0,6148,8151
2026-09-19 08:21:20,46,0,6148,8151
2026-09-19 08:21:30,48,0,6148,8151
2026-09-19 08:21:40,51,34,6148,8151
2026-09-19 08:21:50,51,5,6148,8151
2026-09-19 08:22:01,53,20,6148,8151
2026-09-19 08:22:11,56,46,6148,8151
2026-09-19 08:22:21,52,20,6148,8151
2026-09-19 08:22:31,53,80,6148,8151
2026-09-19 08:22:41,51,30,6148,8151
2026-09-19 08:22:52,51,26,6148,8151
2026-09-19 08:23:02,49,0,6148,8151
2026-09-19 08:23:12,48,0,6148,8151
2026-09-19 08:23:22,46,0,6148,8151
2026-09-19 08:23:32,46,0,6148,8151
2026-09-19 08:23:43,52,88,6148,8151
2026-09-19 08:23:53,52,87,6148,8151
2026-09-19 08:24:03,53,67,6148,8151
2026-09-19 08:24:13,51,0,6148,8151
2026-09-19 08:24:23,53,35,6148,8151
2026-09-19 08:24:34,59,77,6148,8151
2026-09-19 08:24:44,53,2,6148,8151
2026-09-19 08:24:54,51,30,6148,8151
2026-09-19 08:25:04,51,22,6148,8151
2026-09-19 08:25:15,49,0,6148,8151
2026-09-19 08:25:25,47,0,6148,8151
2026-09-19 08:25:35,46,0,6148,8151
2026-09-19 08:25:45,47,0,6148,8151
2026-09-19 08:25:55,50,24,6148,8151
2026-09-19 08:26:06,51,0,6148,8151
2026-09-19 08:26:16,52,3,6148,8151
2026-09-19 08:26:26,52,0,6148,8151
2026-09-19 08:26:36,52,0,6148,8151
2026-09-19 08:26:46,51,0,6148,8151
2026-09-19 08:26:57,54,38,6148,8151
2026-09-19 08:27:07,50,28,6148,8151
2026-09-19 08:27:17,51,27,6148,8151
2026-09-19 08:27:27,48,0,6148,8151
2026-09-19 08:27:37,47,0,6148,8151
2026-09-19 08:27:48,46,0,6148,8151
2026-09-19 08:27:58,50,37,6148,8151
2026-09-19 08:28:08,52,72,6148,8151
2026-09-19 08:28:18,53,60,6148,8151
2026-09-19 08:28:28,51,0,6148,8151
2026-09-19 08:28:39,56,49,6148,8151
2026-09-19 08:28:49,51,17,6148,8151
2026-09-19 08:28:59,51,5,6148,8151
2026-09-19 08:29:09,51,28,6148,8151
2026-09-19 08:29:20,51,29,6148,8151
2026-09-19 08:29:30,50,0,6148,8151
2026-09-19 08:29:40,48,0,6148,8151
2026-09-19 08:29:50,47,0,6148,8151
2026-09-19 08:30:00,46,0,6148,8151
2026-09-19 08:30:10,52,37,6148,8151
2026-09-19 08:30:21,50,23,6148,8151
2026-09-19 08:30:31,53,56,6148,8151
2026-09-19 08:30:41,52,12,6148,8151
2026-09-19 08:30:51,53,33,6148,8151
2026-09-19 08:31:02,55,75,6148,8151
2026-09-19 08:31:12,51,2,6148,8151
2026-09-19 08:31:22,52,29,6148,8151
2026-09-19 08:31:32,52,22,6148,8151
2026-09-19 08:31:42,49,0,6148,8151
2026-09-19 08:31:53,47,0,6148,8151
2026-09-19 08:32:03,46,0,6148,8151
2026-09-19 08:32:13,47,0,6148,8151
2026-09-19 08:32:23,54,38,6148,8151
2026-09-19 08:32:33,51,37,6148,8151
2026-09-19 08:32:44,53,98,6148,8151
2026-09-19 08:32:54,54,93,6148,8151
2026-09-19 08:33:04,57,38,6148,8151
2026-09-19 08:33:14,53,24,6148,8151
2026-09-19 08:33:25,51,0,6148,8151
2026-09-19 08:33:35,51,21,6148,8151
2026-09-19 08:33:45,53,49,6148,8151
2026-09-19 08:33:55,49,0,6148,8151
2026-09-19 08:34:05,47,0,6148,8151
2026-09-19 08:34:15,46,0,6148,8151
2026-09-19 08:34:26,47,0,6148,8151
2026-09-19 08:34:36,50,8,6148,8151
2026-09-19 08:34:46,51,38,6148,8151
2026-09-19 08:34:56,53,4,6148,8151
2026-09-19 08:35:07,53,100,6148,8151
2026-09-19 08:35:17,52,39,6148,8151
2026-09-19 08:35:27,52,35,6148,8151
2026-09-19 08:35:37,52,56,6148,8151
2026-09-19 08:35:47,55,0,6148,8151
2026-09-19 08:35:58,50,0,6148,8151
2026-09-19 08:36:08,48,0,6148,8151
2026-09-19 08:36:18,47,0,6148,8151
2026-09-19 08:36:28,46,0,6148,8151
2026-09-19 08:36:38,49,0,6148,8151
2026-09-19 08:36:49,50,23,6148,8151
2026-09-19 08:36:59,57,37,6148,8151
2026-09-19 08:37:09,52,2,6148,8151
2026-09-19 08:37:19,52,2,6148,8151
2026-09-19 08:37:30,52,29,6148,8151
2026-09-19 08:37:40,54,78,6148,8151
2026-09-19 08:37:50,50,0,6148,8151
2026-09-19 08:38:00,54,61,6148,8151
2026-09-19 08:38:10,49,0,6148,8151
2026-09-19 08:38:21,48,0,6148,8151
2026-09-19 08:38:31,47,0,6148,8151
2026-09-19 08:38:41,46,0,6148,8151
2026-09-19 08:38:51,48,0,6148,8151
2026-09-19 08:39:01,50,0,6148,8151
2026-09-19 08:39:12,51,0,6148,8151
2026-09-19 08:39:22,52,0,6148,8151
2026-09-19 08:39:32,53,100,6148,8151
2026-09-19 08:39:42,53,82,6148,8151
2026-09-19 08:39:53,51,0,6148,8151
2026-09-19 08:40:03,51,31,6148,8151
2026-09-19 08:40:13,51,26,6148,8151
2026-09-19 08:40:23,49,0,6148,8151
2026-09-19 08:40:33,47,0,6148,8151
2026-09-19 08:40:44,46,0,6148,8151
2026-09-19 08:40:54,47,0,6148,8151
2026-09-19 08:41:04,49,0,6148,8151
2026-09-19 08:41:14,50,0,6148,8151
2026-09-19 08:41:24,51,0,6148,8151
2026-09-19 08:41:35,52,0,6148,8151
2026-09-19 08:41:45,51,0,6148,8151
2026-09-19 08:41:55,51,0,6148,8151
2026-09-19 08:42:05,52,18,6148,8151
2026-09-19 08:42:16,51,25,6148,8151
2026-09-19 08:42:26,52,23,6148,8151
2026-09-19 08:42:36,48,0,6148,8151
2026-09-19 08:42:46,47,0,6148,8151
2026-09-19 08:42:56,46,0,6148,8151
2026-09-19 08:43:06,50,36,6148,8151
2026-09-19 08:43:17,50,22,6148,8151
2026-09-19 08:43:27,51,24,6148,8151
2026-09-19 08:43:37,51,26,6148,8151
2026-09-19 08:43:47,51,0,6148,8151
2026-09-19 08:43:58,51,0,6148,8151
2026-09-19 08:44:08,51,0,6148,8151
2026-09-19 08:44:18,51,0,6148,8151
2026-09-19 08:44:28,50,29,6148,8151
2026-09-19 08:44:38,50,0,6148,8151
2026-09-19 08:44:49,48,0,6148,8151
2026-09-19 08:44:59,47,0,6148,8151
2026-09-19 08:45:09,46,0,6148,8151
2026-09-19 08:45:19,48,0,6148,8151
2026-09-19 08:45:29,50,42,6148,8151
2026-09-19 08:45:40,51,0,6148,8151
2026-09-19 08:45:50,51,0,6148,8151
2026-09-19 08:46:00,57,26,6148,8151
2026-09-19 08:46:10,52,38,6148,8151
2026-09-19 08:46:21,52,100,6148,8151
2026-09-19 08:46:31,51,31,6148,8151
2026-09-19 08:46:41,50,0,6148,8151
2026-09-19 08:46:51,49,0,6148,8151
2026-09-19 08:47:01,48,0,6148,8151
2026-09-19 08:47:12,47,0,6148,8151
2026-09-19 08:47:22,47,20,6148,8151
2026-09-19 08:47:32,51,100,6148,8151
2026-09-19 08:47:42,51,1,6148,8151
2026-09-19 08:47:52,51,0,6148,8151
2026-09-19 08:48:03,51,0,6148,8151
2026-09-19 08:48:13,53,36,6148,8151
2026-09-19 08:48:23,52,2,6148,8151
2026-09-19 08:48:33,53,100,6148,8151
2026-09-19 08:48:44,51,31,6148,8151
2026-09-19 08:48:54,51,24,6148,8151
2026-09-19 08:49:04,49,0,6148,8151
2026-09-19 08:49:14,47,0,6148,8151
2026-09-19 08:49:24,46,0,6148,8151
2026-09-19 08:49:34,49,36,6148,8151
2026-09-19 08:49:45,50,29,6148,8151
2026-09-19 08:49:55,55,70,6148,8151
2026-09-19 08:50:05,51,0,6148,8151
2026-09-19 08:50:15,52,0,6148,8151
2026-09-19 08:50:26,52,0,6148,8151
2026-09-19 08:50:36,51,0,6148,8151
2026-09-19 08:50:46,51,0,6148,8151
2026-09-19 08:50:56,50,0,6148,8151
2026-09-19 08:51:06,55,73,6148,8151
2026-09-19 08:51:17,48,0,6148,8151
2026-09-19 08:51:27,47,0,6148,8151
2026-09-19 08:51:37,46,0,6148,8151
2026-09-19 08:51:47,48,12,6148,8151
2026-09-19 08:51:57,50,0,6148,8151
2026-09-19 08:52:08,51,0,6148,8151
2026-09-19 08:52:18,52,0,6148,8151
2026-09-19 08:52:28,52,16,6148,8151
2026-09-19 08:52:38,52,0,6148,8151
2026-09-19 08:52:49,58,78,6148,8151
2026-09-19 08:52:59,51,0,6148,8151
2026-09-19 08:53:09,52,31,6148,8151
2026-09-19 08:53:19,50,0,6148,8151
2026-09-19 08:53:29,48,0,6148,8151
2026-09-19 08:53:40,47,0,6148,8151
2026-09-19 08:53:50,46,0,6148,8151
2026-09-19 08:54:00,54,35,6148,8151
2026-09-19 08:54:10,54,28,6148,8151
2026-09-19 08:54:20,57,82,6148,8151
2026-09-19 08:54:31,54,69,6148,8151
2026-09-19 08:54:41,51,0,6148,8151
2026-09-19 08:54:51,53,27,6148,8151
2026-09-19 08:55:01,52,15,6148,8151
2026-09-19 08:55:12,53,100,6148,8151
2026-09-19 08:55:22,56,97,6148,8151
2026-09-19 08:55:32,49,0,6148,8151
2026-09-19 08:55:42,47,0,6148,8151
2026-09-19 08:55:52,46,0,6148,8151
2026-09-19 08:56:03,49,0,6148,8151
2026-09-19 08:56:13,53,0,6148,8151
2026-09-19 08:56:23,50,0,6148,8151
2026-09-19 08:56:33,51,0,6148,8151
2026-09-19 08:56:43,51,0,6148,8151
2026-09-19 08:56:54,56,0,6148,8151
2026-09-19 08:57:04,53,61,6148,8151
2026-09-19 08:57:14,54,43,6148,8151
2026-09-19 08:57:24,51,25,6148,8151
2026-09-19 08:57:34,51,30,6148,8151
2026-09-19 08:57:45,48,0,6148,8151
2026-09-19 08:57:55,47,0,6148,8151
2026-09-19 08:58:05,46,0,6148,8151
2026-09-19 08:58:15,50,100,6148,8151
2026-09-19 08:58:25,49,10,6148,8151
2026-09-19 08:58:36,50,0,6148,8151
2026-09-19 08:58:46,51,0,6148,8151
2026-09-19 08:58:56,52,0,6148,8151
2026-09-19 08:59:06,51,0,6148,8151
2026-09-19 08:59:16,51,0,6148,8151
2026-09-19 08:59:27,51,25,6148,8151
2026-09-19 08:59:37,56,96,6148,8151
2026-09-19 08:59:47,50,0,6148,8151
2026-09-19 08:59:57,48,0,6148,8151
2026-09-19 09:00:07,47,0,6148,8151
2026-09-19 09:00:17,46,0,6148,8151
2026-09-19 09:00:28,49,3,6148,8151
2026-09-19 09:00:38,52,99,6148,8151
2026-09-19 09:00:48,55,87,6148,8151
2026-09-19 09:00:58,52,19,6148,8151
2026-09-19 09:01:09,52,0,6148,8151
2026-09-19 09:01:19,51,0,6148,8151
2026-09-19 09:01:29,52,0,6148,8151
2026-09-19 09:01:39,53,94,6148,8151
2026-09-19 09:01:50,50,28,6148,8151
2026-09-19 09:02:00,49,0,6148,8151
2026-09-19 09:02:10,48,0,6148,8151
2026-09-19 09:02:20,46,0,6148,8151
2026-09-19 09:02:30,47,0,6148,8151
2026-09-19 09:02:41,51,50,6148,8151
2026-09-19 09:02:51,53,37,6148,8151
2026-09-19 09:03:01,51,0,6148,8151
2026-09-19 09:03:11,55,50,6148,8151
2026-09-19 09:03:21,55,72,6148,8151
2026-09-19 09:03:32,55,55,6148,8151
2026-09-19 09:03:42,51,24,6148,8151
2026-09-19 09:03:52,53,34,6148,8151
2026-09-19 09:04:02,57,99,6148,8151
2026-09-19 09:04:13,49,0,6148,8151
2026-09-19 09:04:23,47,0,6148,8151
2026-09-19 09:04:33,46,0,6148,8151
2026-09-19 09:04:43,51,51,6148,8151
2026-09-19 09:04:53,49,0,6148,8151
2026-09-19 09:05:04,50,0,6148,8151
2026-09-19 09:05:14,52,0,6148,8151
2026-09-19 09:05:24,52,0,6148,8151
2026-09-19 09:05:34,52,0,6148,8151
2026-09-19 09:05:44,55,0,6148,8151
2026-09-19 09:05:55,51,26,6148,8151
2026-09-19 09:06:05,52,88,6148,8151
2026-09-19 09:06:15,50,29,6148,8151
2026-09-19 09:06:25,48,0,6148,8151
2026-09-19 09:06:35,47,0,6148,8151
2026-09-19 09:06:46,46,0,6148,8151
2026-09-19 09:06:56,52,0,6148,8151
2026-09-19 09:07:06,49,0,6148,8151
2026-09-19 09:07:16,50,20,6148,8151
2026-09-19 09:07:26,56,65,6148,8151
2026-09-19 09:07:37,56,32,6148,8151
2026-09-19 09:07:47,52,0,6148,8151
2026-09-19 09:07:57,52,8,6148,8151
2026-09-19 09:08:07,51,0,6148,8151
2026-09-19 09:08:18,57,88,6148,8151
2026-09-19 09:08:28,50,0,6148,8151
2026-09-19 09:08:38,48,0,6148,8151
2026-09-19 09:08:48,47,0,6148,8151
2026-09-19 09:08:58,46,0,6148,8151
2026-09-19 09:09:09,49,0,6148,8151
2026-09-19 09:09:19,51,0,6148,8151
2026-09-19 09:09:29,55,74,6148,8151
2026-09-19 09:09:39,52,23,6148,8151
2026-09-19 09:09:49,52,0,6148,8151
2026-09-19 09:10:00,52,0,6148,8151
2026-09-19 09:10:10,53,23,6148,8151
2026-09-19 09:10:20,54,74,6148,8151
2026-09-19 09:10:30,53,81,6148,8151
2026-09-19 09:10:41,49,0,6148,8151
2026-09-19 09:10:51,47,0,6148,8151
2026-09-19 09:11:01,46,0,6148,8151
2026-09-19 09:11:11,47,0,6148,8151
2026-09-19 09:11:21,50,0,6148,8151
2026-09-19 09:11:32,51,7,6148,8151
2026-09-19 09:11:42,53,36,6148,8151
2026-09-19 09:11:52,53,17,6148,8151
2026-09-19 09:12:02,56,39,6148,8151
2026-09-19 09:12:13,52,25,6148,8151
2026-09-19 09:12:23,53,37,6148,8151
2026-09-19 09:12:33,50,0,6148,8151
2026-09-19 09:12:43,53,79,6148,8151
2026-09-19 09:12:53,49,0,6148,8151
2026-09-19 09:13:04,47,0,6148,8151
2026-09-19 09:13:14,46,0,6148,8151
2026-09-19 09:13:24,48,13,6148,8151
2026-09-19 09:13:34,51,13,6148,8151
2026-09-19 09:13:44,52,31,6148,8151
2026-09-19 09:13:55,54,87,6148,8151
2026-09-19 09:14:05,52,17,6148,8151
2026-09-19 09:14:15,52,0,6148,8151
2026-09-19 09:14:25,52,0,6148,8151
2026-09-19 09:14:36,54,37,6148,8151
2026-09-19 09:14:46,50,0,6148,8151
2026-09-19 09:14:56,51,32,6148,8151
2026-09-19 09:15:06,48,0,6148,8151
2026-09-19 09:15:16,47,0,6148,8151
2026-09-19 09:15:27,46,0,6148,8151
2026-09-19 09:15:37,48,0,6148,8151
2026-09-19 09:15:47,51,18,6148,8151
2026-09-19 09:15:57,53,85,6148,8151
2026-09-19 09:16:07,53,47,6148,8151
2026-09-19 09:16:18,52,0,6148,8151
2026-09-19 09:16:28,51,0,6148,8151
2026-09-19 09:16:38,52,38,6148,8151
2026-09-19 09:16:48,51,27,6148,8151
2026-09-19 09:16:58,50,27,6148,8151
2026-09-19 09:17:09,49,0,6148,8151
2026-09-19 09:17:19,48,0,6148,8151
2026-09-19 09:17:29,47,0,6148,8151
2026-09-19 09:17:39,46,0,6148,8151
2026-09-19 09:17:49,48,9,6148,8151
2026-09-19 09:18:00,53,37,6148,8151
2026-09-19 09:18:10,51,0,6148,8151
2026-09-19 09:18:20,51,0,6148,8151
2026-09-19 09:18:30,58,35,6148,8151
2026-09-19 09:18:40,53,13,6148,8151
2026-09-19 09:18:51,52,20,6148,8151
2026-09-19 09:19:01,51,28,6148,8151
2026-09-19 09:19:11,50,26,6148,8151
2026-09-19 09:19:21,49,0,6148,8151
2026-09-19 09:19:31,47,0,6148,8151
2026-09-19 09:19:42,46,0,6148,8151
2026-09-19 09:19:52,47,0,6148,8151
2026-09-19 09:20:02,49,0,6148,8151
2026-09-19 09:20:12,51,3,6148,8151
2026-09-19 09:20:22,52,26,6148,8151
2026-09-19 09:20:33,54,41,6148,8151
2026-09-19 09:20:43,52,0,6148,8151
2026-09-19 09:20:53,59,36,6148,8151
2026-09-19 09:21:03,53,32,6148,8151
2026-09-19 09:21:14,51,28,6148,8151
2026-09-19 09:21:24,50,19,6148,8151
2026-09-19 09:21:34,48,0,6148,8151
2026-09-19 09:21:44,47,0,6148,8151
2026-09-19 09:21:54,46,0,6148,8151
2026-09-19 09:22:04,49,0,6148,8151
2026-09-19 09:22:15,51,26,6148,8151
2026-09-19 09:22:25,51,6,6148,8151
2026-09-19 09:22:35,56,56,6148,8151
2026-09-19 09:22:45,51,0,6148,8151
2026-09-19 09:22:56,51,0,6148,8151
2026-09-19 09:23:06,51,0,6148,8151
2026-09-19 09:23:16,51,27,6148,8151
2026-09-19 09:23:26,51,22,6148,8151
2026-09-19 09:23:36,50,0,6148,8151
2026-09-19 09:23:47,48,0,6148,8151
2026-09-19 09:23:57,47,0,6148,8151
2026-09-19 09:24:07,46,0,6148,8151
2026-09-19 09:24:17,46,0,0,8151
2026-09-19 09:24:29,45,0,0,8151
2026-09-19 09:24:40,44,0,0,8151
2026-09-19 09:24:51,43,0,0,8151
2026-09-19 09:25:02,43,0,0,8151
2026-09-19 09:25:12,43,0,0,8151
2026-09-19 09:25:23,42,0,0,8151
2026-09-19 09:25:34,42,0,0,8151
2026-09-19 09:25:44,42,0,0,8151
2026-09-19 09:25:55,41,0,0,8151
2026-09-19 09:26:06,41,0,0,8151
2026-09-19 09:26:17,41,0,0,8151
2026-09-19 09:26:27,41,0,0,8151
2026-09-19 09:26:38,41,0,0,8151
2026-09-19 09:26:49,41,0,0,8151
2026-09-19 09:27:00,41,0,0,8151
2026-09-19 09:27:10,41,0,0,8151
2026-09-19 09:27:21,41,0,0,8151
2026-09-19 09:27:32,41,0,0,8151
2026-09-19 09:27:43,41,0,0,8151
2026-09-19 09:27:53,41,0,0,8151
2026-09-19 09:28:04,42,0,0,8151
2026-09-19 09:28:15,42,0,0,8151
2026-09-19 09:28:26,41,0,0,8151
2026-09-19 09:28:36,41,0,0,8151
2026-09-19 09:28:47,41,0,0,8151
2026-09-19 09:28:58,41,0,0,8151
2026-09-19 09:29:09,41,0,0,8151
2026-09-19 09:29:19,41,0,0,8151
2026-09-19 09:29:30,41,0,0,8151
2026-09-19 09:29:41,41,0,0,8151
2026-09-19 09:29:52,41,0,0,8151
2026-09-19 09:30:02,41,0,0,8151
2026-09-19 09:30:13,41,0,0,8151
2026-09-19 09:30:24,41,0,0,8151
2026-09-19 09:30:34,41,0,0,8151
2026-09-19 09:30:45,41,0,0,8151
2026-09-19 09:30:56,41,0,0,8151
2026-09-19 09:31:07,41,0,0,8151
2026-09-19 09:31:17,41,0,0,8151
2026-09-19 09:31:28,41,0,0,8151
2026-09-19 09:31:39,41,0,0,8151
2026-09-19 09:31:50,41,0,0,8151
2026-09-19 09:32:00,41,0,0,8151
2026-09-19 09:32:11,41,0,0,8151
2026-09-19 09:32:22,41,0,0,8151
2026-09-19 09:32:33,41,0,0,8151
2026-09-19 09:32:43,41,0,0,8151
2026-09-19 09:32:54,41,0,0,8151
2026-09-19 09:33:05,41,0,0,8151
2026-09-19 09:33:16,41,0,0,8151
2026-09-19 09:33:26,41,0,0,8151
2026-09-19 09:33:37,41,0,0,8151
2026-09-19 09:33:48,41,0,0,8151
2026-09-19 09:33:59,41,0,0,8151
2026-09-19 09:34:09,41,0,0,8151
2026-09-19 09:34:20,41,0,0,8151
2026-09-19 09:34:31,41,0,0,8151
2026-09-19 09:34:42,41,0,0,8151
2026-09-19 09:34:52,41,0,0,8151
2026-09-19 09:35:03,41,0,0,8151
2026-09-19 09:35:14,41,0,0,8151
2026-09-19 09:35:25,40,0,0,8151
2026-09-19 09:35:35,41,0,0,8151
2026-09-19 09:35:46,40,0,0,8151
2026-09-19 09:35:57,40,0,0,8151
2026-09-19 09:36:08,40,0,0,8151
2026-09-19 09:36:18,40,0,0,8151
2026-09-19 09:36:29,40,0,0,8151
2026-09-19 09:36:40,40,0,0,8151
2026-09-19 09:36:51,41,0,0,8151
2026-09-19 09:37:01,40,0,0,8151
2026-09-19 09:37:12,40,0,0,8151
2026-09-19 09:37:23,40,0,0,8151
2026-09-19 09:37:34,40,0,0,8151
2026-09-19 09:37:44,40,0,0,8151
2026-09-19 09:37:55,40,0,0,8151
2026-09-19 09:38:06,41,0,0,8151
2026-09-19 09:38:17,41,0,0,8151
2026-09-19 09:38:27,40,0,0,8151
2026-09-19 09:38:38,40,0,0,8151
2026-09-19 09:38:49,40,0,0,8151
2026-09-19 09:39:00,40,0,0,8151
2026-09-19 09:39:10,40,0,0,8151
2026-09-19 09:39:21,40,0,0,8151
2026-09-19 09:39:32,40,0,0,8151
2026-09-19 09:39:43,40,0,0,8151
2026-09-19 09:39:53,40,0,0,8151
2026-09-19 09:40:04,40,0,0,8151
2026-09-19 09:40:15,40,0,0,8151
2026-09-19 09:40:26,40,0,0,8151
2026-09-19 09:40:36,40,0,0,8151
2026-09-19 09:40:47,40,0,0,8151
2026-09-19 09:40:58,40,0,0,8151
2026-09-19 09:41:09,40,0,0,8151
2026-09-19 09:41:19,40,0,0,8151
2026-09-19 09:41:30,40,0,0,8151
2026-09-19 09:41:41,40,0,0,8151
2026-09-19 09:41:52,41,0,0,8151
2026-09-19 09:42:02,41,0,0,8151
2026-09-19 09:42:13,40,0,0,8151
2026-09-19 09:42:24,40,0,0,8151
2026-09-19 09:42:35,40,0,0,8151
2026-09-19 09:42:45,40,0,0,8151
2026-09-19 09:42:56,40,0,0,8151
2026-09-19 09:43:07,40,0,0,8151
2026-09-19 09:43:18,40,0,0,8151
2026-09-19 09:43:28,40,0,0,8151
2026-09-19 09:43:39,40,0,0,8151
2026-09-19 09:43:50,41,0,0,8151
2026-09-19 09:44:01,41,0,0,8151
2026-09-19 09:44:11,41,0,0,8151
2026-09-19 09:44:22,41,0,0,8151
2026-09-19 09:44:33,40,0,0,8151
2026-09-19 09:44:44,40,0,0,8151
2026-09-19 09:44:54,40,0,0,8151
2026-09-19 09:45:05,40,0,0,8151
2026-09-19 09:45:16,40,0,0,8151
2026-09-19 09:45:26,40,0,0,8151
2026-09-19 09:45:37,40,0,0,8151
2026-09-19 09:45:48,40,0,0,8151
2026-09-19 09:45:59,40,0,0,8151
2026-09-19 09:46:09,40,0,0,8151
2026-09-19 09:46:20,40,0,0,8151
2026-09-19 09:46:31,40,0,0,8151
2026-09-19 09:46:42,40,0,0,8151
2026-09-19 09:46:52,40,0,0,8151
2026-09-19 09:47:03,40,0,0,8151
2026-09-19 09:47:14,40,0,0,8151
2026-09-19 09:47:25,40,0,0,8151
2026-09-19 09:47:35,40,0,0,8151
2026-09-19 09:47:46,40,0,0,8151
2026-09-19 09:47:57,40,0,0,8151
2026-09-19 09:48:08,40,0,0,8151
2026-09-19 09:48:18,41,0,0,8151
2026-09-19 09:48:29,41,0,0,8151
2026-09-19 09:48:40,41,0,0,8151
2026-09-19 09:48:51,41,0,0,8151
2026-09-19 09:49:01,41,0,0,8151
2026-09-19 09:49:12,41,0,0,8151
2026-09-19 09:49:23,41,0,0,8151
2026-09-19 09:49:34,41,0,0,8151
2026-09-19 09:49:44,41,0,0,8151
2026-09-19 09:49:55,41,0,0,8151
2026-09-19 09:50:06,41,0,0,8151
2026-09-19 09:50:17,41,0,0,8151
2026-09-19 09:50:27,41,0,0,8151
2026-09-19 09:50:38,41,0,0,8151
2026-09-19 09:50:49,41,0,0,8151
2026-09-19 09:51:00,41,0,0,8151
2026-09-19 09:51:10,41,0,0,8151
2026-09-19 09:51:21,41,0,0,8151
2026-09-19 09:51:32,40,0,0,8151
2026-09-19 09:51:43,40,0,0,8151
2026-09-19 09:51:53,40,0,0,8151
2026-09-19 09:52:04,40,0,0,8151
2026-09-19 09:52:15,40,0,0,8151
2026-09-19 09:52:26,40,0,0,8151
2026-09-19 09:52:36,40,0,0,8151
2026-09-19 09:52:47,40,0,0,8151
2026-09-19 09:52:58,40,0,0,8151
2026-09-19 09:53:09,41,0,0,8151
2026-09-19 09:53:19,40,0,0,8151
2026-09-19 09:53:30,40,0,0,8151
2026-09-19 09:53:41,40,0,0,8151
2026-09-19 09:53:52,40,0,0,8151
2026-09-19 09:54:02,40,0,0,8151
2026-09-19 09:54:13,40,0,0,8151
2026-09-19 09:54:24,40,0,0,8151
2026-09-19 09:54:35,40,0,0,8151
2026-09-19 09:54:45,40,0,0,8151
2026-09-19 09:54:56,40,0,0,8151
2026-09-19 09:55:07,40,0,0,8151
2026-09-19 09:55:18,40,0,0,8151
2026-09-19 09:55:28,40,0,0,8151
2026-09-19 09:55:39,40,0,0,8151
2026-09-19 09:55:50,40,0,0,8151
2026-09-19 09:56:00,40,0,0,8151
2026-09-19 09:56:11,40,0,0,8151
2026-09-19 09:56:22,40,0,0,8151
2026-09-19 09:56:33,40,0,0,8151
2026-09-19 09:56:43,40,0,0,8151
2026-09-19 09:56:54,40,0,0,8151
2026-09-19 09:57:05,40,0,0,8151
2026-09-19 09:57:16,40,0,0,8151
2026-09-19 09:57:26,40,0,0,8151
2026-09-19 09:57:37,40,0,0,8151
2026-09-19 09:57:48,40,0,0,8151
2026-09-19 09:57:59,40,0,0,8151
2026-09-19 09:58:09,40,0,0,8151
2026-09-19 09:58:20,40,0,0,8151
2026-09-19 09:58:31,40,0,0,8151
2026-09-19 09:58:42,40,0,0,8151
2026-09-19 09:58:52,40,0,0,8151
2026-09-19 09:59:03,40,0,0,8151
2026-09-19 09:59:14,40,0,0,8151
2026-09-19 09:59:24,40,0,0,8151
2026-09-19 09:59:35,40,0,0,8151
2026-09-19 09:59:46,40,0,0,8151
2026-09-19 09:59:57,40,0,0,8151
2026-09-19 10:00:07,40,0,0,8151
2026-09-19 10:00:18,40,0,0,8151
2026-09-19 10:00:29,40,0,0,8151
2026-09-19 10:00:40,40,0,0,8151
2026-09-19 10:00:50,40,0,0,8151
2026-09-19 10:01:01,40,0,0,8151
2026-09-19 10:01:12,40,0,0,8151
2026-09-19 10:01:23,40,0,0,8151
2026-09-19 10:01:33,40,0,0,8151
2026-09-19 10:01:44,40,0,0,8151
2026-09-19 10:01:55,40,0,0,8151
2026-09-19 10:02:06,40,0,0,8151
2026-09-19 10:02:16,40,0,0,8151
2026-09-19 10:02:27,40,0,0,8151
2026-09-19 10:02:38,40,0,0,8151
2026-09-19 10:02:49,40,0,0,8151
2026-09-19 10:02:59,40,0,0,8151
2026-09-19 10:03:10,40,0,0,8151
2026-09-19 10:03:21,40,0,0,8151
2026-09-19 10:03:32,40,0,0,8151
2026-09-19 10:03:42,40,0,0,8151
2026-09-19 10:03:53,40,0,0,8151
2026-09-19 10:04:04,40,0,0,8151
2026-09-19 10:04:15,40,0,0,8151
2026-09-19 10:04:25,40,0,0,8151
2026-09-19 10:04:36,40,0,0,8151
2026-09-19 10:04:47,40,0,0,8151
2026-09-19 10:04:57,40,0,0,8151
2026-09-19 10:05:08,40,0,0,8151
2026-09-19 10:05:19,40,0,0,8151
2026-09-19 10:05:30,40,0,0,8151
2026-09-19 10:05:40,40,0,0,8151
2026-09-19 10:05:51,40,0,0,8151
2026-09-19 10:06:02,40,0,0,8151
2026-09-19 10:06:13,40,0,0,8151
2026-09-19 10:06:23,40,0,0,8151
2026-09-19 10:06:34,40,0,0,8151
2026-09-19 10:06:45,40,0,0,8151
2026-09-19 10:06:56,40,0,0,8151
2026-09-19 10:07:06,40,0,0,8151
2026-09-19 10:07:17,40,0,0,8151
2026-09-19 10:07:28,40,0,0,8151
2026-09-19 10:07:39,40,0,0,8151
2026-09-19 10:07:49,40,0,0,8151
2026-09-19 10:08:00,40,0,0,8151
2026-09-19 10:08:11,40,0,0,8151
2026-09-19 10:08:22,40,0,0,8151
2026-09-19 10:08:32,40,0,0,8151
2026-09-19 10:08:43,40,0,0,8151
2026-09-19 10:08:54,40,0,0,8151
2026-09-19 10:09:04,40,0,0,8151
2026-09-19 10:09:15,40,0,0,8151
2026-09-19 10:09:26,40,0,0,8151
2026-09-19 10:09:37,40,0,0,8151
2026-09-19 10:09:47,40,0,0,8151
2026-09-19 10:09:58,40,0,0,8151
2026-09-19 10:10:09,40,0,0,8151
2026-09-19 10:10:20,40,0,0,8151
2026-09-19 10:10:30,40,0,0,8151
2026-09-19 10:10:41,40,0,0,8151
2026-09-19 10:10:52,40,0,0,8151
2026-09-19 10:11:03,40,0,0,8151
2026-09-19 10:11:13,40,0,0,8151
2026-09-19 10:11:24,40,0,0,8151
2026-09-19 10:11:35,40,0,0,8151
2026-09-19 10:11:46,40,0,0,8151
2026-09-19 10:11:56,40,0,0,8151
2026-09-19 10:12:07,40,0,0,8151
2026-09-19 10:12:18,40,0,0,8151
2026-09-19 10:12:29,40,0,0,8151
2026-09-19 10:12:39,41,0,0,8151
2026-09-19 10:12:50,41,0,0,8151
2026-09-19 10:13:01,41,0,0,8151
2026-09-19 10:13:11,41,0,0,8151
2026-09-19 10:13:22,41,0,0,8151
2026-09-19 10:13:33,41,0,0,8151
2026-09-19 10:13:43,41,0,0,8151
2026-09-19 10:13:54,41,0,0,8151
2026-09-19 10:14:05,41,0,0,8151
2026-09-19 10:14:16,41,0,0,8151
2026-09-19 10:14:26,41,0,0,8151
2026-09-19 10:14:37,41,0,0,8151
2026-09-19 10:14:48,41,0,0,8151
2026-09-19 10:14:59,41,0,0,8151
2026-09-19 10:15:09,41,0,0,8151
2026-09-19 10:15:20,41,0,0,8151
2026-09-19 10:15:31,41,0,0,8151
2026-09-19 10:15:42,41,0,0,8151
2026-09-19 10:15:52,41,0,0,8151
2026-09-19 10:16:03,41,0,0,8151
2026-09-19 10:16:14,41,0,0,8151
2026-09-19 10:16:25,41,0,0,8151
2026-09-19 10:16:35,41,0,0,8151
2026-09-19 10:16:46,41,0,0,8151
2026-09-19 10:16:57,41,0,0,8151
2026-09-19 10:17:08,41,0,0,8151
2026-09-19 10:17:18,41,0,0,8151
2026-09-19 10:17:29,41,0,0,8151
2026-09-19 10:17:40,41,0,0,8151
2026-09-19 10:17:51,41,0,0,8151
2026-09-19 10:18:01,41,0,0,8151
2026-09-19 10:18:12,41,0,0,8151
2026-09-19 10:18:23,41,0,0,8151
2026-09-19 10:18:34,41,0,0,8151
2026-09-19 10:18:45,41,0,0,8151
2026-09-19 10:18:55,41,0,0,8151
2026-09-19 10:19:06,41,0,0,8151
2026-09-19 10:19:17,41,0,0,8151
2026-09-19 10:19:27,41,0,0,8151
2026-09-19 10:19:38,41,0,0,8151
2026-09-19 10:19:49,41,0,0,8151
2026-09-19 10:20:00,41,0,0,8151
2026-09-19 10:20:10,41,0,0,8151
2026-09-19 10:20:21,41,0,0,8151
2026-09-19 10:20:32,41,0,0,8151
2026-09-19 10:20:43,42,0,0,8151
2026-09-19 10:20:54,41,0,0,8151
2026-09-19 10:21:04,41,0,0,8151
2026-09-19 10:21:15,41,0,0,8151
2026-09-19 10:21:26,41,0,0,8151
2026-09-19 10:21:37,41,0,0,8151
2026-09-19 10:21:47,41,0,0,8151
2026-09-19 10:21:58,41,0,0,8151
2026-09-19 10:22:09,41,0,0,8151
2026-09-19 10:22:20,41,0,0,8151
2026-09-19 10:22:30,41,0,0,8151
2026-09-19 10:22:41,41,0,0,8151
2026-09-19 10:22:52,41,0,0,8151
2026-09-19 10:23:02,41,0,0,8151
2026-09-19 10:23:13,41,0,0,8151
2026-09-19 10:23:24,41,0,0,8151
2026-09-19 10:23:35,41,0,0,8151
2026-09-19 10:23:46,41,0,0,8151
2026-09-19 10:23:56,41,0,0,8151
2026-09-19 10:24:07,41,0,0,8151
2026-09-19 10:24:18,41,0,0,8151
2026-09-19 10:24:29,41,0,0,8151
2026-09-19 10:24:39,41,0,0,8151
2026-09-19 10:24:50,41,0,0,8151
2026-09-19 10:25:01,41,0,0,8151
2026-09-19 10:25:12,41,0,0,8151
2026-09-19 10:25:22,41,0,0,8151
2026-09-19 10:25:33,41,0,0,8151
2026-09-19 10:25:44,41,0,0,8151
2026-09-19 10:25:54,41,0,0,8151
2026-09-19 10:26:05,41,0,0,8151
2026-09-19 10:26:16,41,0,0,8151
2026-09-19 10:26:27,41,0,0,8151
2026-09-19 10:26:38,41,0,0,8151
2026-09-19 10:26:48,41,0,0,8151
2026-09-19 10:26:59,41,0,0,8151
2026-09-19 10:27:10,41,0,0,8151
2026-09-19 10:27:20,41,0,0,8151
2026-09-19 10:27:31,41,0,0,8151
2026-09-19 10:27:42,41,0,0,8151
2026-09-19 10:27:53,41,0,0,8151
2026-09-19 10:28:03,41,0,0,8151
2026-09-19 10:28:14,41,0,0,8151
2026-09-19 10:28:25,41,0,0,8151
2026-09-19 10:28:36,41,0,0,8151
2026-09-19 10:28:46,41,0,0,8151
2026-09-19 10:28:57,41,0,0,8151
2026-09-19 10:29:08,41,0,0,8151
2026-09-19 10:29:19,41,0,0,8151
2026-09-19 10:29:29,41,0,0,8151
2026-09-19 10:29:40,41,0,0,8151
2026-09-19 10:29:51,41,0,0,8151
2026-09-19 10:30:02,41,0,0,8151
2026-09-19 10:30:12,41,0,0,8151
2026-09-19 10:30:23,41,0,0,8151
2026-09-19 10:30:34,41,0,0,8151
2026-09-19 10:30:45,41,0,0,8151
2026-09-19 10:30:55,41,0,0,8151
2026-09-19 10:31:06,41,0,0,8151
2026-09-19 10:31:17,41,0,0,8151
2026-09-19 10:31:28,41,0,0,8151
2026-09-19 10:31:38,41,0,0,8151
2026-09-19 10:31:49,41,0,0,8151
2026-09-19 10:32:00,41,0,0,8151
2026-09-19 10:32:11,41,0,0,8151
2026-09-19 10:32:21,41,0,0,8151
2026-09-19 10:32:32,41,0,0,8151
2026-09-19 10:32:43,41,0,0,8151
2026-09-19 10:32:54,41,0,0,8151
2026-09-19 10:33:04,42,0,0,8151
2026-09-19 10:33:15,42,0,0,8151
2026-09-19 10:33:26,42,0,0,8151
2026-09-19 10:33:37,42,0,0,8151
2026-09-19 10:33:47,42,0,0,8151
2026-09-19 10:33:58,42,0,0,8151
2026-09-19 10:34:09,43,0,0,8151
2026-09-19 10:34:20,43,0,0,8151
2026-09-19 10:34:30,43,0,0,8151
2026-09-19 10:34:41,43,0,0,8151
2026-09-19 10:34:52,43,0,0,8151
2026-09-19 10:35:03,43,0,0,8151
2026-09-19 10:35:13,42,0,0,8151
2026-09-19 10:35:24,42,0,0,8151
2026-09-19 10:35:35,42,0,0,8151
2026-09-19 10:35:46,42,0,0,8151
2026-09-19 10:35:56,42,0,0,8151
2026-09-19 10:36:07,42,0,0,8151
2026-09-19 10:36:18,42,0,0,8151
2026-09-19 10:36:28,42,0,0,8151
2026-09-19 10:36:39,42,0,0,8151
2026-09-19 10:36:50,42,0,0,8151
2026-09-19 10:37:01,42,0,0,8151
2026-09-19 10:37:11,42,0,0,8151
2026-09-19 10:37:22,42,0,0,8151
2026-09-19 10:37:33,42,0,0,8151
2026-09-19 10:37:44,42,0,0,8151
2026-09-19 10:37:54,42,0,0,8151
2026-09-19 10:38:05,42,0,0,8151
2026-09-19 10:38:16,42,0,0,8151
2026-09-19 10:38:27,42,0,0,8151
2026-09-19 10:38:37,42,0,0,8151
2026-09-19 10:38:48,42,0,0,8151
2026-09-19 10:38:59,42,0,0,8151
2026-09-19 10:39:10,42,0,0,8151
2026-09-19 10:39:20,42,0,0,8151
2026-09-19 10:39:31,42,0,0,8151
2026-09-19 10:39:42,42,0,0,8151
2026-09-19 10:39:53,42,0,0,8151
2026-09-19 10:40:03,42,0,0,8151
2026-09-19 10:40:14,42,0,0,8151
2026-09-19 10:40:25,42,0,0,8151
2026-09-19 10:40:36,42,0,0,8151
2026-09-19 10:40:46,42,0,0,8151
2026-09-19 10:40:57,42,0,0,8151
2026-09-19 10:41:08,42,0,0,8151
2026-09-19 10:41:19,41,0,0,8151
2026-09-19 10:41:29,42,0,0,8151
2026-09-19 10:41:40,42,0,0,8151
2026-09-19 10:41:51,42,0,0,8151
2026-09-19 10:42:02,42,0,0,8151
2026-09-19 10:42:12,42,0,0,8151
2026-09-19 10:42:23,41,0,0,8151
2026-09-19 10:42:34,41,0,0,8151
2026-09-19 10:42:45,42,0,0,8151
2026-09-19 10:42:55,41,0,0,8151
2026-09-19 10:43:06,42,0,0,8151
2026-09-19 10:43:17,42,0,0,8151
2026-09-19 10:43:28,42,0,0,8151
2026-09-19 10:43:38,42,0,0,8151
2026-09-19 10:43:49,42,0,0,8151
2026-09-19 10:44:00,42,0,0,8151
2026-09-19 10:44:11,42,0,0,8151
2026-09-19 10:44:21,41,0,0,8151
2026-09-19 10:44:32,42,0,0,8151
2026-09-19 10:44:43,42,0,0,8151
2026-09-19 10:44:54,42,0,0,8151
2026-09-19 10:45:04,42,0,0,8151
2026-09-19 10:45:15,42,0,0,8151
2026-09-19 10:45:26,42,0,0,8151
2026-09-19 10:45:36,42,0,0,8151
2026-09-19 10:45:47,42,0,0,8151
2026-09-19 10:45:58,42,0,0,8151
2026-09-19 10:46:09,42,0,0,8151
2026-09-19 10:46:19,42,0,0,8151
2026-09-19 10:46:30,42,0,0,8151
2026-09-19 10:46:41,42,0,0,8151
2026-09-19 10:46:52,42,0,0,8151
2026-09-19 10:47:02,42,0,0,8151
2026-09-19 10:47:13,42,0,0,8151
2026-09-19 10:47:24,42,0,0,8151
2026-09-19 10:47:35,42,0,0,8151
2026-09-19 10:47:45,42,0,0,8151
2026-09-19 10:47:56,42,0,0,8151
2026-09-19 10:48:07,42,0,0,8151
2026-09-19 10:48:18,42,0,0,8151
2026-09-19 10:48:28,42,0,0,8151
2026-09-19 10:48:39,42,0,0,8151
2026-09-19 10:48:50,42,0,0,8151
2026-09-19 10:49:01,42,0,0,8151
2026-09-19 10:49:11,42,0,0,8151
2026-09-19 10:49:22,42,0,0,8151
2026-09-19 10:49:33,42,0,0,8151
2026-09-19 10:49:44,42,0,0,8151
2026-09-19 10:49:54,42,0,0,8151
2026-09-19 10:50:05,42,0,0,8151
2026-09-19 10:50:16,42,0,0,8151
2026-09-19 10:50:27,42,0,0,8151
2026-09-19 10:50:37,42,0,0,8151
2026-09-19 10:50:48,42,0,0,8151
2026-09-19 10:50:59,42,0,0,8151
2026-09-19 10:51:10,42,0,0,8151
2026-09-19 10:51:20,42,0,0,8151
2026-09-19 10:51:31,42,0,0,8151
2026-09-19 10:51:42,42,0,0,8151
2026-09-19 10:51:53,42,0,0,8151
2026-09-19 10:52:03,42,0,0,8151
2026-09-19 10:52:14,42,0,0,8151
2026-09-19 10:52:25,42,0,0,8151
2026-09-19 10:52:36,42,0,0,8151
2026-09-19 10:52:46,42,0,0,8151
2026-09-19 10:52:57,42,0,0,8151
2026-09-19 10:53:08,42,0,0,8151
2026-09-19 10:53:18,42,0,0,8151
2026-09-19 10:53:29,42,0,0,8151
2026-09-19 10:53:40,42,0,0,8151
2026-09-19 10:53:51,42,0,0,8151
2026-09-19 10:54:01,42,0,0,8151
2026-09-19 10:54:12,42,0,0,8151
2026-09-19 10:54:23,42,0,0,8151
2026-09-19 10:54:34,42,0,0,8151
2026-09-19 10:54:44,42,0,0,8151
2026-09-19 10:54:55,42,0,0,8151
2026-09-19 10:55:06,42,0,0,8151
2026-09-19 10:55:17,42,0,0,8151
2026-09-19 10:55:27,42,0,0,8151
2026-09-19 10:55:38,42,0,0,8151
2026-09-19 10:55:49,42,0,0,8151
2026-09-19 10:56:00,42,0,0,8151
2026-09-19 10:56:10,42,0,0,8151
2026-09-19 10:56:21,42,0,0,8151
2026-09-19 10:56:32,42,0,0,8151
2026-09-19 10:56:43,42,0,0,8151
2026-09-19 10:56:53,42,0,0,8151
2026-09-19 10:57:04,42,0,0,8151
2026-09-19 10:57:15,42,0,0,8151
2026-09-19 10:57:26,42,0,0,8151
2026-09-19 10:57:36,42,0,0,8151
2026-09-19 10:57:47,42,0,0,8151
2026-09-19 10:57:58,42,0,0,8151
2026-09-19 10:58:09,42,0,0,8151
2026-09-19 10:58:19,42,0,0,8151
2026-09-19 10:58:30,42,0,0,8151
2026-09-19 10:58:41,42,0,0,8151
2026-09-19 10:58:52,42,0,0,8151
2026-09-19 10:59:02,42,0,0,8151
2026-09-19 10:59:13,42,0,0,8151
2026-09-19 10:59:24,42,0,0,8151
2026-09-19 10:59:35,42,0,0,8151
2026-09-19 10:59:45,42,0,0,8151
2026-09-19 10:59:56,42,0,0,8151
2026-09-19 11:00:07,42,0,0,8151
2026-09-19 11:00:17,42,0,0,8151
2026-09-19 11:00:28,42,0,0,8151
2026-09-19 11:00:39,42,0,0,8151
2026-09-19 11:00:50,42,0,0,8151
2026-09-19 11:01:00,42,0,0,8151
2026-09-19 11:01:11,42,0,0,8151
2026-09-19 11:01:22,42,0,0,8151
2026-09-19 11:01:33,42,0,0,8151
2026-09-19 11:01:43,42,0,0,8151
2026-09-19 11:01:54,42,0,0,8151
2026-09-19 11:02:05,42,0,0,8151
2026-09-19 11:02:16,42,0,0,8151
2026-09-19 11:02:26,42,0,0,8151
2026-09-19 11:02:37,42,0,0,8151
2026-09-19 11:02:48,42,0,0,8151
2026-09-19 11:02:59,42,0,0,8151
2026-09-19 11:03:09,42,0,0,8151
2026-09-19 11:03:20,42,0,0,8151
2026-09-19 11:03:31,42,0,0,8151
2026-09-19 11:03:42,42,0,0,8151
2026-09-19 11:03:52,43,0,0,8151
2026-09-19 11:04:03,43,0,0,8151
2026-09-19 11:04:14,43,0,0,8151
2026-09-19 11:04:25,42,0,0,8151
2026-09-19 11:04:35,42,0,0,8151
2026-09-19 11:04:46,42,0,0,8151
2026-09-19 11:04:57,42,0,0,8151
2026-09-19 11:05:08,42,0,0,8151
2026-09-19 11:05:18,42,0,0,8151
2026-09-19 11:05:29,42,0,0,8151
2026-09-19 11:05:40,42,0,0,8151
2026-09-19 11:05:51,42,0,0,8151
2026-09-19 11:06:01,42,0,0,8151
2026-09-19 11:06:12,42,0,0,8151
2026-09-19 11:06:23,42,0,0,8151
2026-09-19 11:06:34,42,0,0,8151
2026-09-19 11:06:44,42,0,0,8151
2026-09-19 11:06:55,42,0,0,8151
2026-09-19 11:07:06,42,0,0,8151
2026-09-19 11:07:17,42,0,0,8151
2026-09-19 11:07:27,42,0,0,8151
2026-09-19 11:07:38,42,0,0,8151
2026-09-19 11:07:49,42,0,0,8151
2026-09-19 11:07:59,42,0,0,8151
2026-09-19 11:08:10,42,0,0,8151
2026-09-19 11:08:21,42,0,0,8151
2026-09-19 11:08:32,42,0,0,8151
2026-09-19 11:08:42,42,0,0,8151
2026-09-19 11:08:53,42,0,0,8151
2026-09-19 11:09:04,42,0,0,8151
2026-09-19 11:09:15,42,0,0,8151
2026-09-19 11:09:25,42,0,0,8151
2026-09-19 11:09:36,42,0,0,8151
2026-09-19 11:09:47,42,0,0,8151
2026-09-19 11:09:58,42,0,0,8151
2026-09-19 11:10:08,42,0,0,8151
2026-09-19 11:10:19,42,0,0,8151
2026-09-19 11:10:30,42,0,0,8151
2026-09-19 11:10:41,42,0,0,8151
2026-09-19 11:10:51,42,0,0,8151
2026-09-19 11:11:02,42,0,0,8151
2026-09-19 11:11:13,42,0,0,8151
2026-09-19 11:11:24,42,0,0,8151
2026-09-19 11:11:34,42,0,0,8151
2026-09-19 11:11:45,42,0,0,8151
2026-09-19 11:11:56,42,0,0,8151
2026-09-19 11:12:07,42,0,0,8151
2026-09-19 11:12:17,42,0,0,8151
2026-09-19 11:12:28,42,0,0,8151
2026-09-19 11:12:39,42,0,0,8151
2026-09-19 11:12:50,42,0,0,8151
2026-09-19 11:13:00,42,0,0,8151
2026-09-19 11:13:11,42,0,0,8151
2026-09-19 11:13:22,42,0,0,8151
2026-09-19 11:13:33,42,0,0,8151
2026-09-19 11:13:43,42,0,0,8151
2026-09-19 11:13:54,42,0,0,8151
2026-09-19 11:14:05,42,0,0,8151
2026-09-19 11:14:16,42,0,0,8151
2026-09-19 11:14:26,42,0,0,8151
2026-09-19 11:14:37,42,0,0,8151
2026-09-19 11:14:48,42,0,0,8151
2026-09-19 11:14:59,42,0,0,8151
2026-09-19 11:15:09,42,0,0,8151
2026-09-19 11:15:20,42,0,0,8151
2026-09-19 11:15:31,42,0,0,8151
2026-09-19 11:15:42,42,0,0,8151
2026-09-19 11:15:52,42,0,0,8151
2026-09-19 11:16:03,42,0,0,8151
2026-09-19 11:16:14,42,0,0,8151
2026-09-19 11:16:25,42,0,0,8151
2026-09-19 11:16:35,42,0,0,8151
2026-09-19 11:16:46,42,0,0,8151
2026-09-19 11:16:57,42,0,0,8151
2026-09-19 11:17:07,42,0,0,8151
2026-09-19 11:17:18,42,0,0,8151
2026-09-19 11:17:29,42,0,0,8151
2026-09-19 11:17:40,42,0,0,8151
2026-09-19 11:17:50,42,0,0,8151
2026-09-19 11:18:01,42,0,0,8151
2026-09-19 11:18:11,42,0,0,8151
2026-09-19 11:18:22,42,0,0,8151
2026-09-19 11:18:33,42,0,0,8151
2026-09-19 11:18:44,42,0,0,8151
2026-09-19 11:18:54,42,0,0,8151
2026-09-19 11:19:05,42,0,0,8151
2026-09-19 11:19:16,42,0,0,8151
2026-09-19 11:19:27,42,0,0,8151
2026-09-19 11:19:37,42,0,0,8151
2026-09-19 11:19:48,42,0,0,8151
2026-09-19 11:19:59,42,0,0,8151
2026-09-19 11:20:09,42,0,0,8151
2026-09-19 11:20:20,42,0,0,8151
2026-09-19 11:20:31,42,0,0,8151
2026-09-19 11:20:42,42,0,0,8151
2026-09-19 11:20:52,42,0,0,8151
2026-09-19 11:21:03,42,0,0,8151
2026-09-19 11:21:14,42,0,0,8151
2026-09-19 11:21:25,42,0,0,8151
2026-09-19 11:21:35,42,0,0,8151
2026-09-19 11:21:46,42,0,0,8151
2026-09-19 11:21:57,42,0,0,8151
2026-09-19 11:22:08,42,0,0,8151
2026-09-19 11:22:18,42,0,0,8151
2026-09-19 11:22:29,42,0,0,8151
2026-09-19 11:22:40,42,0,0,8151
2026-09-19 11:22:51,42,0,0,8151
2026-09-19 11:23:01,42,0,0,8151
2026-09-19 11:23:12,42,0,0,8151
2026-09-19 11:23:22,42,0,0,8151
2026-09-19 11:23:33,42,0,0,8151
2026-09-19 11:23:44,42,0,0,8151
2026-09-19 11:23:55,42,0,0,8151
2026-09-19 11:24:05,42,0,0,8151
2026-09-19 11:24:16,42,0,0,8151
2026-09-19 11:24:27,42,0,0,8151
2026-09-19 11:24:38,42,0,0,8151
2026-09-19 11:24:48,42,0,0,8151
2026-09-19 11:24:59,42,0,0,8151
2026-09-19 11:25:10,42,0,0,8151
2026-09-19 11:25:21,42,0,0,8151
2026-09-19 11:25:31,42,0,0,8151
2026-09-19 11:25:42,42,0,0,8151
2026-09-19 11:25:53,42,0,0,8151
2026-09-19 11:26:04,42,0,0,8151
2026-09-19 11:26:14,42,0,0,8151
2026-09-19 11:26:25,42,0,0,8151
2026-09-19 11:26:36,42,0,0,8151
2026-09-19 11:26:46,42,0,0,8151
2026-09-19 11:26:57,42,0,0,8151
2026-09-19 11:27:08,42,0,0,8151
2026-09-19 11:27:19,42,0,0,8151
2026-09-19 11:27:29,42,0,0,8151
2026-09-19 11:27:40,42,0,0,8151
2026-09-19 11:27:51,42,0,0,8151
2026-09-19 11:28:02,42,0,0,8151
2026-09-19 11:28:12,42,0,0,8151
2026-09-19 11:28:23,42,0,0,8151
2026-09-19 11:28:34,42,0,0,8151
2026-09-19 11:28:45,42,0,0,8151
2026-09-19 11:28:55,42,0,0,8151
2026-09-19 11:29:06,42,0,0,8151
2026-09-19 11:29:17,42,0,0,8151
2026-09-19 11:29:28,42,0,0,8151
2026-09-19 11:29:38,42,0,0,8151
2026-09-19 11:29:49,42,0,0,8151
2026-09-19 11:30:00,42,0,0,8151
2026-09-19 11:30:10,42,0,0,8151
2026-09-19 11:30:21,42,0,0,8151
2026-09-19 11:30:32,42,0,0,8151
2026-09-19 11:30:43,42,0,0,8151
2026-09-19 11:30:53,42,0,0,8151
2026-09-19 11:31:04,42,0,0,8151
2026-09-19 11:31:15,42,0,0,8151
2026-09-19 11:31:26,42,0,0,8151
2026-09-19 11:31:36,42,0,0,8151
2026-09-19 11:31:47,42,0,0,8151
2026-09-19 11:31:58,42,0,0,8151
2026-09-19 11:32:09,42,0,0,8151
2026-09-19 11:32:19,42,0,0,8151
2026-09-19 11:32:30,42,0,0,8151
2026-09-19 11:32:41,42,0,0,8151
2026-09-19 11:32:52,42,0,0,8151
2026-09-19 11:33:02,42,0,0,8151
2026-09-19 11:33:13,42,0,0,8151
2026-09-19 11:33:24,42,0,0,8151
2026-09-19 11:33:35,42,0,0,8151
2026-09-19 11:33:45,42,0,0,8151
2026-09-19 11:33:56,42,0,0,8151
2026-09-19 11:34:07,42,0,0,8151
2026-09-19 11:34:18,42,0,0,8151
2026-09-19 11:34:28,42,0,0,8151
2026-09-19 11:34:39,42,0,0,8151
2026-09-19 11:34:50,42,0,0,8151
2026-09-19 11:35:01,42,0,0,8151
2026-09-19 11:35:11,42,0,0,8151
2026-09-19 11:35:22,42,0,0,8151
2026-09-19 11:35:33,42,0,0,8151
2026-09-19 11:35:44,42,0,0,8151
2026-09-19 11:35:54,42,0,0,8151
2026-09-19 11:36:05,42,0,0,8151
2026-09-19 11:36:16,42,0,0,8151
2026-09-19 11:36:27,42,0,0,8151
2026-09-19 11:36:37,42,0,0,8151
2026-09-19 11:36:48,42,0,0,8151
2026-09-19 11:36:59,42,0,0,8151
2026-09-19 11:37:09,42,0,0,8151
2026-09-19 11:37:20,42,0,0,8151
2026-09-19 11:37:31,42,0,0,8151
2026-09-19 11:37:42,42,0,0,8151
2026-09-19 11:37:52,42,0,0,8151
2026-09-19 11:38:03,42,0,0,8151
2026-09-19 11:38:14,42,0,0,8151
2026-09-19 11:38:25,42,0,0,8151
2026-09-19 11:38:35,42,0,0,8151
2026-09-19 11:38:46,42,0,0,8151
2026-09-19 11:38:57,42,0,0,8151
2026-09-19 11:39:08,42,0,0,8151
2026-09-19 11:39:18,42,0,0,8151
2026-09-19 11:39:29,42,0,0,8151
2026-09-19 11:39:40,42,0,0,8151
2026-09-19 11:39:51,42,0,0,8151
2026-09-19 11:40:01,42,0,0,8151
2026-09-19 11:40:12,42,0,0,8151
2026-09-19 11:40:23,42,0,0,8151
2026-09-19 11:40:34,42,0,0,8151
2026-09-19 11:40:44,42,0,0,8151
2026-09-19 11:40:55,42,0,0,8151
2026-09-19 11:41:06,42,0,0,8151
2026-09-19 11:41:17,42,0,0,8151
2026-09-19 11:41:27,42,0,0,8151
2026-09-19 11:41:38,42,0,0,8151
2026-09-19 11:41:49,42,0,0,8151
2026-09-19 11:42:00,42,0,0,8151
2026-09-19 11:42:10,42,0,0,8151
2026-09-19 11:42:21,42,0,0,8151
2026-09-19 11:42:32,42,0,0,8151
2026-09-19 11:42:43,42,0,0,8151
2026-09-19 11:42:53,42,0,0,8151
2026-09-19 11:43:04,42,0,0,8151
2026-09-19 11:43:15,42,0,0,8151
2026-09-19 11:43:26,42,0,0,8151
2026-09-19 11:43:36,42,0,0,8151
2026-09-19 11:43:47,42,0,0,8151
2026-09-19 11:43:58,42,0,0,8151
2026-09-19 11:44:09,42,0,0,8151
2026-09-19 11:44:19,42,0,0,8151
2026-09-19 11:44:30,42,0,0,8151
2026-09-19 11:44:41,42,0,0,8151
2026-09-19 11:44:52,42,0,0,8151
2026-09-19 11:45:02,42,0,0,8151
2026-09-19 11:45:13,42,0,0,8151
2026-09-19 11:45:24,42,0,0,8151
2026-09-19 11:45:35,42,0,0,8151
2026-09-19 11:45:45,42,0,0,8151
2026-09-19 11:45:56,42,0,0,8151
2026-09-19 11:46:07,42,0,0,8151
2026-09-19 11:46:18,42,0,0,8151
2026-09-19 11:46:28,42,0,0,8151
2026-09-19 11:46:39,42,0,0,8151
2026-09-19 11:46:50,42,0,0,8151
2026-09-19 11:47:01,42,0,0,8151
2026-09-19 11:47:11,42,0,0,8151
2026-09-19 11:47:22,42,0,0,8151
2026-09-19 11:47:33,42,0,0,8151
2026-09-19 11:47:43,42,0,0,8151
2026-09-19 11:47:54,42,0,0,8151
2026-09-19 11:48:05,42,0,0,8151
2026-09-19 11:48:16,42,0,0,8151
2026-09-19 11:48:26,42,0,0,8151
2026-09-19 11:48:37,42,0,0,8151
2026-09-19 11:48:48,42,0,0,8151
2026-09-19 11:48:59,42,0,0,8151
2026-09-19 11:49:09,42,0,0,8151
2026-09-19 11:49:20,42,0,0,8151
2026-09-19 11:49:31,42,0,0,8151
2026-09-19 11:49:42,42,0,0,8151
2026-09-19 11:49:52,42,0,0,8151
2026-09-19 11:50:03,42,0,0,8151
2026-09-19 11:50:14,42,0,0,8151
2026-09-19 11:50:25,42,0,0,8151
2026-09-19 11:50:35,42,0,0,8151
2026-09-19 11:50:46,42,0,0,8151
2026-09-19 11:50:57,42,0,0,8151
2026-09-19 11:51:07,42,0,0,8151
2026-09-19 11:51:18,42,0,0,8151
2026-09-19 11:51:29,42,0,0,8151
2026-09-19 11:51:40,42,0,0,8151
2026-09-19 11:51:50,42,0,0,8151
2026-09-19 11:52:01,42,0,0,8151
2026-09-19 11:52:12,42,0,0,8151
2026-09-19 11:52:23,42,0,0,8151
2026-09-19 11:52:33,42,0,0,8151
2026-09-19 11:52:44,42,0,0,8151
2026-09-19 11:52:55,42,0,0,8151
2026-09-19 11:53:06,42,0,0,8151
2026-09-19 11:53:16,42,0,0,8151
2026-09-19 11:53:27,42,0,0,8151
2026-09-19 11:53:38,42,0,0,8151
2026-09-19 11:53:49,42,0,0,8151
2026-09-19 11:53:59,42,0,0,8151
2026-09-19 11:54:10,42,0,0,8151
2026-09-19 11:54:21,42,0,0,8151
2026-09-19 11:54:32,42,0,0,8151
2026-09-19 11:54:42,42,0,0,8151
2026-09-19 11:54:53,42,0,0,8151
2026-09-19 11:55:04,42,0,0,8151
2026-09-19 11:55:15,42,0,0,8151
2026-09-19 11:55:25,42,0,0,8151
2026-09-19 11:55:36,42,0,0,8151
2026-09-19 11:55:47,42,0,0,8151
2026-09-19 11:55:58,42,0,0,8151
2026-09-19 11:56:08,42,0,0,8151
2026-09-19 11:56:19,42,0,0,8151
2026-09-19 11:56:30,42,0,0,8151
2026-09-19 11:56:41,42,0,0,8151
2026-09-19 11:56:51,42,0,0,8151
2026-09-19 11:57:02,42,0,0,8151
2026-09-19 11:57:13,42,0,0,8151
2026-09-19 11:57:24,42,0,0,8151
2026-09-19 11:57:34,42,0,0,8151
2026-09-19 11:57:45,42,0,0,8151
2026-09-19 11:57:56,42,0,0,8151
2026-09-19 11:58:07,42,0,0,8151
2026-09-19 11:58:17,42,0,0,8151
2026-09-19 11:58:28,42,0,0,8151
2026-09-19 11:58:39,42,0,0,8151
2026-09-19 11:58:50,42,0,0,8151
2026-09-19 11:59:00,42,0,0,8151
2026-09-19 11:59:11,42,0,0,8151
2026-09-19 11:59:22,42,0,0,8151
2026-09-19 11:59:33,42,0,0,8151
2026-09-19 11:59:43,42,0,0,8151
2026-09-19 11:59:54,42,0,0,8151
2026-09-19 12:00:05,42,0,0,8151
2026-09-19 12:00:16,42,0,0,8151
2026-09-19 12:00:26,42,0,0,8151
2026-09-19 12:00:37,42,0,0,8151
2026-09-19 12:00:48,42,0,0,8151
2026-09-19 12:00:58,42,0,0,8151
2026-09-19 12:01:09,42,0,0,8151
2026-09-19 12:01:20,42,0,0,8151
2026-09-19 12:01:31,42,0,0,8151
2026-09-19 12:01:41,42,0,0,8151
2026-09-19 12:01:52,42,0,0,8151
2026-09-19 12:02:03,42,0,0,8151
2026-09-19 12:02:14,42,0,0,8151
2026-09-19 12:02:24,42,0,0,8151
2026-09-19 12:02:35,42,0,0,8151
2026-09-19 12:02:46,42,0,0,8151
2026-09-19 12:02:57,42,0,0,8151
2026-09-19 12:03:07,42,0,0,8151
2026-09-19 12:03:18,42,0,0,8151
2026-09-19 12:03:29,42,0,0,8151
2026-09-19 12:03:40,42,0,0,8151
2026-09-19 12:03:50,42,0,0,8151
2026-09-19 12:04:01,42,0,0,8151
2026-09-19 12:04:12,42,0,0,8151
2026-09-19 12:04:23,42,0,0,8151
2026-09-19 12:04:33,42,0,0,8151
2026-09-19 12:04:44,42,0,0,8151
2026-09-19 12:04:55,42,0,0,8151
2026-09-19 12:05:06,42,0,0,8151
2026-09-19 12:05:16,42,0,0,8151
2026-09-19 12:05:27,42,0,0,8151
2026-09-19 12:05:38,42,0,0,8151
2026-09-19 12:05:49,42,0,0,8151
2026-09-19 12:05:59,42,0,0,8151
2026-09-19 12:06:10,42,0,0,8151
2026-09-19 12:06:21,42,0,0,8151
2026-09-19 12:06:32,42,0,0,8151
2026-09-19 12:06:42,42,0,0,8151
2026-09-19 12:06:53,42,0,0,8151
2026-09-19 12:07:04,42,0,0,8151
2026-09-19 12:07:15,42,0,0,8151
2026-09-19 12:07:25,42,0,0,8151
2026-09-19 12:07:36,42,0,0,8151
2026-09-19 12:07:47,42,0,0,8151
2026-09-19 12:07:58,42,0,0,8151
2026-09-19 12:08:08,42,0,0,8151
2026-09-19 12:08:19,42,0,0,8151
2026-09-19 12:08:30,42,0,0,8151
2026-09-19 12:08:40,42,0,0,8151
2026-09-19 12:08:51,42,0,0,8151
2026-09-19 12:09:02,42,0,0,8151
2026-09-19 12:09:13,42,0,0,8151
2026-09-19 12:09:24,42,0,0,8151
2026-09-19 12:09:34,42,0,0,8151
2026-09-19 12:09:45,42,0,0,8151
2026-09-19 12:09:56,42,0,0,8151
2026-09-19 12:10:06,42,0,0,8151
2026-09-19 12:10:17,42,0,0,8151
2026-09-19 12:10:28,42,0,0,8151
2026-09-19 12:10:39,42,0,0,8151
2026-09-19 12:10:49,42,0,0,8151
2026-09-19 12:11:00,42,0,0,8151
2026-09-19 12:11:11,42,0,0,8151
2026-09-19 12:11:22,42,0,0,8151
2026-09-19 12:11:32,42,0,0,8151
2026-09-19 12:11:43,42,0,0,8151
2026-09-19 12:11:54,42,0,0,8151
2026-09-19 12:12:05,42,0,0,8151
2026-09-19 12:12:15,42,0,0,8151
2026-09-19 12:12:26,42,0,0,8151
2026-09-19 12:12:37,42,0,0,8151
2026-09-19 12:12:48,42,0,0,8151
2026-09-19 12:12:58,42,0,0,8151
2026-09-19 12:13:09,42,0,0,8151
2026-09-19 12:13:20,42,0,0,8151
2026-09-19 12:13:31,42,0,0,8151
2026-09-19 12:13:41,42,0,0,8151
2026-09-19 12:13:52,42,0,0,8151
2026-09-19 12:14:03,42,0,0,8151
2026-09-19 12:14:14,42,0,0,8151
2026-09-19 12:14:24,42,0,0,8151
2026-09-19 12:14:35,42,0,0,8151
2026-09-19 12:14:46,42,0,0,8151
2026-09-19 12:14:57,42,0,0,8151
2026-09-19 12:15:07,42,0,0,8151
2026-09-19 12:15:18,42,0,0,8151
2026-09-19 12:15:29,42,0,0,8151
2026-09-19 12:15:40,42,0,0,8151
2026-09-19 12:15:50,42,0,0,8151
2026-09-19 12:16:01,42,0,0,8151
2026-09-19 12:16:12,42,0,0,8151
2026-09-19 12:16:23,42,0,0,8151
2026-09-19 12:16:33,42,0,0,8151
2026-09-19 12:16:44,42,0,0,8151
2026-09-19 12:16:55,42,0,0,8151
2026-09-19 12:17:06,42,0,0,8151
2026-09-19 12:17:16,42,0,0,8151
2026-09-19 12:17:27,42,0,0,8151
2026-09-19 12:17:38,42,0,0,8151
2026-09-19 12:17:48,42,0,0,8151
2026-09-19 12:17:59,42,0,0,8151
2026-09-19 12:18:10,42,0,0,8151
2026-09-19 12:18:21,42,0,0,8151
2026-09-19 12:18:31,42,0,0,8151
2026-09-19 12:18:42,42,0,0,8151
2026-09-19 12:18:53,42,0,0,8151
2026-09-19 12:19:04,42,0,0,8151
2026-09-19 12:19:14,42,0,0,8151
2026-09-19 12:19:25,42,0,0,8151
2026-09-19 12:19:36,42,0,0,8151
2026-09-19 12:19:47,42,0,0,8151
2026-09-19 12:19:57,42,0,0,8151
2026-09-19 12:20:08,42,0,0,8151
2026-09-19 12:20:19,42,0,0,8151
2026-09-19 12:20:30,42,0,0,8151
2026-09-19 12:20:40,42,0,0,8151
2026-09-19 12:20:51,42,0,0,8151
2026-09-19 12:21:02,42,0,0,8151
2026-09-19 12:21:13,42,0,0,8151
2026-09-19 12:21:23,42,0,0,8151
2026-09-19 12:21:34,42,0,0,8151
2026-09-19 12:21:45,42,0,0,8151
2026-09-19 12:21:56,42,0,0,8151
2026-09-19 12:22:06,42,0,0,8151
2026-09-19 12:22:17,42,0,0,8151
2026-09-19 12:22:28,42,0,0,8151
2026-09-19 12:22:39,42,0,0,8151
2026-09-19 12:22:49,42,0,0,8151
2026-09-19 12:23:00,42,0,0,8151
2026-09-19 12:23:11,42,0,0,8151
2026-09-19 12:23:21,42,0,0,8151
2026-09-19 12:23:32,42,0,0,8151
2026-09-19 12:23:43,42,0,0,8151
2026-09-19 12:23:54,42,0,0,8151
2026-09-19 12:24:04,42,0,0,8151
2026-09-19 12:24:15,42,0,0,8151
2026-09-19 12:24:26,42,0,0,8151
2026-09-19 12:24:37,42,0,0,8151
2026-09-19 12:24:47,42,0,0,8151
2026-09-19 12:24:58,42,0,0,8151
2026-09-19 12:25:09,42,0,0,8151
2026-09-19 12:25:20,42,0,0,8151
2026-09-19 12:25:30,42,0,0,8151
2026-09-19 12:25:41,42,0,0,8151
2026-09-19 12:25:52,42,0,0,8151
2026-09-19 12:26:03,42,0,0,8151
2026-09-19 12:26:13,42,0,0,8151
2026-09-19 12:26:24,42,0,0,8151
2026-09-19 12:26:35,42,0,0,8151
2026-09-19 12:26:46,42,0,0,8151
2026-09-19 12:26:56,42,0,0,8151
2026-09-19 12:27:07,42,0,0,8151
2026-09-19 12:27:18,42,0,0,8151
2026-09-19 12:27:28,42,0,0,8151
2026-09-19 12:27:39,42,0,0,8151
2026-09-19 12:27:50,42,0,0,8151
2026-09-19 12:28:01,42,0,0,8151
2026-09-19 12:28:11,42,0,0,8151
2026-09-19 12:28:22,42,0,0,8151
2026-09-19 12:28:33,42,0,0,8151
2026-09-19 12:28:43,42,0,0,8151
2026-09-19 12:28:54,42,0,0,8151
2026-09-19 12:29:05,42,0,0,8151
2026-09-19 12:29:16,42,0,0,8151
2026-09-19 12:29:27,42,0,0,8151
2026-09-19 12:29:37,42,0,0,8151
2026-09-19 12:29:48,42,0,0,8151
2026-09-19 12:29:59,42,0,0,8151
2026-09-19 12:30:09,42,0,0,8151
2026-09-19 12:30:20,42,0,0,8151
2026-09-19 12:30:31,42,0,0,8151
2026-09-19 12:30:42,42,0,0,8151
2026-09-19 12:30:52,42,0,0,8151
2026-09-19 12:31:03,42,0,0,8151
2026-09-19 12:31:14,42,0,0,8151
2026-09-19 12:31:25,42,0,0,8151
2026-09-19 12:31:35,42,0,0,8151
2026-09-19 12:31:46,42,0,0,8151
2026-09-19 12:31:57,42,0,0,8151
2026-09-19 12:32:08,42,0,0,8151
2026-09-19 12:32:18,42,0,0,8151
2026-09-19 12:32:29,42,0,0,8151
2026-09-19 12:32:40,42,0,0,8151
2026-09-19 12:32:51,42,0,0,8151
2026-09-19 12:33:01,42,0,0,8151
2026-09-19 12:33:12,42,0,0,8151
2026-09-19 12:33:23,42,0,0,8151
2026-09-19 12:33:34,42,0,0,8151
2026-09-19 12:33:44,42,0,0,8151
2026-09-19 12:33:55,42,0,0,8151
2026-09-19 12:34:06,42,0,0,8151
2026-09-19 12:34:17,42,0,0,8151
2026-09-19 12:34:27,42,0,0,8151
2026-09-19 12:34:38,42,0,0,8151
2026-09-19 12:34:49,42,0,0,8151
2026-09-19 12:35:00,42,0,0,8151
2026-09-19 12:35:10,42,0,0,8151
2026-09-19 12:35:22,42,0,0,8151
2026-09-19 12:35:33,42,0,0,8151
2026-09-19 12:35:44,42,0,0,8151
2026-09-19 12:35:55,42,0,0,8151
2026-09-19 12:36:05,42,0,0,8151
2026-09-19 12:36:16,42,0,0,8151
2026-09-19 12:36:27,42,0,0,8151
2026-09-19 12:36:38,42,0,0,8151
2026-09-19 12:36:48,42,0,0,8151
2026-09-19 12:36:59,42,0,0,8151
2026-09-19 12:37:10,42,0,0,8151
2026-09-19 12:37:21,42,0,0,8151
2026-09-19 12:37:31,42,0,0,8151
2026-09-19 12:37:42,42,0,0,8151
2026-09-19 12:37:53,42,0,0,8151
2026-09-19 12:38:04,42,0,0,8151
2026-09-19 12:38:14,42,0,0,8151
2026-09-19 12:38:25,42,0,0,8151
2026-09-19 12:38:36,42,0,0,8151
2026-09-19 12:38:47,42,0,0,8151
2026-09-19 12:38:57,42,0,0,8151
2026-09-19 12:39:08,42,0,0,8151
2026-09-19 12:39:19,42,0,0,8151
2026-09-19 12:39:30,42,0,0,8151
2026-09-19 12:39:40,42,0,0,8151
2026-09-19 12:39:51,42,0,0,8151
2026-09-19 12:40:02,42,0,0,8151
2026-09-19 12:40:13,42,0,0,8151
2026-09-19 12:40:23,42,0,0,8151
2026-09-19 12:40:34,42,0,0,8151
2026-09-19 12:40:45,42,0,0,8151
2026-09-19 12:40:56,42,0,0,8151
2026-09-19 12:41:06,42,0,0,8151
2026-09-19 12:41:17,42,0,0,8151
2026-09-19 12:41:28,42,0,0,8151
2026-09-19 12:41:39,42,0,0,8151
2026-09-19 12:41:49,42,0,0,8151
2026-09-19 12:42:00,42,0,0,8151
2026-09-19 12:42:11,42,0,0,8151
2026-09-19 12:42:22,42,0,0,8151
2026-09-19 12:42:32,42,0,0,8151
2026-09-19 12:42:43,42,0,0,8151
2026-09-19 12:42:54,42,0,0,8151
2026-09-19 12:43:05,42,0,0,8151
2026-09-19 12:43:15,42,0,0,8151
2026-09-19 12:43:26,42,0,0,8151
2026-09-19 12:43:37,42,0,0,8151
2026-09-19 12:43:48,42,0,0,8151
2026-09-19 12:43:58,42,0,0,8151
2026-09-19 12:44:09,42,0,0,8151
2026-09-19 12:44:20,42,0,0,8151
2026-09-19 12:44:31,42,0,0,8151
2026-09-19 12:44:41,42,0,0,8151
2026-09-19 12:44:52,42,0,0,8151
2026-09-19 12:45:03,42,0,0,8151
2026-09-19 12:45:13,42,0,0,8151
2026-09-19 12:45:24,42,0,0,8151
2026-09-19 12:45:35,42,0,0,8151
2026-09-19 12:45:46,42,0,0,8151
2026-09-19 12:45:56,42,0,0,8151
2026-09-19 12:46:07,42,0,0,8151
2026-09-19 12:46:18,42,0,0,8151
2026-09-19 12:46:29,42,0,0,8151
2026-09-19 12:46:39,42,0,0,8151
2026-09-19 12:46:50,42,0,0,8151
2026-09-19 12:47:01,42,0,0,8151
2026-09-19 12:47:12,42,0,0,8151
2026-09-19 12:47:22,42,0,0,8151
2026-09-19 12:47:33,42,0,0,8151
2026-09-19 12:47:44,42,0,0,8151
2026-09-19 12:47:55,42,0,0,8151
2026-09-19 12:48:05,42,0,0,8151
2026-09-19 12:48:16,42,0,0,8151
2026-09-19 12:48:27,42,0,0,8151
2026-09-19 12:48:38,42,0,0,8151
2026-09-19 12:48:48,42,0,0,8151
2026-09-19 12:48:59,42,0,0,8151
2026-09-19 12:49:10,42,0,0,8151
2026-09-19 12:49:21,42,0,0,8151
2026-09-19 12:49:31,42,0,0,8151
2026-09-19 12:49:42,42,0,0,8151
2026-09-19 12:49:53,42,0,0,8151
2026-09-19 12:50:03,42,0,0,8151
2026-09-19 12:50:14,42,0,0,8151
2026-09-19 12:50:25,42,0,0,8151
2026-09-19 12:50:36,42,0,0,8151
2026-09-19 12:50:46,42,0,0,8151
2026-09-19 12:50:57,42,0,0,8151
2026-09-19 12:51:08,42,0,0,8151
2026-09-19 12:51:19,42,0,0,8151
2026-09-19 12:51:29,42,0,0,8151
2026-09-19 12:51:40,42,0,0,8151
2026-09-19 12:51:51,42,0,0,8151
2026-09-19 12:52:02,42,0,0,8151
2026-09-19 12:52:12,42,0,0,8151
2026-09-19 12:52:23,42,0,0,8151
2026-09-19 12:52:34,42,0,0,8151
2026-09-19 12:52:44,42,0,0,8151
2026-09-19 12:52:55,42,0,0,8151
2026-09-19 12:53:06,42,0,0,8151
2026-09-19 12:53:17,42,0,0,8151
2026-09-19 12:53:27,42,0,0,8151
2026-09-19 12:53:38,42,0,0,8151
2026-09-19 12:53:49,42,0,0,8151
2026-09-19 12:54:00,42,0,0,8151
2026-09-19 12:54:10,42,0,0,8151
2026-09-19 12:54:21,42,0,0,8151
2026-09-19 12:54:32,42,0,0,8151
2026-09-19 12:54:43,42,0,0,8151
2026-09-19 12:54:53,42,0,0,8151
2026-09-19 12:55:04,42,0,0,8151
2026-09-19 12:55:15,42,0,0,8151
2026-09-19 12:55:26,42,0,0,8151
2026-09-19 12:55:36,42,0,0,8151
2026-09-19 12:55:47,42,0,0,8151
2026-09-19 12:55:58,42,0,0,8151
2026-09-19 12:56:09,42,0,0,8151
2026-09-19 12:56:19,42,0,0,8151
2026-09-19 12:56:30,42,0,0,8151
2026-09-19 12:56:41,42,0,0,8151
2026-09-19 12:56:52,42,0,0,8151
2026-09-19 12:57:02,42,0,0,8151
2026-09-19 12:57:13,42,0,0,8151
2026-09-19 12:57:24,42,0,0,8151
2026-09-19 12:57:35,42,0,0,8151
2026-09-19 12:57:45,42,0,0,8151
2026-09-19 12:57:56,42,0,0,8151
2026-09-19 12:58:07,42,0,0,8151
2026-09-19 12:58:18,42,0,0,8151
2026-09-19 12:58:28,42,0,0,8151
2026-09-19 12:58:39,42,0,0,8151
2026-09-19 12:58:50,42,0,0,8151
2026-09-19 12:59:01,42,0,0,8151
2026-09-19 12:59:11,42,0,0,8151
2026-09-19 12:59:22,42,0,0,8151
2026-09-19 12:59:33,42,0,0,8151
2026-09-19 12:59:44,42,0,0,8151
2026-09-19 12:59:54,42,0,0,8151
2026-09-19 13:00:05,42,0,0,8151
2026-09-19 13:00:16,42,0,0,8151
2026-09-19 13:00:27,42,0,0,8151
2026-09-19 13:00:37,42,0,0,8151
2026-09-19 13:00:48,42,0,0,8151
2026-09-19 13:00:59,42,0,0,8151
2026-09-19 13:01:10,42,0,0,8151
2026-09-19 13:01:20,42,0,0,8151
2026-09-19 13:01:31,42,0,0,8151
2026-09-19 13:01:42,42,0,0,8151
2026-09-19 13:01:53,42,0,0,8151
2026-09-19 13:02:03,42,0,0,8151
2026-09-19 13:02:14,42,0,0,8151
2026-09-19 13:02:25,42,0,0,8151
2026-09-19 13:02:36,42,0,0,8151
2026-09-19 13:02:46,42,0,0,8151
2026-09-19 13:02:57,42,0,0,8151
2026-09-19 13:03:08,42,0,0,8151
2026-09-19 13:03:19,42,0,0,8151
2026-09-19 13:03:29,42,0,0,8151
2026-09-19 13:03:40,42,0,0,8151
2026-09-19 13:03:51,42,0,0,8151
2026-09-19 13:04:02,42,0,0,8151
2026-09-19 13:04:12,42,0,0,8151
2026-09-19 13:04:23,42,0,0,8151
2026-09-19 13:04:34,42,0,0,8151
2026-09-19 13:04:45,42,0,0,8151
2026-09-19 13:04:55,42,0,0,8151
2026-09-19 13:05:06,42,0,0,8151
2026-09-19 13:05:17,42,0,0,8151
2026-09-19 13:05:28,42,0,0,8151
2026-09-19 13:05:38,42,0,0,8151
2026-09-19 13:05:49,42,0,0,8151
2026-09-19 13:06:00,42,0,0,8151
2026-09-19 13:06:11,42,0,0,8151
2026-09-19 13:06:21,42,0,0,8151
2026-09-19 13:06:32,42,0,0,8151
2026-09-19 13:06:43,42,0,0,8151
2026-09-19 13:06:53,42,0,0,8151
2026-09-19 13:07:04,42,0,0,8151
2026-09-19 13:07:15,42,0,0,8151
2026-09-19 13:07:26,42,0,0,8151
2026-09-19 13:07:36,42,0,0,8151
2026-09-19 13:07:47,42,0,0,8151
2026-09-19 13:07:58,42,0,0,8151
2026-09-19 13:08:09,42,0,0,8151
2026-09-19 13:08:19,42,0,0,8151
2026-09-19 13:08:30,42,0,0,8151
2026-09-19 13:08:41,42,0,0,8151
2026-09-19 13:08:52,42,0,0,8151
2026-09-19 13:09:02,42,0,0,8151
2026-09-19 13:09:13,42,0,0,8151
2026-09-19 13:09:24,42,0,0,8151
2026-09-19 13:09:35,42,0,0,8151
2026-09-19 13:09:45,42,0,0,8151
2026-09-19 13:09:56,42,0,0,8151
2026-09-19 13:10:07,42,0,0,8151
2026-09-19 13:10:18,42,0,0,8151
2026-09-19 13:10:28,42,0,0,8151
2026-09-19 13:10:39,42,0,0,8151
2026-09-19 13:10:50,42,0,0,8151
2026-09-19 13:11:01,42,0,0,8151
2026-09-19 13:11:11,42,0,0,8151
2026-09-19 13:11:22,42,0,0,8151
2026-09-19 13:11:33,42,0,0,8151
2026-09-19 13:11:43,42,0,0,8151
2026-09-19 13:11:54,42,0,0,8151
2026-09-19 13:12:05,42,0,0,8151
2026-09-19 13:12:16,42,0,0,8151
2026-09-19 13:12:26,42,0,0,8151
2026-09-19 13:12:37,42,0,0,8151
2026-09-19 13:12:48,42,0,0,8151
2026-09-19 13:12:59,42,0,0,8151
2026-09-19 13:13:09,42,0,0,8151
2026-09-19 13:13:20,42,0,0,8151
2026-09-19 13:13:31,42,0,0,8151
2026-09-19 13:13:42,42,0,0,8151
2026-09-19 13:13:52,42,0,0,8151
2026-09-19 13:14:03,42,0,0,8151
2026-09-19 13:14:14,42,0,0,8151
2026-09-19 13:14:25,42,0,0,8151
2026-09-19 13:14:35,42,0,0,8151
2026-09-19 13:14:46,42,0,0,8151
2026-09-19 13:14:57,42,0,0,8151
2026-09-19 13:15:08,42,0,0,8151
2026-09-19 13:15:18,42,0,0,8151
2026-09-19 13:15:29,42,0,0,8151
2026-09-19 13:15:40,42,0,0,8151
2026-09-19 13:15:50,42,0,0,8151
2026-09-19 13:16:01,42,0,0,8151
2026-09-19 13:16:12,42,0,0,8151
2026-09-19 13:16:23,42,0,0,8151
2026-09-19 13:16:33,42,0,0,8151
2026-09-19 13:16:44,42,0,0,8151
2026-09-19 13:16:55,42,0,0,8151
2026-09-19 13:17:06,42,0,0,8151
2026-09-19 13:17:16,42,0,0,8151
2026-09-19 13:17:27,42,0,0,8151
2026-09-19 13:17:38,42,0,0,8151
2026-09-19 13:17:49,42,0,0,8151
2026-09-19 13:17:59,42,0,0,8151
2026-09-19 13:18:10,42,0,0,8151
2026-09-19 13:18:21,42,0,0,8151
2026-09-19 13:18:32,42,0,0,8151
2026-09-19 13:18:42,42,0,0,8151
2026-09-19 13:18:53,42,0,0,8151
2026-09-19 13:19:04,42,0,0,8151
2026-09-19 13:19:15,42,0,0,8151
2026-09-19 13:19:25,42,0,0,8151
2026-09-19 13:19:36,42,0,0,8151
2026-09-19 13:19:47,42,0,0,8151
2026-09-19 13:19:58,42,0,0,8151
2026-09-19 13:20:08,42,0,0,8151
2026-09-19 13:20:19,42,0,0,8151
2026-09-19 13:20:30,42,0,0,8151
2026-09-19 13:20:41,42,0,0,8151
2026-09-19 13:20:51,42,0,0,8151
2026-09-19 13:21:02,42,0,0,8151
2026-09-19 13:21:13,42,0,0,8151
2026-09-19 13:21:24,42,0,0,8151
2026-09-19 13:21:34,42,0,0,8151
2026-09-19 13:21:45,42,0,0,8151
2026-09-19 13:21:56,42,0,0,8151
2026-09-19 13:22:06,42,0,0,8151
2026-09-19 13:22:17,42,0,0,8151
2026-09-19 13:22:28,42,0,0,8151
2026-09-19 13:22:39,42,0,0,8151
2026-09-19 13:22:50,42,0,0,8151
2026-09-19 13:23:00,42,0,0,8151
2026-09-19 13:23:11,42,0,0,8151
2026-09-19 13:23:22,42,0,0,8151
2026-09-19 13:23:32,42,0,0,8151
2026-09-19 13:23:43,42,0,0,8151
2026-09-19 13:23:54,42,0,0,8151
2026-09-19 13:24:05,42,0,0,8151
2026-09-19 13:24:15,42,0,0,8151
2026-09-19 13:24:26,42,0,0,8151
2026-09-19 13:24:37,42,0,0,8151
2026-09-19 13:24:48,42,0,0,8151
2026-09-19 13:24:58,42,0,0,8151
2026-09-19 13:25:09,42,0,0,8151
2026-09-19 13:25:20,42,0,0,8151
2026-09-19 13:25:31,42,0,0,8151
2026-09-19 13:25:41,42,0,0,8151
2026-09-19 13:25:52,42,0,0,8151
2026-09-19 13:26:03,42,0,0,8151
2026-09-19 13:26:13,42,0,0,8151
2026-09-19 13:26:24,42,0,0,8151
2026-09-19 13:26:35,42,0,0,8151
2026-09-19 13:26:46,42,0,0,8151
2026-09-19 13:26:56,42,0,0,8151
2026-09-19 13:27:07,42,0,0,8151
2026-09-19 13:27:18,42,0,0,8151
2026-09-19 13:27:29,42,0,0,8151
2026-09-19 13:27:39,42,0,0,8151
2026-09-19 13:27:50,42,0,0,8151
2026-09-19 13:28:01,42,0,0,8151
2026-09-19 13:28:12,42,0,0,8151
2026-09-19 13:28:22,42,0,0,8151
2026-09-19 13:28:33,42,0,0,8151
2026-09-19 13:28:44,42,0,0,8151
2026-09-19 13:28:55,42,0,0,8151
2026-09-19 13:29:05,42,0,0,8151
2026-09-19 13:29:16,42,0,0,8151
2026-09-19 13:29:27,42,0,0,8151
2026-09-19 13:29:38,42,0,0,8151
2026-09-19 13:29:48,42,0,0,8151
2026-09-19 13:29:59,42,0,0,8151
2026-09-19 13:30:10,42,0,0,8151
2026-09-19 13:30:20,42,0,0,8151
2026-09-19 13:30:31,42,0,0,8151
2026-09-19 13:30:42,42,0,0,8151
2026-09-19 13:30:53,42,0,0,8151
2026-09-19 13:31:03,42,0,0,8151
2026-09-19 13:31:14,42,0,0,8151
2026-09-19 13:31:25,42,0,0,8151
2026-09-19 13:31:36,42,0,0,8151
2026-09-19 13:31:46,42,0,0,8151
2026-09-19 13:31:57,42,0,0,8151
2026-09-19 13:32:08,42,0,0,8151
2026-09-19 13:32:19,42,0,0,8151
2026-09-19 13:32:29,42,0,0,8151
2026-09-19 13:32:40,42,0,0,8151
2026-09-19 13:32:51,42,0,0,8151
2026-09-19 13:33:02,42,0,0,8151
2026-09-19 13:33:12,42,0,0,8151
2026-09-19 13:33:23,42,0,0,8151
2026-09-19 13:33:34,42,0,0,8151
2026-09-19 13:33:45,42,0,0,8151
2026-09-19 13:33:55,42,0,0,8151
2026-09-19 13:34:06,42,0,0,8151
2026-09-19 13:34:17,42,0,0,8151
2026-09-19 13:34:27,42,0,0,8151
2026-09-19 13:34:38,42,0,0,8151
2026-09-19 13:34:49,42,0,0,8151
2026-09-19 13:35:00,42,0,0,8151
2026-09-19 13:35:10,42,0,0,8151
2026-09-19 13:35:21,42,0,0,8151
2026-09-19 13:35:32,42,0,0,8151
2026-09-19 13:35:43,42,0,0,8151
2026-09-19 13:35:53,42,0,0,8151
2026-09-19 13:36:04,42,0,0,8151
2026-09-19 13:36:15,42,0,0,8151
2026-09-19 13:36:26,42,0,0,8151
2026-09-19 13:36:36,42,0,0,8151
2026-09-19 13:36:47,42,0,0,8151
2026-09-19 13:36:58,42,0,0,8151
2026-09-19 13:37:09,42,0,0,8151
2026-09-19 13:37:19,42,0,0,8151
2026-09-19 13:37:30,42,0,0,8151
2026-09-19 13:37:41,42,0,0,8151
2026-09-19 13:37:52,42,0,0,8151
2026-09-19 13:38:02,42,0,0,8151
2026-09-19 13:38:13,42,0,0,8151
2026-09-19 13:38:23,42,0,0,8151
2026-09-19 13:38:34,42,0,0,8151
2026-09-19 13:38:45,42,0,0,8151
2026-09-19 13:38:56,42,0,0,8151
2026-09-19 13:39:06,42,0,0,8151
2026-09-19 13:39:17,42,0,0,8151
2026-09-19 13:39:28,42,0,0,8151
2026-09-19 13:39:39,42,0,0,8151
2026-09-19 13:39:49,42,0,0,8151
2026-09-19 13:40:00,42,0,0,8151
2026-09-19 13:40:11,42,0,0,8151
2026-09-19 13:40:22,42,0,0,8151
2026-09-19 13:40:32,42,0,0,8151
2026-09-19 13:40:43,42,0,0,8151
2026-09-19 13:40:54,42,0,0,8151
2026-09-19 13:41:05,42,0,0,8151
2026-09-19 13:41:15,42,0,0,8151
2026-09-19 13:41:26,42,0,0,8151
2026-09-19 13:41:37,42,0,0,8151
2026-09-19 13:41:47,42,0,0,8151
2026-09-19 13:41:58,42,0,0,8151
2026-09-19 13:42:09,42,0,0,8151
2026-09-19 13:42:20,42,0,0,8151
2026-09-19 13:42:30,42,0,0,8151
2026-09-19 13:42:41,42,0,0,8151
2026-09-19 13:42:52,42,0,0,8151
2026-09-19 13:43:03,42,0,0,8151
2026-09-19 13:43:13,42,0,0,8151
2026-09-19 13:43:24,42,0,0,8151
2026-09-19 13:43:35,42,0,0,8151
2026-09-19 13:43:46,42,0,0,8151
2026-09-19 13:43:57,42,0,0,8151
2026-09-19 13:44:07,42,0,0,8151
2026-09-19 13:44:18,42,0,0,8151
2026-09-19 13:44:29,42,0,0,8151
2026-09-19 13:44:39,42,0,0,8151
2026-09-19 13:44:50,42,0,0,8151
2026-09-19 13:45:01,42,0,0,8151
2026-09-19 13:45:12,42,0,0,8151
2026-09-19 13:45:22,42,0,0,8151
2026-09-19 13:45:33,42,0,0,8151
2026-09-19 13:45:44,42,0,0,8151
2026-09-19 13:45:55,42,0,0,8151
2026-09-19 13:46:05,42,0,0,8151
2026-09-19 13:46:16,42,0,0,8151
2026-09-19 13:46:27,42,0,0,8151
2026-09-19 13:46:38,42,0,0,8151
2026-09-19 13:46:49,42,0,0,8151
2026-09-19 13:46:59,42,0,0,8151
2026-09-19 13:47:10,42,0,0,8151
2026-09-19 13:47:21,42,0,0,8151
2026-09-19 13:47:31,42,0,0,8151
2026-09-19 13:47:42,42,0,0,8151
2026-09-19 13:47:53,42,0,0,8151
2026-09-19 13:48:04,42,0,0,8151
2026-09-19 13:48:15,42,0,0,8151
2026-09-19 13:48:25,42,0,0,8151
2026-09-19 13:48:36,42,0,0,8151
2026-09-19 13:48:47,42,0,0,8151
2026-09-19 13:48:57,42,0,0,8151
2026-09-19 13:49:08,42,0,0,8151
2026-09-19 13:49:19,42,0,0,8151
2026-09-19 13:49:30,42,0,0,8151
2026-09-19 13:49:40,42,0,0,8151
2026-09-19 13:49:51,42,0,0,8151
2026-09-19 13:50:02,42,0,0,8151
2026-09-19 13:50:13,42,0,0,8151
2026-09-19 13:50:23,42,0,0,8151
2026-09-19 13:50:34,42,0,0,8151
2026-09-19 13:50:45,42,0,0,8151
2026-09-19 13:50:56,42,0,0,8151
2026-09-19 13:51:06,42,0,0,8151
2026-09-19 13:51:17,42,0,0,8151
2026-09-19 13:51:28,42,0,0,8151
2026-09-19 13:51:39,42,0,0,8151
2026-09-19 13:51:49,42,0,0,8151
2026-09-19 13:52:00,42,0,0,8151
2026-09-19 13:52:11,42,0,0,8151
2026-09-19 13:52:22,42,0,0,8151
2026-09-19 13:52:32,42,0,0,8151
2026-09-19 13:52:43,42,0,0,8151
2026-09-19 13:52:54,42,0,0,8151
2026-09-19 13:53:05,42,0,0,8151
2026-09-19 13:53:15,42,0,0,8151
2026-09-19 13:53:26,42,0,0,8151
2026-09-19 13:53:37,42,0,0,8151
2026-09-19 13:53:48,42,0,0,8151
2026-09-19 13:53:58,42,0,0,8151
2026-09-19 13:54:09,42,0,0,8151
2026-09-19 13:54:20,42,0,0,8151
2026-09-19 13:54:31,42,0,0,8151
2026-09-19 13:54:41,42,0,0,8151
2026-09-19 13:54:52,42,0,0,8151
2026-09-19 13:55:03,42,0,0,8151
2026-09-19 13:55:14,42,0,0,8151
2026-09-19 13:55:24,42,0,0,8151
2026-09-19 13:55:35,42,0,0,8151
2026-09-19 13:55:46,42,0,0,8151
2026-09-19 13:55:57,42,0,0,8151
2026-09-19 13:56:07,42,0,0,8151
2026-09-19 13:56:18,42,0,0,8151
2026-09-19 13:56:29,42,0,0,8151
2026-09-19 13:56:39,42,0,0,8151
2026-09-19 13:56:50,42,0,0,8151
2026-09-19 13:57:01,42,0,0,8151
2026-09-19 13:57:12,42,0,0,8151
2026-09-19 13:57:22,42,0,0,8151
2026-09-19 13:57:33,42,0,0,8151
2026-09-19 13:57:44,42,0,0,8151
2026-09-19 13:57:55,42,0,0,8151
2026-09-19 13:58:05,42,0,0,8151
2026-09-19 13:58:16,42,0,0,8151
2026-09-19 13:58:27,42,0,0,8151
2026-09-19 13:58:38,42,0,0,8151
2026-09-19 13:58:48,42,0,0,8151
2026-09-19 13:58:59,42,0,0,8151
2026-09-19 13:59:10,42,0,0,8151
2026-09-19 13:59:21,42,0,0,8151
2026-09-19 13:59:31,42,0,0,8151
2026-09-19 13:59:42,42,0,0,8151
2026-09-19 13:59:53,42,0,0,8151
2026-09-19 14:00:04,42,0,0,8151
2026-09-19 14:00:14,42,0,0,8151
2026-09-19 14:00:25,42,0,0,8151
2026-09-19 14:00:36,42,0,0,8151
2026-09-19 14:00:47,42,0,0,8151
2026-09-19 14:00:57,42,0,0,8151
2026-09-19 14:01:08,42,0,0,8151
2026-09-19 14:01:19,42,0,0,8151
2026-09-19 14:01:30,42,0,0,8151
2026-09-19 14:01:40,42,0,0,8151
2026-09-19 14:01:51,42,0,0,8151
2026-09-19 14:02:02,42,0,0,8151
2026-09-19 14:02:13,42,0,0,8151
2026-09-19 14:02:23,42,0,0,8151
2026-09-19 14:02:34,42,0,0,8151
2026-09-19 14:02:45,42,0,0,8151
2026-09-19 14:02:55,42,0,0,8151
2026-09-19 14:03:06,42,0,0,8151
2026-09-19 14:03:17,42,0,0,8151
2026-09-19 14:03:28,42,0,0,8151
2026-09-19 14:03:39,42,0,0,8151
2026-09-19 14:03:49,42,0,0,8151
2026-09-19 14:04:00,42,0,0,8151
2026-09-19 14:04:11,42,0,0,8151
2026-09-19 14:04:21,42,0,0,8151
2026-09-19 14:04:32,42,0,0,8151
2026-09-19 14:04:43,42,0,0,8151
2026-09-19 14:04:54,42,0,0,8151
2026-09-19 14:05:04,42,0,0,8151
2026-09-19 14:05:15,42,0,0,8151
2026-09-19 14:05:26,42,0,0,8151
2026-09-19 14:05:37,42,0,0,8151
2026-09-19 14:05:47,42,0,0,8151
2026-09-19 14:05:58,42,0,0,8151
2026-09-19 14:06:09,42,0,0,8151
2026-09-19 14:06:20,42,0,0,8151
2026-09-19 14:06:30,42,0,0,8151
2026-09-19 14:06:41,42,0,0,8151
2026-09-19 14:06:52,42,0,0,8151
2026-09-19 14:07:03,42,0,0,8151
2026-09-19 14:07:13,42,0,0,8151
2026-09-19 14:07:24,42,0,0,8151
2026-09-19 14:07:35,42,0,0,8151
2026-09-19 14:07:46,42,0,0,8151
2026-09-19 14:07:56,42,0,0,8151
2026-09-19 14:08:07,42,0,0,8151
2026-09-19 14:08:18,42,0,0,8151
2026-09-19 14:08:29,42,0,0,8151
2026-09-19 14:08:39,42,0,0,8151
2026-09-19 14:08:50,42,0,0,8151
2026-09-19 14:09:01,42,0,0,8151
2026-09-19 14:09:12,42,0,0,8151
2026-09-19 14:09:22,42,0,0,8151
2026-09-19 14:09:33,42,0,0,8151
2026-09-19 14:09:44,42,0,0,8151
2026-09-19 14:09:55,42,0,0,8151
2026-09-19 14:10:05,42,0,0,8151
2026-09-19 14:10:16,42,0,0,8151
2026-09-19 14:10:27,42,0,0,8151
2026-09-19 14:10:38,42,0,0,8151
2026-09-19 14:10:48,42,0,0,8151
2026-09-19 14:10:59,42,0,0,8151
2026-09-19 14:11:10,42,0,0,8151
2026-09-19 14:11:21,42,0,0,8151
2026-09-19 14:11:31,42,0,0,8151
2026-09-19 14:11:42,42,0,0,8151
2026-09-19 14:11:53,42,0,0,8151
2026-09-19 14:12:04,42,0,0,8151
2026-09-19 14:12:14,42,0,0,8151
2026-09-19 14:12:25,42,0,0,8151
2026-09-19 14:12:36,42,0,0,8151
2026-09-19 14:12:47,42,0,0,8151
2026-09-19 14:12:57,42,0,0,8151
2026-09-19 14:13:08,42,0,0,8151
2026-09-19 14:13:19,42,0,0,8151
2026-09-19 14:13:30,42,0,0,8151
2026-09-19 14:13:40,42,0,0,8151
2026-09-19 14:13:51,42,0,0,8151
2026-09-19 14:14:02,42,0,0,8151
2026-09-19 14:14:13,42,0,0,8151
2026-09-19 14:14:23,42,0,0,8151
2026-09-19 14:14:34,42,0,0,8151
2026-09-19 14:14:45,42,0,0,8151
2026-09-19 14:14:56,42,0,0,8151
2026-09-19 14:15:06,42,0,0,8151
2026-09-19 14:15:17,42,0,0,8151
2026-09-19 14:15:28,42,0,0,8151
2026-09-19 14:15:39,42,0,0,8151
2026-09-19 14:15:49,42,0,0,8151
2026-09-19 14:16:00,42,0,0,8151
2026-09-19 14:16:11,42,0,0,8151
2026-09-19 14:16:22,42,0,0,8151
2026-09-19 14:16:32,42,0,0,8151
2026-09-19 14:16:43,42,0,0,8151
2026-09-19 14:16:54,42,0,0,8151
2026-09-19 14:17:05,42,0,0,8151
2026-09-19 14:17:15,42,0,0,8151
2026-09-19 14:17:26,42,0,0,8151
2026-09-19 14:17:37,42,0,0,8151
2026-09-19 14:17:48,42,0,0,8151
2026-09-19 14:17:58,42,0,0,8151
2026-09-19 14:18:09,42,0,0,8151
2026-09-19 14:18:20,42,0,0,8151
2026-09-19 14:18:31,42,0,0,8151
2026-09-19 14:18:41,42,0,0,8151
2026-09-19 14:18:52,42,0,0,8151
2026-09-19 14:19:03,42,0,0,8151
2026-09-19 14:19:13,42,0,0,8151
2026-09-19 14:19:24,42,0,0,8151
2026-09-19 14:19:35,42,0,0,8151
2026-09-19 14:19:46,42,0,0,8151
2026-09-19 14:19:56,42,0,0,8151
2026-09-19 14:20:07,42,0,0,8151
2026-09-19 14:20:18,42,0,0,8151
2026-09-19 14:20:29,42,0,0,8151
2026-09-19 14:20:39,42,0,0,8151
2026-09-19 14:20:50,42,0,0,8151
2026-09-19 14:21:01,42,0,0,8151
2026-09-19 14:21:12,42,0,0,8151
2026-09-19 14:21:22,42,0,0,8151
2026-09-19 14:21:33,42,0,0,8151
2026-09-19 14:21:44,42,0,0,8151
2026-09-19 14:21:55,42,0,0,8151
2026-09-19 14:22:05,42,0,0,8151
2026-09-19 14:22:16,42,0,0,8151
2026-09-19 14:22:27,42,0,0,8151
2026-09-19 14:22:38,42,0,0,8151
2026-09-19 14:22:48,42,0,0,8151
2026-09-19 14:22:59,42,0,0,8151
2026-09-19 14:23:10,42,0,0,8151
2026-09-19 14:23:21,42,0,0,8151
2026-09-19 14:23:31,42,0,0,8151
2026-09-19 14:23:42,42,0,0,8151
2026-09-19 14:23:53,42,0,0,8151
2026-09-19 14:24:03,42,0,0,8151
2026-09-19 14:24:14,42,0,0,8151
2026-09-19 14:24:25,42,0,0,8151
2026-09-19 14:24:36,42,0,0,8151
2026-09-19 14:24:47,42,0,0,8151
2026-09-19 14:24:57,42,0,0,8151
2026-09-19 14:25:08,42,0,0,8151
2026-09-19 14:25:19,42,0,0,8151
2026-09-19 14:25:30,42,0,0,8151
2026-09-19 14:25:40,42,0,0,8151
2026-09-19 14:25:51,42,0,0,8151
2026-09-19 14:26:02,42,0,0,8151
2026-09-19 14:26:12,42,0,0,8151
2026-09-19 14:26:23,42,0,0,8151
2026-09-19 14:26:34,42,0,0,8151
2026-09-19 14:26:45,42,0,0,8151
2026-09-19 14:26:55,42,0,0,8151
2026-09-19 14:27:06,42,0,0,8151
2026-09-19 14:27:17,42,0,0,8151
2026-09-19 14:27:28,42,0,0,8151
2026-09-19 14:27:38,42,0,0,8151
2026-09-19 14:27:49,42,0,0,8151
2026-09-19 14:28:00,42,0,0,8151
2026-09-19 14:28:11,42,0,0,8151
2026-09-19 14:28:21,42,0,0,8151
2026-09-19 14:28:32,42,0,0,8151
2026-09-19 14:28:43,42,0,0,8151
2026-09-19 14:28:54,42,0,0,8151
2026-09-19 14:29:04,42,0,0,8151
2026-09-19 14:29:15,42,0,0,8151
2026-09-19 14:29:26,42,0,0,8151
2026-09-19 14:29:37,42,0,0,8151
2026-09-19 14:29:47,42,0,0,8151
2026-09-19 14:29:58,42,0,0,8151
2026-09-19 14:30:09,42,0,0,8151
2026-09-19 14:30:20,42,0,0,8151
2026-09-19 14:30:30,42,0,0,8151
2026-09-19 14:30:41,42,0,0,8151
2026-09-19 14:30:52,42,0,0,8151
2026-09-19 14:31:03,42,0,0,8151
2026-09-19 14:31:13,42,0,0,8151
2026-09-19 14:31:24,42,0,0,8151
2026-09-19 14:31:35,42,0,0,8151
2026-09-19 14:31:45,42,0,0,8151
2026-09-19 14:31:56,42,0,0,8151
2026-09-19 14:32:07,42,0,0,8151
2026-09-19 14:32:18,42,0,0,8151
2026-09-19 14:32:28,42,0,0,8151
2026-09-19 14:32:39,42,0,0,8151
2026-09-19 14:32:50,42,0,0,8151
2026-09-19 14:33:01,42,0,0,8151
2026-09-19 14:33:11,42,0,0,8151
2026-09-19 14:33:22,42,0,0,8151
2026-09-19 14:33:33,42,0,0,8151
2026-09-19 14:33:44,42,0,0,8151
2026-09-19 14:33:54,42,0,0,8151
2026-09-19 14:34:05,42,0,0,8151
2026-09-19 14:34:16,42,0,0,8151
2026-09-19 14:34:27,42,0,0,8151
2026-09-19 14:34:37,42,0,0,8151
2026-09-19 14:34:48,42,0,0,8151
2026-09-19 14:34:59,42,0,0,8151
2026-09-19 14:35:10,42,0,0,8151
2026-09-19 14:35:20,42,0,0,8151
2026-09-19 14:35:31,42,0,0,8151
2026-09-19 14:35:42,42,0,0,8151
2026-09-19 14:35:53,42,0,0,8151
2026-09-19 14:36:03,42,0,0,8151
2026-09-19 14:36:14,42,0,0,8151
2026-09-19 14:36:25,42,0,0,8151
2026-09-19 14:36:36,42,0,0,8151
2026-09-19 14:36:46,42,0,0,8151
2026-09-19 14:36:57,42,0,0,8151
2026-09-19 14:37:08,42,0,0,8151
2026-09-19 14:37:19,42,0,0,8151
2026-09-19 14:37:29,42,0,0,8151
2026-09-19 14:37:40,42,0,0,8151
2026-09-19 14:37:51,42,0,0,8151
2026-09-19 14:38:01,42,0,0,8151
2026-09-19 14:38:12,42,0,0,8151
2026-09-19 14:38:23,42,0,0,8151
2026-09-19 14:38:34,42,0,0,8151
2026-09-19 14:38:44,42,0,0,8151
2026-09-19 14:38:55,42,0,0,8151
2026-09-19 14:39:06,42,0,0,8151
2026-09-19 14:39:17,42,0,0,8151
2026-09-19 14:39:27,42,0,0,8151
2026-09-19 14:39:38,42,0,0,8151
2026-09-19 14:39:49,42,0,0,8151
2026-09-19 14:40:00,42,0,0,8151
2026-09-19 14:40:10,42,0,0,8151
2026-09-19 14:40:21,42,0,0,8151
2026-09-19 14:40:32,42,0,0,8151
2026-09-19 14:40:43,42,0,0,8151
2026-09-19 14:40:53,42,0,0,8151
2026-09-19 14:41:04,42,0,0,8151
2026-09-19 14:41:15,42,0,0,8151
2026-09-19 14:41:26,42,0,0,8151
2026-09-19 14:41:36,42,0,0,8151
2026-09-19 14:41:47,42,0,0,8151
2026-09-19 14:41:58,42,0,0,8151
2026-09-19 14:42:09,42,0,0,8151
2026-09-19 14:42:19,42,0,0,8151
2026-09-19 14:42:30,42,0,0,8151
2026-09-19 14:42:41,42,0,0,8151
2026-09-19 14:42:52,42,0,0,8151
2026-09-19 14:43:02,42,0,0,8151
2026-09-19 14:43:12,42,0,0,8151
2026-09-19 14:43:23,42,0,0,8151
2026-09-19 14:43:34,42,0,0,8151
2026-09-19 14:43:45,42,0,0,8151
2026-09-19 14:43:56,42,0,0,8151
2026-09-19 14:44:06,42,0,0,8151
2026-09-19 14:44:17,42,0,0,8151
2026-09-19 14:44:28,42,0,0,8151
2026-09-19 14:44:39,42,0,0,8151
2026-09-19 14:44:49,42,0,0,8151
2026-09-19 14:45:00,42,0,0,8151
2026-09-19 14:45:11,42,0,0,8151
2026-09-19 14:45:22,42,0,0,8151
2026-09-19 14:45:32,42,0,0,8151
2026-09-19 14:45:43,42,0,0,8151
2026-09-19 14:45:54,42,0,0,8151
2026-09-19 14:46:04,42,0,0,8151
2026-09-19 14:46:15,42,0,0,8151
2026-09-19 14:46:26,42,0,0,8151
2026-09-19 14:46:37,42,0,0,8151
2026-09-19 14:46:48,42,0,0,8151
2026-09-19 14:46:58,42,0,0,8151
2026-09-19 14:47:09,42,0,0,8151
2026-09-19 14:47:20,42,0,0,8151
2026-09-19 14:47:31,42,0,0,8151
2026-09-19 14:47:41,42,0,0,8151
2026-09-19 14:47:52,42,0,0,8151
2026-09-19 14:48:03,42,0,0,8151
2026-09-19 14:48:14,42,0,0,8151
2026-09-19 14:48:24,42,0,0,8151
2026-09-19 14:48:35,42,0,0,8151
2026-09-19 14:48:46,42,0,0,8151
2026-09-19 14:48:57,42,0,0,8151
2026-09-19 14:49:07,42,0,0,8151
2026-09-19 14:49:18,42,0,0,8151
2026-09-19 14:49:29,42,0,0,8151
2026-09-19 14:49:40,42,0,0,8151
2026-09-19 14:49:50,42,0,0,8151
2026-09-19 14:50:01,42,0,0,8151
2026-09-19 14:50:12,42,0,0,8151
2026-09-19 14:50:23,42,0,0,8151
2026-09-19 14:50:33,42,0,0,8151
2026-09-19 14:50:44,42,0,0,8151
2026-09-19 14:50:55,42,0,0,8151
2026-09-19 14:51:06,42,0,0,8151
2026-09-19 14:51:16,42,0,0,8151
2026-09-19 14:51:27,42,0,0,8151
2026-09-19 14:51:38,42,0,0,8151
2026-09-19 14:51:49,42,0,0,8151
2026-09-19 14:51:59,42,0,0,8151
2026-09-19 14:52:10,42,0,0,8151
2026-09-19 14:52:21,42,0,0,8151
2026-09-19 14:52:31,42,0,0,8151
2026-09-19 14:52:42,42,0,0,8151
2026-09-19 14:52:53,42,0,0,8151
2026-09-19 14:53:04,42,0,0,8151
2026-09-19 14:53:14,42,0,0,8151
2026-09-19 14:53:25,42,0,0,8151
2026-09-19 14:53:36,42,0,0,8151
2026-09-19 14:53:47,42,0,0,8151
2026-09-19 14:53:57,42,0,0,8151
2026-09-19 14:54:08,42,0,0,8151
2026-09-19 14:54:19,42,0,0,8151
2026-09-19 14:54:30,42,0,0,8151
2026-09-19 14:54:40,42,0,0,8151
2026-09-19 14:54:51,42,0,0,8151
2026-09-19 14:55:02,42,0,0,8151
2026-09-19 14:55:13,42,0,0,8151
2026-09-19 14:55:23,42,0,0,8151
2026-09-19 14:55:34,42,0,0,8151
2026-09-19 14:55:45,42,0,0,8151
2026-09-19 14:55:56,42,0,0,8151
2026-09-19 14:56:06,42,0,0,8151
2026-09-19 14:56:17,42,0,0,8151
2026-09-19 14:56:28,42,0,0,8151
2026-09-19 14:56:39,42,0,0,8151
2026-09-19 14:56:49,42,0,0,8151
2026-09-19 14:57:00,42,0,0,8151
2026-09-19 14:57:11,42,0,0,8151
2026-09-19 14:57:22,42,0,0,8151
2026-09-19 14:57:32,42,0,0,8151
2026-09-19 14:57:43,42,0,0,8151
2026-09-19 14:57:54,42,0,0,8151
2026-09-19 14:58:05,42,0,0,8151
2026-09-19 14:58:15,42,0,0,8151
2026-09-19 14:58:26,42,0,0,8151
2026-09-19 14:58:37,42,0,0,8151
2026-09-19 14:58:48,42,0,0,8151
2026-09-19 14:58:58,42,0,0,8151
2026-09-19 14:59:09,42,0,0,8151
2026-09-19 14:59:20,42,0,0,8151
2026-09-19 14:59:30,42,0,0,8151
2026-09-19 14:59:41,42,0,0,8151
2026-09-19 14:59:52,42,0,0,8151
2026-09-19 15:00:03,42,0,0,8151
2026-09-19 15:00:13,42,0,0,8151
2026-09-19 15:00:24,42,0,0,8151
2026-09-19 15:00:35,42,0,0,8151
2026-09-19 15:00:46,42,0,0,8151
2026-09-19 15:00:56,42,0,0,8151
2026-09-19 15:01:07,42,0,0,8151
2026-09-19 15:01:18,42,0,0,8151
2026-09-19 15:01:29,42,0,0,8151
2026-09-19 15:01:39,42,0,0,8151
2026-09-19 15:01:50,42,0,0,8151
2026-09-19 15:02:01,42,0,0,8151
2026-09-19 15:02:12,42,0,0,8151
2026-09-19 15:02:22,42,0,0,8151
2026-09-19 15:02:33,42,0,0,8151
2026-09-19 15:02:44,42,0,0,8151
2026-09-19 15:02:55,42,0,0,8151
2026-09-19 15:03:05,42,0,0,8151
2026-09-19 15:03:16,42,0,0,8151
2026-09-19 15:03:27,42,0,0,8151
2026-09-19 15:03:38,42,0,0,8151
2026-09-19 15:03:48,42,0,0,8151
2026-09-19 15:03:59,42,0,0,8151
2026-09-19 15:04:10,42,0,0,8151
2026-09-19 15:04:21,42,0,0,8151
2026-09-19 15:04:31,42,0,0,8151
2026-09-19 15:04:42,42,0,0,8151
2026-09-19 15:04:53,42,0,0,8151
2026-09-19 15:05:04,42,0,0,8151
2026-09-19 15:05:14,42,0,0,8151
2026-09-19 15:05:25,42,0,0,8151
2026-09-19 15:05:36,42,0,0,8151
2026-09-19 15:05:47,42,0,0,8151
2026-09-19 15:05:57,42,0,0,8151
2026-09-19 15:06:08,42,0,0,8151
2026-09-19 15:06:19,42,0,0,8151
2026-09-19 15:06:30,42,0,0,8151
2026-09-19 15:06:40,42,0,0,8151
2026-09-19 15:06:51,42,0,0,8151
2026-09-19 15:07:02,42,0,0,8151
2026-09-19 15:07:13,42,0,0,8151
2026-09-19 15:07:23,42,0,0,8151
2026-09-19 15:07:34,42,0,0,8151
2026-09-19 15:07:45,42,0,0,8151
2026-09-19 15:07:56,42,0,0,8151
2026-09-19 15:08:06,42,0,0,8151
2026-09-19 15:08:17,42,0,0,8151
2026-09-19 15:08:28,42,0,0,8151
2026-09-19 15:08:39,42,0,0,8151
2026-09-19 15:08:49,42,0,0,8151
2026-09-19 15:09:00,42,0,0,8151
2026-09-19 15:09:11,42,0,0,8151
2026-09-19 15:09:22,42,0,0,8151
2026-09-19 15:09:32,42,0,0,8151
2026-09-19 15:09:43,42,0,0,8151
2026-09-19 15:09:54,42,0,0,8151
2026-09-19 15:10:05,42,0,0,8151
2026-09-19 15:10:15,42,0,0,8151
2026-09-19 15:10:26,42,0,0,8151
2026-09-19 15:10:37,42,0,0,8151
2026-09-19 15:10:48,42,0,0,8151
2026-09-19 15:10:58,42,0,0,8151
2026-09-19 15:11:09,42,0,0,8151
2026-09-19 15:11:20,42,0,0,8151
2026-09-19 15:11:31,42,0,0,8151
2026-09-19 15:11:41,42,0,0,8151
2026-09-19 15:11:52,42,0,0,8151
2026-09-19 15:12:03,42,0,0,8151
2026-09-19 15:12:14,42,0,0,8151
2026-09-19 15:12:24,42,0,0,8151
2026-09-19 15:12:35,42,0,0,8151
2026-09-19 15:12:46,42,0,0,8151
2026-09-19 15:12:56,42,0,0,8151
2026-09-19 15:13:07,42,0,0,8151
2026-09-19 15:13:18,42,0,0,8151
2026-09-19 15:13:29,42,0,0,8151
2026-09-19 15:13:39,42,0,0,8151
2026-09-19 15:13:50,42,0,0,8151
2026-09-19 15:14:01,42,0,0,8151
2026-09-19 15:14:12,42,0,0,8151
2026-09-19 15:14:22,42,0,0,8151
2026-09-19 15:14:33,42,0,0,8151
2026-09-19 15:14:44,42,0,0,8151
2026-09-19 15:14:55,42,0,0,8151
2026-09-19 15:15:05,42,0,0,8151
2026-09-19 15:15:16,42,0,0,8151
2026-09-19 15:15:27,42,0,0,8151
2026-09-19 15:15:38,42,0,0,8151
2026-09-19 15:15:48,42,0,0,8151
2026-09-19 15:15:59,42,0,0,8151
2026-09-19 15:16:10,42,0,0,8151
2026-09-19 15:16:21,42,0,0,8151
2026-09-19 15:16:31,42,0,0,8151
2026-09-19 15:16:42,42,0,0,8151
2026-09-19 15:16:53,42,0,0,8151
2026-09-19 15:17:04,42,0,0,8151
2026-09-19 15:17:14,42,0,0,8151
2026-09-19 15:17:25,42,0,0,8151
2026-09-19 15:17:36,42,0,0,8151
2026-09-19 15:17:47,42,0,0,8151
2026-09-19 15:17:57,42,0,0,8151
2026-09-19 15:18:08,42,0,0,8151
2026-09-19 15:18:19,42,0,0,8151
2026-09-19 15:18:30,42,0,0,8151
2026-09-19 15:18:40,42,0,0,8151
2026-09-19 15:18:51,42,0,0,8151
2026-09-19 15:19:02,42,0,0,8151
2026-09-19 15:19:13,42,0,0,8151
2026-09-19 15:19:23,42,0,0,8151
2026-09-19 15:19:34,42,0,0,8151
2026-09-19 15:19:45,42,0,0,8151
2026-09-19 15:19:56,42,0,0,8151
2026-09-19 15:20:06,42,0,0,8151
2026-09-19 15:20:17,42,0,0,8151
2026-09-19 15:20:28,42,0,0,8151
2026-09-19 15:20:39,42,0,0,8151
2026-09-19 15:20:49,42,0,0,8151
2026-09-19 15:21:00,42,0,0,8151
2026-09-19 15:21:11,42,0,0,8151
2026-09-19 15:21:22,42,0,0,8151
2026-09-19 15:21:32,42,0,0,8151
2026-09-19 15:21:43,42,0,0,8151
2026-09-19 15:21:54,42,0,0,8151
2026-09-19 15:22:05,42,0,0,8151
2026-09-19 15:22:15,42,0,0,8151
2026-09-19 15:22:26,42,0,0,8151
2026-09-19 15:22:37,42,0,0,8151
2026-09-19 15:22:48,42,0,0,8151
2026-09-19 15:22:58,42,0,0,8151
2026-09-19 15:23:09,42,0,0,8151
2026-09-19 15:23:20,42,0,0,8151
2026-09-19 15:23:31,42,0,0,8151
2026-09-19 15:23:41,42,0,0,8151
2026-09-19 15:23:52,42,0,0,8151
2026-09-19 15:24:03,42,0,0,8151
2026-09-19 15:24:14,42,0,0,8151
2026-09-19 15:24:24,42,0,0,8151
2026-09-19 15:24:35,42,0,0,8151
2026-09-19 15:24:46,42,0,0,8151
2026-09-19 15:24:57,42,0,0,8151
2026-09-19 15:25:07,42,0,0,8151
2026-09-19 15:25:18,42,0,0,8151
2026-09-19 15:25:29,42,0,0,8151
2026-09-19 15:25:39,42,0,0,8151
2026-09-19 15:25:50,42,0,0,8151
2026-09-19 15:26:01,42,0,0,8151
2026-09-19 15:26:12,42,0,0,8151
2026-09-19 15:26:22,42,0,0,8151
2026-09-19 15:26:33,42,0,0,8151
2026-09-19 15:26:44,42,0,0,8151
2026-09-19 15:26:55,42,0,0,8151
2026-09-19 15:27:05,42,0,0,8151
2026-09-19 15:27:16,42,0,0,8151
2026-09-19 15:27:27,42,0,0,8151
2026-09-19 15:27:38,42,0,0,8151
2026-09-19 15:27:48,42,0,0,8151
2026-09-19 15:27:59,42,0,0,8151
2026-09-19 15:28:10,42,0,0,8151
2026-09-19 15:28:21,42,0,0,8151
2026-09-19 15:28:31,42,0,0,8151
2026-09-19 15:28:42,42,0,0,8151
2026-09-19 15:28:53,42,0,0,8151
2026-09-19 15:29:04,42,0,0,8151
2026-09-19 15:29:14,42,0,0,8151
2026-09-19 15:29:25,42,0,0,8151
2026-09-19 15:29:36,42,0,0,8151
2026-09-19 15:29:47,42,0,0,8151
2026-09-19 15:29:57,42,0,0,8151
2026-09-19 15:30:08,42,0,0,8151
2026-09-19 15:30:19,42,0,0,8151
2026-09-19 15:30:30,42,0,0,8151
2026-09-19 15:30:40,42,0,0,8151
2026-09-19 15:30:51,42,0,0,8151
2026-09-19 15:31:02,42,0,0,8151
2026-09-19 15:31:12,42,0,0,8151
2026-09-19 15:31:23,42,0,0,8151
2026-09-19 15:31:34,42,0,0,8151
2026-09-19 15:31:45,42,0,0,8151
2026-09-19 15:31:55,42,0,0,8151
2026-09-19 15:32:06,42,0,0,8151
2026-09-19 15:32:17,42,0,0,8151
2026-09-19 15:32:28,42,0,0,8151
2026-09-19 15:32:38,42,0,0,8151
2026-09-19 15:32:49,42,0,0,8151
2026-09-19 15:33:00,42,0,0,8151
2026-09-19 15:33:11,42,0,0,8151
2026-09-19 15:33:21,42,0,0,8151
2026-09-19 15:33:32,42,0,0,8151
2026-09-19 15:33:43,42,0,0,8151
2026-09-19 15:33:54,42,0,0,8151
2026-09-19 15:34:04,42,0,0,8151
2026-09-19 15:34:15,42,0,0,8151
2026-09-19 15:34:26,42,0,0,8151
2026-09-19 15:34:37,42,0,0,8151
2026-09-19 15:34:47,42,0,0,8151
2026-09-19 15:34:58,42,0,0,8151
2026-09-19 15:35:09,42,0,0,8151
2026-09-19 15:35:20,42,0,0,8151
2026-09-19 15:35:30,42,0,0,8151
2026-09-19 15:35:41,42,0,0,8151
2026-09-19 15:35:52,42,0,0,8151
2026-09-19 15:36:03,42,0,0,8151
2026-09-19 15:36:13,42,0,0,8151
2026-09-19 15:36:24,42,0,0,8151
2026-09-19 15:36:35,42,0,0,8151
2026-09-19 15:36:46,42,0,0,8151
2026-09-19 15:36:56,42,0,0,8151
2026-09-19 15:37:07,42,0,0,8151
2026-09-19 15:37:18,42,0,0,8151
2026-09-19 15:37:29,42,0,0,8151
2026-09-19 15:37:39,42,0,0,8151
2026-09-19 15:37:50,42,0,0,8151
2026-09-19 15:38:01,42,0,0,8151
2026-09-19 15:38:12,42,0,0,8151
2026-09-19 15:38:22,42,0,0,8151
2026-09-19 15:38:33,42,0,0,8151
2026-09-19 15:38:44,42,0,0,8151
2026-09-19 15:38:54,42,0,0,8151
2026-09-19 15:39:05,42,0,0,8151
2026-09-19 15:39:16,42,0,0,8151
2026-09-19 15:39:27,42,0,0,8151
2026-09-19 15:39:37,42,0,0,8151
2026-09-19 15:39:48,42,0,0,8151
2026-09-19 15:39:59,42,0,0,8151
2026-09-19 15:40:10,42,0,0,8151
2026-09-19 15:40:20,42,0,0,8151
2026-09-19 15:40:31,42,0,0,8151
2026-09-19 15:40:42,42,0,0,8151
2026-09-19 15:40:53,42,0,0,8151
2026-09-19 15:41:03,42,0,0,8151
2026-09-19 15:41:14,42,0,0,8151
2026-09-19 15:41:25,42,0,0,8151
2026-09-19 15:41:36,42,0,0,8151
2026-09-19 15:41:46,42,0,0,8151
2026-09-19 15:41:57,42,0,0,8151
2026-09-19 15:42:08,42,0,0,8151
2026-09-19 15:42:19,42,0,0,8151
2026-09-19 15:42:29,42,0,0,8151
2026-09-19 15:42:40,42,0,0,8151
2026-09-19 15:42:51,42,0,0,8151
2026-09-19 15:43:02,42,0,0,8151
2026-09-19 15:43:12,42,0,0,8151
2026-09-19 15:43:23,42,0,0,8151
2026-09-19 15:43:34,42,0,0,8151
2026-09-19 15:43:45,42,0,0,8151
2026-09-19 15:43:55,42,0,0,8151
2026-09-19 15:44:06,42,0,0,8151
2026-09-19 15:44:17,42,0,0,8151
2026-09-19 15:44:28,42,0,0,8151
2026-09-19 15:44:38,42,0,0,8151
2026-09-19 15:44:49,42,0,0,8151
2026-09-19 15:45:00,42,0,0,8151
2026-09-19 15:45:11,42,0,0,8151
2026-09-19 15:45:21,42,0,0,8151
2026-09-19 15:45:32,42,0,0,8151
2026-09-19 15:45:43,42,0,0,8151
2026-09-19 15:45:54,42,0,0,8151
2026-09-19 15:46:04,42,0,0,8151
2026-09-19 15:46:15,42,0,0,8151
2026-09-19 15:46:26,42,0,0,8151
2026-09-19 15:46:37,42,0,0,8151
2026-09-19 15:46:47,42,0,0,8151
2026-09-19 15:46:58,42,0,0,8151
2026-09-19 15:47:09,42,0,0,8151
2026-09-19 15:47:20,42,0,0,8151
2026-09-19 15:47:30,42,0,0,8151
2026-09-19 15:47:41,42,0,0,8151
2026-09-19 15:47:52,42,0,0,8151
2026-09-19 15:48:03,42,0,0,8151
2026-09-19 15:48:13,42,0,0,8151
2026-09-19 15:48:24,42,0,0,8151
2026-09-19 15:48:35,42,0,0,8151
2026-09-19 15:48:46,42,0,0,8151
2026-09-19 15:48:56,42,0,0,8151
2026-09-19 15:49:07,42,0,0,8151
2026-09-19 15:49:18,42,0,0,8151
2026-09-19 15:49:29,42,0,0,8151
2026-09-19 15:49:39,42,0,0,8151
2026-09-19 15:49:50,42,0,0,8151
2026-09-19 15:50:01,42,0,0,8151
2026-09-19 15:50:12,42,0,0,8151
2026-09-19 15:50:22,42,0,0,8151
2026-09-19 15:50:33,42,0,0,8151
2026-09-19 15:50:44,42,0,0,8151
2026-09-19 15:50:55,42,0,0,8151
2026-09-19 15:51:05,42,0,0,8151
2026-09-19 15:51:16,42,0,0,8151
2026-09-19 15:51:27,42,0,0,8151
2026-09-19 15:51:38,42,0,0,8151
2026-09-19 15:51:48,42,0,0,8151
2026-09-19 15:51:59,42,0,0,8151
2026-09-19 15:52:10,42,0,0,8151
2026-09-19 15:52:21,42,0,0,8151
2026-09-19 15:52:31,42,0,0,8151
2026-09-19 15:52:42,42,0,0,8151
2026-09-19 15:52:53,42,0,0,8151
2026-09-19 15:53:04,42,0,0,8151
2026-09-19 15:53:14,42,0,0,8151
2026-09-19 15:53:25,42,0,0,8151
2026-09-19 15:53:36,42,0,0,8151
2026-09-19 15:53:47,42,0,0,8151
2026-09-19 15:53:57,42,0,0,8151
2026-09-19 15:54:08,42,0,0,8151
2026-09-19 15:54:19,42,0,0,8151
2026-09-19 15:54:30,42,0,0,8151
2026-09-19 15:54:40,42,0,0,8151
2026-09-19 15:54:51,42,0,0,8151
2026-09-19 15:55:02,42,0,0,8151
2026-09-19 15:55:13,42,0,0,8151
2026-09-19 15:55:23,42,0,0,8151
2026-09-19 15:55:34,42,0,0,8151
2026-09-19 15:55:45,42,0,0,8151
2026-09-19 15:55:56,42,0,0,8151
2026-09-19 15:56:06,42,0,0,8151
2026-09-19 15:56:17,42,0,0,8151
2026-09-19 15:56:28,42,0,0,8151
2026-09-19 15:56:39,42,0,0,8151
2026-09-19 15:56:49,42,0,0,8151
2026-09-19 15:57:00,42,0,0,8151
2026-09-19 15:57:11,42,0,0,8151
2026-09-19 15:57:22,42,0,0,8151
2026-09-19 15:57:32,42,0,0,8151
2026-09-19 15:57:43,42,0,0,8151
2026-09-19 15:57:54,42,0,0,8151
2026-09-19 15:58:04,42,0,0,8151
2026-09-19 15:58:15,42,0,0,8151
2026-09-19 15:58:26,42,0,0,8151
2026-09-19 15:58:37,42,0,0,8151
2026-09-19 15:58:48,42,0,0,8151
2026-09-19 15:58:58,42,0,0,8151
2026-09-19 15:59:09,42,0,0,8151
2026-09-19 15:59:20,42,0,0,8151
2026-09-19 15:59:30,42,0,0,8151
2026-09-19 15:59:41,42,0,0,8151
2026-09-19 15:59:52,42,0,0,8151
2026-09-19 16:00:03,42,0,0,8151
2026-09-19 16:00:13,42,0,0,8151
2026-09-19 16:00:24,42,0,0,8151
2026-09-19 16:00:35,42,0,0,8151
2026-09-19 16:00:46,42,0,0,8151
2026-09-19 16:00:56,42,0,0,8151
2026-09-19 16:01:07,42,0,0,8151
2026-09-19 16:01:18,42,0,0,8151
2026-09-19 16:01:29,42,0,0,8151
2026-09-19 16:01:39,42,0,0,8151
2026-09-19 16:01:50,42,0,0,8151
2026-09-19 16:02:01,42,0,0,8151
2026-09-19 16:02:12,42,0,0,8151
2026-09-19 16:02:22,42,0,0,8151
2026-09-19 16:02:33,42,0,0,8151
2026-09-19 16:02:44,42,0,0,8151
2026-09-19 16:02:55,42,0,0,8151
2026-09-19 16:03:05,42,0,0,8151
2026-09-19 16:03:16,42,0,0,8151
2026-09-19 16:03:27,42,0,0,8151
2026-09-19 16:03:38,42,0,0,8151
2026-09-19 16:03:48,42,0,0,8151
2026-09-19 16:03:59,42,0,0,8151
2026-09-19 16:04:10,42,0,0,8151
2026-09-19 16:04:21,42,0,0,8151
2026-09-19 16:04:31,42,0,0,8151
2026-09-19 16:04:42,42,0,0,8151
2026-09-19 16:04:53,42,0,0,8151
2026-09-19 16:05:04,42,0,0,8151
2026-09-19 16:05:14,42,0,0,8151
2026-09-19 16:05:25,42,0,0,8151
2026-09-19 16:05:36,42,0,0,8151
2026-09-19 16:05:47,42,0,0,8151
2026-09-19 16:05:57,42,0,0,8151
2026-09-19 16:06:08,42,0,0,8151
2026-09-19 16:06:19,42,0,0,8151
2026-09-19 16:06:30,42,0,0,8151
2026-09-19 16:06:40,42,0,0,8151
2026-09-19 16:06:51,42,0,0,8151
2026-09-19 16:07:02,42,0,0,8151
2026-09-19 16:07:13,42,0,0,8151
2026-09-19 16:07:23,42,0,0,8151
2026-09-19 16:07:34,42,0,0,8151
2026-09-19 16:07:45,42,0,0,8151
2026-09-19 16:07:55,42,0,0,8151
2026-09-19 16:08:06,42,0,0,8151
2026-09-19 16:08:17,42,0,0,8151
2026-09-19 16:08:28,42,0,0,8151
2026-09-19 16:08:39,42,0,0,8151
2026-09-19 16:08:49,42,0,0,8151
2026-09-19 16:09:00,42,0,0,8151
2026-09-19 16:09:11,42,0,0,8151
2026-09-19 16:09:22,42,0,0,8151
2026-09-19 16:09:32,42,0,0,8151
2026-09-19 16:09:43,42,0,0,8151
2026-09-19 16:09:54,42,0,0,8151
2026-09-19 16:10:04,42,0,0,8151
2026-09-19 16:10:15,42,0,0,8151
2026-09-19 16:10:26,42,0,0,8151
2026-09-19 16:10:37,42,0,0,8151
2026-09-19 16:10:47,42,0,0,8151
2026-09-19 16:10:58,42,0,0,8151
2026-09-19 16:11:09,42,0,0,8151
2026-09-19 16:11:20,42,0,0,8151
2026-09-19 16:11:30,42,0,0,8151
2026-09-19 16:11:41,42,0,0,8151
2026-09-19 16:11:52,42,0,0,8151
2026-09-19 16:12:03,42,0,0,8151
2026-09-19 16:12:13,42,0,0,8151
2026-09-19 16:12:24,42,0,0,8151
2026-09-19 16:12:35,42,0,0,8151
2026-09-19 16:12:46,42,0,0,8151
2026-09-19 16:12:56,42,0,0,8151
2026-09-19 16:13:07,42,0,0,8151
2026-09-19 16:13:18,42,0,0,8151
2026-09-19 16:13:29,42,0,0,8151
2026-09-19 16:13:39,42,0,0,8151
2026-09-19 16:13:50,42,0,0,8151
2026-09-19 16:14:01,42,0,0,8151
2026-09-19 16:14:12,42,0,0,8151
2026-09-19 16:14:22,42,0,0,8151
2026-09-19 16:14:33,42,0,0,8151
2026-09-19 16:14:44,42,0,0,8151
2026-09-19 16:14:55,42,0,0,8151
2026-09-19 16:15:05,42,0,0,8151
2026-09-19 16:15:16,42,0,0,8151
2026-09-19 16:15:27,42,0,0,8151
2026-09-19 16:15:37,42,0,0,8151
2026-09-19 16:15:48,42,0,0,8151
2026-09-19 16:15:59,42,0,0,8151
2026-09-19 16:16:10,42,0,0,8151
2026-09-19 16:16:20,42,0,0,8151
2026-09-19 16:16:31,42,0,0,8151
2026-09-19 16:16:42,42,0,0,8151
2026-09-19 16:16:53,42,0,0,8151
2026-09-19 16:17:03,42,0,0,8151
2026-09-19 16:17:14,42,0,0,8151
2026-09-19 16:17:25,42,0,0,8151
2026-09-19 16:17:36,42,0,0,8151
2026-09-19 16:17:46,42,0,0,8151
2026-09-19 16:17:57,42,0,0,8151
2026-09-19 16:18:08,42,0,0,8151
2026-09-19 16:18:19,42,0,0,8151
2026-09-19 16:18:30,42,0,0,8151
2026-09-19 16:18:40,42,0,0,8151
2026-09-19 16:18:51,42,0,0,8151
2026-09-19 16:19:02,42,0,0,8151
2026-09-19 16:19:12,42,0,0,8151
2026-09-19 16:19:23,42,0,0,8151
2026-09-19 16:19:34,42,0,0,8151
2026-09-19 16:19:45,42,0,0,8151
2026-09-19 16:19:55,42,0,0,8151
2026-09-19 16:20:06,42,0,0,8151
2026-09-19 16:20:17,42,0,0,8151
2026-09-19 16:20:28,42,0,0,8151
2026-09-19 16:20:38,42,0,0,8151
2026-09-19 16:20:49,42,0,0,8151
2026-09-19 16:21:00,42,0,0,8151
2026-09-19 16:21:11,42,0,0,8151
2026-09-19 16:21:21,42,0,0,8151
2026-09-19 16:21:32,42,0,0,8151
2026-09-19 16:21:43,42,0,0,8151
2026-09-19 16:21:54,42,0,0,8151
2026-09-19 16:22:04,42,0,0,8151
2026-09-19 16:22:15,42,0,0,8151
2026-09-19 16:22:26,42,0,0,8151
2026-09-19 16:22:37,42,0,0,8151
2026-09-19 16:22:47,42,0,0,8151
2026-09-19 16:22:58,42,0,0,8151
2026-09-19 16:23:09,42,0,0,8151
2026-09-19 16:23:20,42,0,0,8151
2026-09-19 16:23:30,42,0,0,8151
2026-09-19 16:23:41,42,0,0,8151
2026-09-19 16:23:52,42,0,0,8151
2026-09-19 16:24:03,42,0,0,8151
2026-09-19 16:24:13,42,0,0,8151
2026-09-19 16:24:24,42,0,0,8151
2026-09-19 16:24:35,42,0,0,8151
2026-09-19 16:24:46,42,0,0,8151
2026-09-19 16:24:56,42,0,0,8151
2026-09-19 16:25:07,42,0,0,8151
2026-09-19 16:25:18,42,0,0,8151
2026-09-19 16:25:28,42,0,0,8151
2026-09-19 16:25:39,42,0,0,8151
2026-09-19 16:25:50,42,0,0,8151
2026-09-19 16:26:01,42,0,0,8151
2026-09-19 16:26:11,42,0,0,8151
2026-09-19 16:26:22,42,0,0,8151
2026-09-19 16:26:33,42,0,0,8151
2026-09-19 16:26:44,42,0,0,8151
2026-09-19 16:26:54,42,0,0,8151
2026-09-19 16:27:05,42,0,0,8151
2026-09-19 16:27:16,42,0,0,8151
2026-09-19 16:27:27,42,0,0,8151
2026-09-19 16:27:37,42,0,0,8151
2026-09-19 16:27:48,42,0,0,8151
2026-09-19 16:27:59,42,0,0,8151
2026-09-19 16:28:10,42,0,0,8151
2026-09-19 16:28:20,42,0,0,8151
2026-09-19 16:28:31,42,0,0,8151
2026-09-19 16:28:42,42,0,0,8151
2026-09-19 16:28:53,42,0,0,8151
2026-09-19 16:29:03,42,0,0,8151
2026-09-19 16:29:14,42,0,0,8151
2026-09-19 16:29:25,42,0,0,8151
2026-09-19 16:29:36,42,0,0,8151
2026-09-19 16:29:46,42,0,0,8151
2026-09-19 16:29:57,42,0,0,8151
2026-09-19 16:30:08,42,0,0,8151
2026-09-19 16:30:19,42,0,0,8151
2026-09-19 16:30:29,42,0,0,8151
2026-09-19 16:30:40,42,0,0,8151
2026-09-19 16:30:51,42,0,0,8151
2026-09-19 16:31:02,42,0,0,8151
2026-09-19 16:31:12,42,0,0,8151
2026-09-19 16:31:23,42,0,0,8151
2026-09-19 16:31:34,42,0,0,8151
2026-09-19 16:31:45,42,0,0,8151
2026-09-19 16:31:55,42,0,0,8151
2026-09-19 16:32:06,42,0,0,8151
2026-09-19 16:32:17,42,0,0,8151
2026-09-19 16:32:28,42,0,0,8151
2026-09-19 16:32:38,42,0,0,8151
2026-09-19 16:32:49,42,0,0,8151
2026-09-19 16:33:00,42,0,0,8151
2026-09-19 16:33:11,42,0,0,8151
2026-09-19 16:33:21,42,0,0,8151
2026-09-19 16:33:32,42,0,0,8151
2026-09-19 16:33:43,42,0,0,8151
2026-09-19 16:33:54,42,0,0,8151
2026-09-19 16:34:04,42,0,0,8151
2026-09-19 16:34:15,42,0,0,8151
2026-09-19 16:34:26,42,0,0,8151
2026-09-19 16:34:37,42,0,0,8151
2026-09-19 16:34:47,42,0,0,8151
2026-09-19 16:34:58,42,0,0,8151
2026-09-19 16:35:09,42,0,0,8151
2026-09-19 16:35:20,42,0,0,8151
2026-09-19 16:35:30,42,0,0,8151
2026-09-19 16:35:41,42,0,0,8151
2026-09-19 16:35:52,42,0,0,8151
2026-09-19 16:36:03,42,0,0,8151
2026-09-19 16:36:13,42,0,0,8151
2026-09-19 16:36:24,42,0,0,8151
2026-09-19 16:36:35,42,0,0,8151
2026-09-19 16:36:45,42,0,0,8151
2026-09-19 16:36:56,42,0,0,8151
2026-09-19 16:37:07,42,0,0,8151
2026-09-19 16:37:18,42,0,0,8151
2026-09-19 16:37:28,42,0,0,8151
2026-09-19 16:37:39,42,0,0,8151
2026-09-19 16:37:50,42,0,0,8151
2026-09-19 16:38:01,42,0,0,8151
2026-09-19 16:38:11,42,0,0,8151
2026-09-19 16:38:22,42,0,0,8151
2026-09-19 16:38:33,42,0,0,8151
2026-09-19 16:38:44,42,0,0,8151
2026-09-19 16:38:54,42,0,0,8151
2026-09-19 16:39:05,42,0,0,8151
2026-09-19 16:39:16,42,0,0,8151
2026-09-19 16:39:27,42,0,0,8151
2026-09-19 16:39:37,42,0,0,8151
2026-09-19 16:39:48,42,0,0,8151
2026-09-19 16:39:59,42,0,0,8151
2026-09-19 16:40:10,42,0,0,8151
2026-09-19 16:40:20,42,0,0,8151
2026-09-19 16:40:31,42,0,0,8151
2026-09-19 16:40:42,42,0,0,8151
2026-09-19 16:40:53,42,0,0,8151
2026-09-19 16:41:03,42,0,0,8151
2026-09-19 16:41:14,42,0,0,8151
2026-09-19 16:41:25,42,0,0,8151
2026-09-19 16:41:35,42,0,0,8151
2026-09-19 16:41:46,42,0,0,8151
2026-09-19 16:41:57,42,0,0,8151
2026-09-19 16:42:08,42,0,0,8151
2026-09-19 16:42:18,42,0,0,8151
2026-09-19 16:42:29,42,0,0,8151
2026-09-19 16:42:40,42,0,0,8151
2026-09-19 16:42:51,42,0,0,8151
2026-09-19 16:43:01,42,0,0,8151
2026-09-19 16:43:12,42,0,0,8151
2026-09-19 16:43:23,42,0,0,8151
2026-09-19 16:43:34,42,0,0,8151
2026-09-19 16:43:44,42,0,0,8151
2026-09-19 16:43:55,42,0,0,8151
2026-09-19 16:44:06,42,0,0,8151
2026-09-19 16:44:17,42,0,0,8151
2026-09-19 16:44:27,42,0,0,8151
2026-09-19 16:44:38,42,0,0,8151
2026-09-19 16:44:49,42,0,0,8151
2026-09-19 16:45:00,42,0,0,8151
2026-09-19 16:45:10,42,0,0,8151
2026-09-19 16:45:21,42,0,0,8151
2026-09-19 16:45:32,42,0,0,8151
2026-09-19 16:45:43,42,0,0,8151
2026-09-19 16:45:53,42,0,0,8151
2026-09-19 16:46:04,42,0,0,8151
2026-09-19 16:46:15,42,0,0,8151
2026-09-19 16:46:26,42,0,0,8151
2026-09-19 16:46:36,42,0,0,8151
2026-09-19 16:46:47,42,0,0,8151
2026-09-19 16:46:58,42,0,0,8151
2026-09-19 16:47:09,42,0,0,8151
2026-09-19 16:47:19,42,0,0,8151
2026-09-19 16:47:30,42,0,0,8151
2026-09-19 16:47:41,42,0,0,8151
2026-09-19 16:47:52,42,0,0,8151
2026-09-19 16:48:02,42,0,0,8151
2026-09-19 16:48:12,42,0,0,8151
2026-09-19 16:48:23,42,0,0,8151
2026-09-19 16:48:34,42,0,0,8151
2026-09-19 16:48:45,42,0,0,8151
2026-09-19 16:48:55,42,0,0,8151
2026-09-19 16:49:06,42,0,0,8151
2026-09-19 16:49:17,42,0,0,8151
2026-09-19 16:49:28,42,0,0,8151
2026-09-19 16:49:38,42,0,0,8151
2026-09-19 16:49:49,42,0,0,8151
2026-09-19 16:50:00,42,0,0,8151
2026-09-19 16:50:11,42,0,0,8151
2026-09-19 16:50:21,42,0,0,8151
2026-09-19 16:50:32,42,0,0,8151
2026-09-19 16:50:43,42,0,0,8151
2026-09-19 16:50:54,42,0,0,8151
2026-09-19 16:51:04,42,0,0,8151
2026-09-19 16:51:15,42,0,0,8151
2026-09-19 16:51:26,42,0,0,8151
2026-09-19 16:51:37,42,0,0,8151
2026-09-19 16:51:47,42,0,0,8151
2026-09-19 16:51:58,42,0,0,8151
2026-09-19 16:52:09,42,0,0,8151
2026-09-19 16:52:20,42,0,0,8151
2026-09-19 16:52:30,42,0,0,8151
2026-09-19 16:52:41,42,0,0,8151
2026-09-19 16:52:52,42,0,0,8151
2026-09-19 16:53:02,42,0,0,8151
2026-09-19 16:53:13,42,0,0,8151
2026-09-19 16:53:24,42,0,0,8151
2026-09-19 16:53:35,42,0,0,8151
2026-09-19 16:53:46,42,0,0,8151
2026-09-19 16:53:56,42,0,0,8151
2026-09-19 16:54:07,42,0,0,8151
2026-09-19 16:54:18,42,0,0,8151
2026-09-19 16:54:29,42,0,0,8151
2026-09-19 16:54:39,42,0,0,8151
2026-09-19 16:54:50,42,0,0,8151
2026-09-19 16:55:01,42,0,0,8151
2026-09-19 16:55:12,42,0,0,8151
2026-09-19 16:55:22,42,0,0,8151
2026-09-19 16:55:33,42,0,0,8151
2026-09-19 16:55:44,42,0,0,8151
2026-09-19 16:55:55,42,0,0,8151
2026-09-19 16:56:05,42,0,0,8151
2026-09-19 16:56:16,42,0,0,8151
2026-09-19 16:56:27,42,0,0,8151
2026-09-19 16:56:38,42,0,0,8151
2026-09-19 16:56:48,42,0,0,8151
2026-09-19 16:56:59,42,0,0,8151
2026-09-19 16:57:10,42,0,0,8151
2026-09-19 16:57:21,42,0,0,8151
2026-09-19 16:57:31,42,0,0,8151
2026-09-19 16:57:42,42,0,0,8151
2026-09-19 16:57:53,42,0,0,8151
2026-09-19 16:58:04,42,0,0,8151
2026-09-19 16:58:14,42,0,0,8151
2026-09-19 16:58:25,42,0,0,8151
2026-09-19 16:58:36,42,0,0,8151
2026-09-19 16:58:47,42,0,0,8151
2026-09-19 16:58:57,42,0,0,8151
2026-09-19 16:59:08,42,0,0,8151
2026-09-19 16:59:19,42,0,0,8151
2026-09-19 16:59:30,42,0,0,8151
2026-09-19 16:59:40,42,0,0,8151
2026-09-19 16:59:51,42,0,0,8151
2026-09-19 17:00:02,42,0,0,8151
2026-09-19 17:00:13,42,0,0,8151
2026-09-19 17:00:23,42,0,0,8151
2026-09-19 17:00:34,42,0,0,8151
2026-09-19 17:00:45,42,0,0,8151
2026-09-19 17:00:56,42,0,0,8151
2026-09-19 17:01:06,42,0,0,8151
2026-09-19 17:01:17,42,0,0,8151
2026-09-19 17:01:28,42,0,0,8151
2026-09-19 17:01:39,42,0,0,8151
2026-09-19 17:01:49,42,0,0,8151
2026-09-19 17:02:00,42,0,0,8151
2026-09-19 17:02:11,42,0,0,8151
2026-09-19 17:02:22,42,0,0,8151
2026-09-19 17:02:32,42,0,0,8151
2026-09-19 17:02:43,42,0,0,8151
2026-09-19 17:02:54,42,0,0,8151
2026-09-19 17:03:04,42,0,0,8151
2026-09-19 17:03:15,42,0,0,8151
2026-09-19 17:03:26,42,0,0,8151
2026-09-19 17:03:37,42,0,0,8151
2026-09-19 17:03:48,42,0,0,8151
2026-09-19 17:03:58,42,0,0,8151
2026-09-19 17:04:09,42,0,0,8151
2026-09-19 17:04:20,42,0,0,8151
2026-09-19 17:04:31,42,0,0,8151
2026-09-19 17:04:41,42,0,0,8151
2026-09-19 17:04:52,42,0,0,8151
2026-09-19 17:05:03,42,0,0,8151
2026-09-19 17:05:14,42,0,0,8151
2026-09-19 17:05:24,42,0,0,8151
2026-09-19 17:05:35,42,0,0,8151
2026-09-19 17:05:46,42,0,0,8151
2026-09-19 17:05:56,41,0,0,8151
2026-09-19 17:06:07,41,0,0,8151
2026-09-19 17:06:18,41,0,0,8151
2026-09-19 17:06:29,42,0,0,8151
2026-09-19 17:06:39,41,0,0,8151
2026-09-19 17:06:50,41,0,0,8151
2026-09-19 17:07:01,42,0,0,8151
2026-09-19 17:07:12,42,0,0,8151
2026-09-19 17:07:22,42,0,0,8151
2026-09-19 17:07:33,42,0,0,8151
2026-09-19 17:07:44,42,0,0,8151
2026-09-19 17:07:55,42,0,0,8151
2026-09-19 17:08:05,42,0,0,8151
2026-09-19 17:08:16,42,0,0,8151
2026-09-19 17:08:27,42,0,0,8151
2026-09-19 17:08:38,42,0,0,8151
2026-09-19 17:08:48,42,0,0,8151
2026-09-19 17:08:59,42,0,0,8151
2026-09-19 17:09:10,42,0,0,8151
2026-09-19 17:09:21,42,0,0,8151
2026-09-19 17:09:31,42,0,0,8151
2026-09-19 17:09:42,42,0,0,8151
2026-09-19 17:09:53,42,0,0,8151
2026-09-19 17:10:04,42,0,0,8151
2026-09-19 17:10:14,42,0,0,8151
2026-09-19 17:10:25,42,0,0,8151
2026-09-19 17:10:36,42,0,0,8151
2026-09-19 17:10:47,42,0,0,8151
2026-09-19 17:10:57,42,0,0,8151
2026-09-19 17:11:08,42,0,0,8151
2026-09-19 17:11:19,42,0,0,8151
2026-09-19 17:11:30,42,0,0,8151
2026-09-19 17:11:40,42,0,0,8151
2026-09-19 17:11:51,42,0,0,8151
2026-09-19 17:12:02,42,0,0,8151
2026-09-19 17:12:13,42,0,0,8151
2026-09-19 17:12:23,42,0,0,8151
2026-09-19 17:12:34,42,0,0,8151
2026-09-19 17:12:45,42,0,0,8151
2026-09-19 17:12:56,42,0,0,8151
2026-09-19 17:13:06,42,0,0,8151
2026-09-19 17:13:17,42,0,0,8151
2026-09-19 17:13:28,42,0,0,8151
2026-09-19 17:13:39,42,0,0,8151
2026-09-19 17:13:49,42,0,0,8151
2026-09-19 17:14:00,42,0,0,8151
2026-09-19 17:14:11,42,0,0,8151
2026-09-19 17:14:21,42,0,0,8151
2026-09-19 17:14:32,42,0,0,8151
2026-09-19 17:14:43,42,0,0,8151
2026-09-19 17:14:54,42,0,0,8151
2026-09-19 17:15:04,42,0,0,8151
2026-09-19 17:15:15,42,0,0,8151
2026-09-19 17:15:26,42,0,0,8151
2026-09-19 17:15:37,42,0,0,8151
2026-09-19 17:15:47,42,0,0,8151
2026-09-19 17:15:58,42,0,0,8151
2026-09-19 17:16:09,42,0,0,8151
2026-09-19 17:16:20,42,0,0,8151
2026-09-19 17:16:30,42,0,0,8151
2026-09-19 17:16:41,42,0,0,8151
2026-09-19 17:16:52,42,0,0,8151
2026-09-19 17:17:03,42,0,0,8151
2026-09-19 17:17:13,42,0,0,8151
2026-09-19 17:17:24,42,0,0,8151
2026-09-19 17:17:35,42,0,0,8151
2026-09-19 17:17:46,42,0,0,8151
2026-09-19 17:17:56,42,0,0,8151
2026-09-19 17:18:07,42,0,0,8151
2026-09-19 17:18:18,42,0,0,8151
2026-09-19 17:18:29,42,0,0,8151
2026-09-19 17:18:39,42,0,0,8151
2026-09-19 17:18:50,42,0,0,8151
2026-09-19 17:19:01,42,0,0,8151
2026-09-19 17:19:12,42,0,0,8151
2026-09-19 17:19:22,42,0,0,8151
2026-09-19 17:19:33,42,0,0,8151
2026-09-19 17:19:44,42,0,0,8151
2026-09-19 17:19:55,42,0,0,8151
2026-09-19 17:20:05,42,0,0,8151
2026-09-19 17:20:16,42,0,0,8151
2026-09-19 17:20:27,42,0,0,8151
2026-09-19 17:20:37,42,0,0,8151
2026-09-19 17:20:48,42,0,0,8151
2026-09-19 17:20:59,42,0,0,8151
2026-09-19 17:21:10,42,0,0,8151
2026-09-19 17:21:20,42,0,0,8151
2026-09-19 17:21:31,42,0,0,8151
2026-09-19 17:21:42,42,0,0,8151
2026-09-19 17:21:53,42,0,0,8151
2026-09-19 17:22:03,42,0,0,8151
2026-09-19 17:22:14,42,0,0,8151
2026-09-19 17:22:25,42,0,0,8151
2026-09-19 17:22:36,42,0,0,8151
2026-09-19 17:22:46,42,0,0,8151
2026-09-19 17:22:57,42,0,0,8151
2026-09-19 17:23:08,42,0,0,8151
2026-09-19 17:23:19,42,0,0,8151
2026-09-19 17:23:30,42,0,0,8151
2026-09-19 17:23:40,42,0,0,8151
2026-09-19 17:23:51,42,0,0,8151
2026-09-19 17:24:02,42,0,0,8151
2026-09-19 17:24:13,42,0,0,8151
2026-09-19 17:24:23,42,0,0,8151
2026-09-19 17:24:34,42,0,0,8151
2026-09-19 17:24:45,42,0,0,8151
2026-09-19 17:24:56,42,0,0,8151
2026-09-19 17:25:06,42,0,0,8151
2026-09-19 17:25:17,42,0,0,8151
2026-09-19 17:25:28,43,0,0,8151
2026-09-19 17:25:39,43,0,0,8151
2026-09-19 17:25:49,43,0,0,8151
2026-09-19 17:26:00,43,0,0,8151
2026-09-19 17:26:11,43,0,0,8151
2026-09-19 17:26:22,43,0,0,8151
2026-09-19 17:26:32,43,0,0,8151
2026-09-19 17:26:43,43,0,0,8151
2026-09-19 17:26:54,43,0,0,8151
2026-09-19 17:27:05,43,0,0,8151
2026-09-19 17:27:15,43,0,0,8151
2026-09-19 17:27:26,43,0,0,8151
2026-09-19 17:27:37,43,0,0,8151
2026-09-19 17:27:47,43,0,0,8151
2026-09-19 17:27:58,43,0,0,8151
2026-09-19 17:28:09,43,0,0,8151
2026-09-19 17:28:20,43,0,0,8151
2026-09-19 17:28:30,42,0,0,8151
2026-09-19 17:28:41,42,0,0,8151
2026-09-19 17:28:52,42,0,0,8151
2026-09-19 17:29:03,42,0,0,8151
2026-09-19 17:29:13,42,0,0,8151
2026-09-19 17:29:24,42,0,0,8151
2026-09-19 17:29:35,42,0,0,8151
2026-09-19 17:29:46,42,0,0,8151
2026-09-19 17:29:56,42,0,0,8151
2026-09-19 17:30:07,42,0,0,8151
2026-09-19 17:30:18,42,0,0,8151
2026-09-19 17:30:29,42,0,0,8151
2026-09-19 17:30:39,42,0,0,8151
2026-09-19 17:30:50,42,0,0,8151
2026-09-19 17:31:01,42,0,0,8151
2026-09-19 17:31:11,42,0,0,8151
2026-09-19 17:31:22,42,0,0,8151
2026-09-19 17:31:33,42,0,0,8151
2026-09-19 17:31:44,42,0,0,8151
2026-09-19 17:31:54,42,0,0,8151
2026-09-19 17:32:05,43,0,0,8151
2026-09-19 17:32:16,43,0,0,8151
2026-09-19 17:32:27,43,0,0,8151
2026-09-19 17:32:37,43,0,0,8151
2026-09-19 17:32:48,43,0,0,8151
2026-09-19 17:32:59,43,0,0,8151
2026-09-19 17:33:10,43,0,0,8151
2026-09-19 17:33:20,42,0,0,8151
2026-09-19 17:33:31,42,0,0,8151
2026-09-19 17:33:42,42,0,0,8151
2026-09-19 17:33:53,42,0,0,8151
2026-09-19 17:34:03,42,0,0,8151
2026-09-19 17:34:14,42,0,0,8151
2026-09-19 17:34:25,42,0,0,8151
2026-09-19 17:34:35,42,0,0,8151
2026-09-19 17:34:46,42,0,0,8151
2026-09-19 17:34:57,42,0,0,8151
2026-09-19 17:35:08,42,0,0,8151
2026-09-19 17:35:18,42,0,0,8151
2026-09-19 17:35:29,42,0,0,8151
2026-09-19 17:35:40,42,0,0,8151
2026-09-19 17:35:51,42,0,0,8151
2026-09-19 17:36:01,42,0,0,8151
2026-09-19 17:36:12,42,0,0,8151
2026-09-19 17:36:23,42,0,0,8151
2026-09-19 17:36:34,42,0,0,8151
2026-09-19 17:36:44,42,0,0,8151
2026-09-19 17:36:55,42,0,0,8151
2026-09-19 17:37:06,42,0,0,8151
2026-09-19 17:37:17,42,0,0,8151
2026-09-19 17:37:27,42,0,0,8151
2026-09-19 17:37:38,42,0,0,8151
2026-09-19 17:37:49,42,0,0,8151
2026-09-19 17:37:59,42,0,0,8151
2026-09-19 17:38:10,42,0,0,8151
2026-09-19 17:38:21,42,0,0,8151
2026-09-19 17:38:32,42,0,0,8151
2026-09-19 17:38:42,42,0,0,8151
2026-09-19 17:38:53,42,0,0,8151
2026-09-19 17:39:04,42,0,0,8151
2026-09-19 17:39:15,42,0,0,8151
2026-09-19 17:39:25,42,0,0,8151
2026-09-19 17:39:36,42,0,0,8151
2026-09-19 17:39:47,42,0,0,8151
2026-09-19 17:39:58,42,0,0,8151
2026-09-19 17:40:08,42,0,0,8151
2026-09-19 17:40:19,42,0,0,8151
2026-09-19 17:40:30,42,0,0,8151
2026-09-19 17:40:41,42,0,0,8151
2026-09-19 17:40:51,42,0,0,8151
2026-09-19 17:41:02,42,0,0,8151
2026-09-19 17:41:13,42,0,0,8151
2026-09-19 17:41:24,42,0,0,8151
2026-09-19 17:41:34,42,0,0,8151
2026-09-19 17:41:45,42,0,0,8151
2026-09-19 17:41:56,42,0,0,8151
2026-09-19 17:42:07,42,0,0,8151
2026-09-19 17:42:17,42,0,0,8151
2026-09-19 17:42:28,42,0,0,8151
2026-09-19 17:42:39,42,0,0,8151
2026-09-19 17:42:49,42,0,0,8151
2026-09-19 17:43:00,42,0,0,8151
2026-09-19 17:43:11,42,0,0,8151
2026-09-19 17:43:22,42,0,0,8151
2026-09-19 17:43:32,42,0,0,8151
2026-09-19 17:43:43,42,0,0,8151
2026-09-19 17:43:54,42,0,0,8151
2026-09-19 17:44:05,42,0,0,8151
2026-09-19 17:44:15,42,0,0,8151
2026-09-19 17:44:26,42,0,0,8151
2026-09-19 17:44:37,42,0,0,8151
2026-09-19 17:44:48,42,0,0,8151
2026-09-19 17:44:58,42,0,0,8151
2026-09-19 17:45:09,42,0,0,8151
2026-09-19 17:45:20,42,0,0,8151
2026-09-19 17:45:30,42,0,0,8151
2026-09-19 17:45:41,42,0,0,8151
2026-09-19 17:45:52,42,0,0,8151
2026-09-19 17:46:03,42,0,0,8151
2026-09-19 17:46:13,42,0,0,8151
2026-09-19 17:46:24,42,0,0,8151
2026-09-19 17:46:35,42,0,0,8151
2026-09-19 17:46:46,42,0,0,8151
2026-09-19 17:46:56,42,0,0,8151
2026-09-19 17:47:07,42,0,0,8151
2026-09-19 17:47:18,42,0,0,8151
2026-09-19 17:47:29,42,0,0,8151
2026-09-19 17:47:39,42,0,0,8151
2026-09-19 17:47:50,42,0,0,8151
2026-09-19 17:48:01,42,0,0,8151
2026-09-19 17:48:12,42,0,0,8151
2026-09-19 17:48:22,42,0,0,8151
2026-09-19 17:48:33,42,0,0,8151
2026-09-19 17:48:44,42,0,0,8151
2026-09-19 17:48:55,42,0,0,8151
2026-09-19 17:49:05,42,0,0,8151
2026-09-19 17:49:16,42,0,0,8151
2026-09-19 17:49:27,42,0,0,8151
2026-09-19 17:49:38,42,0,0,8151
2026-09-19 17:49:48,42,0,0,8151
2026-09-19 17:49:59,42,0,0,8151
2026-09-19 17:50:10,42,0,0,8151
2026-09-19 17:50:21,42,0,0,8151
2026-09-19 17:50:31,42,0,0,8151
2026-09-19 17:50:42,42,0,0,8151
2026-09-19 17:50:53,42,0,0,8151
2026-09-19 17:51:03,42,0,0,8151
2026-09-19 17:51:14,42,0,0,8151
2026-09-19 17:51:25,42,0,0,8151
2026-09-19 17:51:36,42,0,0,8151
2026-09-19 17:51:46,42,0,0,8151
2026-09-19 17:51:57,42,0,0,8151
2026-09-19 17:52:08,42,0,0,8151
2026-09-19 17:52:19,42,0,0,8151
2026-09-19 17:52:29,42,0,0,8151
2026-09-19 17:52:40,42,0,0,8151
2026-09-19 17:52:51,42,0,0,8151
2026-09-19 17:53:02,42,0,0,8151
2026-09-19 17:53:12,42,0,0,8151
2026-09-19 17:53:23,42,0,0,8151
2026-09-19 17:53:34,42,0,0,8151
2026-09-19 17:53:45,42,0,0,8151
2026-09-19 17:53:55,42,0,0,8151
2026-09-19 17:54:06,42,0,0,8151
2026-09-19 17:54:17,42,0,0,8151
2026-09-19 17:54:28,42,0,0,8151
2026-09-19 17:54:38,42,0,0,8151
2026-09-19 17:54:49,42,0,0,8151
2026-09-19 17:55:00,42,0,0,8151
2026-09-19 17:55:11,42,0,0,8151
2026-09-19 17:55:21,42,0,0,8151
2026-09-19 17:55:32,42,0,0,8151
2026-09-19 17:55:43,42,0,0,8151
2026-09-19 17:55:54,42,0,0,8151
2026-09-19 17:56:04,42,0,0,8151
2026-09-19 17:56:15,42,0,0,8151
2026-09-19 17:56:26,42,0,0,8151
2026-09-19 17:56:37,42,0,0,8151
2026-09-19 17:56:47,42,0,0,8151
2026-09-19 17:56:58,42,0,0,8151
2026-09-19 17:57:09,42,0,0,8151
2026-09-19 17:57:19,42,0,0,8151
2026-09-19 17:57:30,42,0,0,8151
2026-09-19 17:57:41,42,0,0,8151
2026-09-19 17:57:52,42,0,0,8151
2026-09-19 17:58:02,42,0,0,8151
2026-09-19 17:58:13,42,0,0,8151
2026-09-19 17:58:23,42,0,0,8151
2026-09-19 17:58:34,42,0,0,8151
2026-09-19 17:58:45,42,0,0,8151
2026-09-19 17:58:56,42,0,0,8151
2026-09-19 17:59:06,42,0,0,8151
2026-09-19 17:59:17,42,0,0,8151
2026-09-19 17:59:28,42,0,0,8151
2026-09-19 17:59:39,42,0,0,8151
2026-09-19 17:59:49,42,0,0,8151
2026-09-19 18:00:00,42,0,0,8151
2026-09-19 18:00:11,42,0,0,8151
2026-09-19 18:00:21,42,0,0,8151
2026-09-19 18:00:32,42,0,0,8151
2026-09-19 18:00:43,42,0,0,8151
2026-09-19 18:00:54,42,0,0,8151
2026-09-19 18:01:04,42,0,0,8151
2026-09-19 18:01:15,42,0,0,8151
2026-09-19 18:01:26,42,0,0,8151
2026-09-19 18:01:37,42,0,0,8151
2026-09-19 18:01:47,42,0,0,8151
2026-09-19 18:01:58,42,0,0,8151
2026-09-19 18:02:09,42,0,0,8151
2026-09-19 18:02:20,42,0,0,8151
2026-09-19 18:02:30,42,0,0,8151
2026-09-19 18:02:41,42,0,0,8151
2026-09-19 18:02:52,42,0,0,8151
2026-09-19 18:03:03,42,0,0,8151
2026-09-19 18:03:13,42,0,0,8151
2026-09-19 18:03:24,42,0,0,8151
2026-09-19 18:03:34,42,0,0,8151
2026-09-19 18:03:45,42,0,0,8151
2026-09-19 18:03:56,42,0,0,8151
2026-09-19 18:04:06,42,0,0,8151
2026-09-19 18:04:17,42,0,0,8151
2026-09-19 18:04:28,42,0,0,8151
2026-09-19 18:04:39,42,0,0,8151
2026-09-19 18:04:49,42,0,0,8151
2026-09-19 18:05:00,42,0,0,8151
2026-09-19 18:05:11,42,0,0,8151
2026-09-19 18:05:22,42,0,0,8151
2026-09-19 18:05:32,42,0,0,8151
2026-09-19 18:05:43,42,0,0,8151
2026-09-19 18:05:54,42,0,0,8151
2026-09-19 18:06:05,42,0,0,8151
2026-09-19 18:06:15,42,0,0,8151
2026-09-19 18:06:26,42,0,0,8151
2026-09-19 18:06:37,42,0,0,8151
2026-09-19 18:06:48,42,0,0,8151
2026-09-19 18:06:58,42,0,0,8151
2026-09-19 18:07:09,42,0,0,8151
2026-09-19 18:07:20,42,0,0,8151
2026-09-19 18:07:31,42,0,0,8151
2026-09-19 18:07:41,42,0,0,8151
2026-09-19 18:07:52,42,0,0,8151
2026-09-19 18:08:03,42,0,0,8151
2026-09-19 18:08:13,42,0,0,8151
2026-09-19 18:08:24,42,0,0,8151
2026-09-19 18:08:35,42,0,0,8151
2026-09-19 18:08:46,42,0,0,8151
2026-09-19 18:08:56,42,0,0,8151
2026-09-19 18:09:07,42,0,0,8151
2026-09-19 18:09:18,42,0,0,8151
2026-09-19 18:09:29,42,0,0,8151
2026-09-19 18:09:39,42,0,0,8151
2026-09-19 18:09:50,42,0,0,8151
2026-09-19 18:10:01,42,0,0,8151
2026-09-19 18:10:12,42,0,0,8151
2026-09-19 18:10:22,42,0,0,8151
2026-09-19 18:10:33,42,0,0,8151
2026-09-19 18:10:44,42,0,0,8151
2026-09-19 18:10:55,42,0,0,8151
2026-09-19 18:11:05,42,0,0,8151
2026-09-19 18:11:16,42,0,0,8151
2026-09-19 18:11:27,42,0,0,8151
2026-09-19 18:11:38,42,0,0,8151
2026-09-19 18:11:48,42,0,0,8151
2026-09-19 18:11:59,42,0,0,8151
2026-09-19 18:12:10,42,0,0,8151
2026-09-19 18:12:21,42,0,0,8151
2026-09-19 18:12:31,42,0,0,8151
2026-09-19 18:12:42,42,0,0,8151
2026-09-19 18:12:53,42,0,0,8151
2026-09-19 18:13:04,42,0,0,8151
2026-09-19 18:13:14,42,0,0,8151
2026-09-19 18:13:25,42,0,0,8151
2026-09-19 18:13:36,42,0,0,8151
2026-09-19 18:13:47,42,0,0,8151
2026-09-19 18:13:57,42,0,0,8151
2026-09-19 18:14:08,42,0,0,8151
2026-09-19 18:14:19,42,0,0,8151
2026-09-19 18:14:29,42,0,0,8151
2026-09-19 18:14:40,42,0,0,8151
2026-09-19 18:14:51,42,0,0,8151
2026-09-19 18:15:02,42,0,0,8151
2026-09-19 18:15:12,42,0,0,8151
2026-09-19 18:15:23,42,0,0,8151
2026-09-19 18:15:34,42,0,0,8151
2026-09-19 18:15:45,42,0,0,8151
2026-09-19 18:15:55,42,0,0,8151
2026-09-19 18:16:06,42,0,0,8151
2026-09-19 18:16:17,42,0,0,8151
2026-09-19 18:16:28,42,0,0,8151
2026-09-19 18:16:38,42,0,0,8151
2026-09-19 18:16:49,42,0,0,8151
2026-09-19 18:17:00,42,0,0,8151
2026-09-19 18:17:10,42,0,0,8151
2026-09-19 18:17:21,42,0,0,8151
2026-09-19 18:17:32,42,0,0,8151
2026-09-19 18:17:43,42,0,0,8151
2026-09-19 18:17:53,42,0,0,8151
2026-09-19 18:18:04,42,0,0,8151
2026-09-19 18:18:15,42,0,0,8151
2026-09-19 18:18:26,42,0,0,8151
2026-09-19 18:18:36,42,0,0,8151
2026-09-19 18:18:47,42,0,0,8151
2026-09-19 18:18:58,42,0,0,8151
2026-09-19 18:19:09,42,0,0,8151
2026-09-19 18:19:19,42,0,0,8151
2026-09-19 18:19:30,42,0,0,8151
2026-09-19 18:19:41,42,0,0,8151
2026-09-19 18:19:52,42,0,0,8151
2026-09-19 18:20:02,42,0,0,8151
2026-09-19 18:20:13,42,0,0,8151
2026-09-19 18:20:24,42,0,0,8151
2026-09-19 18:20:35,42,0,0,8151
2026-09-19 18:20:45,42,0,0,8151
2026-09-19 18:20:56,42,0,0,8151
2026-09-19 18:21:07,42,0,0,8151
2026-09-19 18:21:18,42,0,0,8151
2026-09-19 18:21:28,42,0,0,8151
2026-09-19 18:21:39,42,0,0,8151
2026-09-19 18:21:50,42,0,0,8151
2026-09-19 18:22:01,42,0,0,8151
2026-09-19 18:22:11,42,0,0,8151
2026-09-19 18:22:22,42,0,0,8151
2026-09-19 18:22:33,42,0,0,8151
2026-09-19 18:22:44,42,0,0,8151
2026-09-19 18:22:54,42,0,0,8151
2026-09-19 18:23:05,42,0,0,8151
2026-09-19 18:23:16,42,0,0,8151
2026-09-19 18:23:27,42,0,0,8151
2026-09-19 18:23:37,42,0,0,8151
2026-09-19 18:23:48,42,0,0,8151
2026-09-19 18:23:59,42,0,0,8151
2026-09-19 18:24:10,42,0,0,8151
2026-09-19 18:24:20,42,0,0,8151
2026-09-19 18:24:31,42,0,0,8151
2026-09-19 18:24:42,42,0,0,8151
2026-09-19 18:24:53,42,0,0,8151
2026-09-19 18:25:03,42,0,0,8151
2026-09-19 18:25:14,42,0,0,8151
2026-09-19 18:25:25,42,0,0,8151
2026-09-19 18:25:36,42,0,0,8151
2026-09-19 18:25:46,42,0,0,8151
2026-09-19 18:25:57,42,0,0,8151
2026-09-19 18:26:08,42,0,0,8151
2026-09-19 18:26:18,42,0,0,8151
2026-09-19 18:26:29,42,0,0,8151
2026-09-19 18:26:40,42,0,0,8151
2026-09-19 18:26:51,42,0,0,8151
2026-09-19 18:27:01,42,0,0,8151
2026-09-19 18:27:12,42,0,0,8151
2026-09-19 18:27:23,42,0,0,8151
2026-09-19 18:27:34,42,0,0,8151
2026-09-19 18:27:44,42,0,0,8151
2026-09-19 18:27:55,42,0,0,8151
2026-09-19 18:28:06,42,0,0,8151
2026-09-19 18:28:17,42,0,0,8151
2026-09-19 18:28:27,42,0,0,8151
2026-09-19 18:28:38,42,0,0,8151
2026-09-19 18:28:49,42,0,0,8151
2026-09-19 18:29:00,42,0,0,8151
2026-09-19 18:29:10,42,0,0,8151
2026-09-19 18:29:21,42,0,0,8151
2026-09-19 18:29:32,42,0,0,8151
2026-09-19 18:29:43,42,0,0,8151
2026-09-19 18:29:53,42,0,0,8151
2026-09-19 18:30:04,42,0,0,8151
2026-09-19 18:30:15,42,0,0,8151
2026-09-19 18:30:25,42,0,0,8151
2026-09-19 18:30:36,42,0,0,8151
2026-09-19 18:30:47,42,0,0,8151
2026-09-19 18:30:58,42,0,0,8151
2026-09-19 18:31:08,42,0,0,8151
2026-09-19 18:31:19,42,0,0,8151
2026-09-19 18:31:30,42,0,0,8151
2026-09-19 18:31:41,42,0,0,8151
2026-09-19 18:31:51,42,0,0,8151
2026-09-19 18:32:02,42,0,0,8151
2026-09-19 18:32:13,42,0,0,8151
2026-09-19 18:32:24,42,0,0,8151
2026-09-19 18:32:34,42,0,0,8151
2026-09-19 18:32:45,42,0,0,8151
2026-09-19 18:32:56,42,0,0,8151
2026-09-19 18:33:07,42,0,0,8151
2026-09-19 18:33:17,42,0,0,8151
2026-09-19 18:33:28,42,0,0,8151
2026-09-19 18:33:39,42,0,0,8151
2026-09-19 18:33:50,42,0,0,8151
2026-09-19 18:34:00,42,0,0,8151
2026-09-19 18:34:11,42,0,0,8151
2026-09-19 18:34:22,42,0,0,8151
2026-09-19 18:34:33,42,0,0,8151
2026-09-19 18:34:43,42,0,0,8151
2026-09-19 18:34:54,42,0,0,8151
2026-09-19 18:35:05,42,0,0,8151
2026-09-19 18:35:16,42,0,0,8151
2026-09-19 18:35:26,42,0,0,8151
2026-09-19 18:35:37,42,0,0,8151
2026-09-19 18:35:48,42,0,0,8151
2026-09-19 18:35:58,42,0,0,8151
2026-09-19 18:36:09,42,0,0,8151
2026-09-19 18:36:20,42,0,0,8151
2026-09-19 18:36:31,42,0,0,8151
2026-09-19 18:36:41,42,0,0,8151
2026-09-19 18:36:52,42,0,0,8151
2026-09-19 18:37:03,41,0,0,8151
2026-09-19 18:37:14,42,0,0,8151
2026-09-19 18:37:24,42,0,0,8151
2026-09-19 18:37:35,41,0,0,8151
2026-09-19 18:37:46,41,0,0,8151
2026-09-19 18:37:57,41,0,0,8151
2026-09-19 18:38:07,42,0,0,8151
2026-09-19 18:38:18,42,0,0,8151
2026-09-19 18:38:29,42,0,0,8151
2026-09-19 18:38:40,42,0,0,8151
2026-09-19 18:38:50,42,0,0,8151
2026-09-19 18:39:01,42,0,0,8151
2026-09-19 18:39:12,42,0,0,8151
2026-09-19 18:39:23,42,0,0,8151
2026-09-19 18:39:33,42,0,0,8151
2026-09-19 18:39:44,42,0,0,8151
2026-09-19 18:39:55,42,0,0,8151
2026-09-19 18:40:06,42,0,0,8151
2026-09-19 18:40:16,41,0,0,8151
2026-09-19 18:40:27,42,0,0,8151
2026-09-19 18:40:38,42,0,0,8151
2026-09-19 18:40:49,41,0,0,8151
2026-09-19 18:40:59,41,0,0,8151
2026-09-19 18:41:10,42,0,0,8151
2026-09-19 18:41:21,42,0,0,8151
2026-09-19 18:41:31,42,0,0,8151
2026-09-19 18:41:42,41,0,0,8151
2026-09-19 18:41:53,42,0,0,8151
2026-09-19 18:42:04,42,0,0,8151
2026-09-19 18:42:14,42,0,0,8151
2026-09-19 18:42:25,42,0,0,8151
2026-09-19 18:42:36,42,0,0,8151
2026-09-19 18:42:47,42,0,0,8151
2026-09-19 18:42:57,42,0,0,8151
2026-09-19 18:43:08,42,0,0,8151
2026-09-19 18:43:19,42,0,0,8151
2026-09-19 18:43:30,42,0,0,8151
2026-09-19 18:43:40,42,0,0,8151
2026-09-19 18:43:51,42,0,0,8151
2026-09-19 18:44:02,42,0,0,8151
2026-09-19 18:44:13,42,0,0,8151
2026-09-19 18:44:23,42,0,0,8151
2026-09-19 18:44:34,42,0,0,8151
2026-09-19 18:44:45,42,0,0,8151
2026-09-19 18:44:56,42,0,0,8151
2026-09-19 18:45:06,42,0,0,8151
2026-09-19 18:45:17,41,0,0,8151
2026-09-19 18:45:28,42,0,0,8151
2026-09-19 18:45:39,42,0,0,8151
2026-09-19 18:45:49,42,0,0,8151
2026-09-19 18:46:00,42,0,0,8151
2026-09-19 18:46:11,42,0,0,8151
2026-09-19 18:46:22,42,0,0,8151
2026-09-19 18:46:32,41,0,0,8151
2026-09-19 18:46:43,41,0,0,8151
2026-09-19 18:46:54,41,0,0,8151
2026-09-19 18:47:05,42,0,0,8151
2026-09-19 18:47:15,42,0,0,8151
2026-09-19 18:47:26,42,0,0,8151
2026-09-19 18:47:37,42,0,0,8151
2026-09-19 18:47:47,42,0,0,8151
2026-09-19 18:47:58,42,0,0,8151
2026-09-19 18:48:09,42,0,0,8151
2026-09-19 18:48:20,42,0,0,8151
2026-09-19 18:48:30,42,0,0,8151
2026-09-19 18:48:41,42,0,0,8151
2026-09-19 18:48:52,42,0,0,8151
2026-09-19 18:49:03,42,0,0,8151
2026-09-19 18:49:13,42,0,0,8151
2026-09-19 18:49:24,42,0,0,8151
2026-09-19 18:49:35,42,0,0,8151
2026-09-19 18:49:46,42,0,0,8151
2026-09-19 18:49:56,41,0,0,8151
2026-09-19 18:50:07,42,0,0,8151
2026-09-19 18:50:18,42,0,0,8151
2026-09-19 18:50:29,42,0,0,8151
2026-09-19 18:50:39,42,0,0,8151
2026-09-19 18:50:50,42,0,0,8151
2026-09-19 18:51:01,41,0,0,8151
2026-09-19 18:51:12,41,0,0,8151
2026-09-19 18:51:22,42,0,0,8151
2026-09-19 18:51:33,42,0,0,8151
2026-09-19 18:51:44,42,0,0,8151
2026-09-19 18:51:54,42,0,0,8151
2026-09-19 18:52:05,42,0,0,8151
2026-09-19 18:52:16,42,0,0,8151
2026-09-19 18:52:27,42,0,0,8151
2026-09-19 18:52:37,42,0,0,8151
2026-09-19 18:52:48,42,0,0,8151
2026-09-19 18:52:59,42,0,0,8151
2026-09-19 18:53:10,42,0,0,8151
2026-09-19 18:53:20,42,0,0,8151
2026-09-19 18:53:31,42,0,0,8151
2026-09-19 18:53:42,42,0,0,8151
2026-09-19 18:53:53,42,0,0,8151
2026-09-19 18:54:03,42,0,0,8151
2026-09-19 18:54:14,42,0,0,8151
2026-09-19 18:54:25,42,0,0,8151
2026-09-19 18:54:36,42,0,0,8151
2026-09-19 18:54:46,42,0,0,8151
2026-09-19 18:54:57,42,0,0,8151
2026-09-19 18:55:08,42,0,0,8151
2026-09-19 18:55:19,42,0,0,8151
2026-09-19 18:55:29,42,0,0,8151
2026-09-19 18:55:40,42,0,0,8151
2026-09-19 18:55:51,42,0,0,8151
2026-09-19 18:56:02,42,0,0,8151
2026-09-19 18:56:12,42,0,0,8151
2026-09-19 18:56:23,42,0,0,8151
2026-09-19 18:56:34,42,0,0,8151
2026-09-19 18:56:44,42,0,0,8151
2026-09-19 18:56:55,42,0,0,8151
2026-09-19 18:57:06,42,0,0,8151
2026-09-19 18:57:17,42,0,0,8151
2026-09-19 18:57:27,41,0,0,8151
2026-09-19 18:57:38,42,0,0,8151
2026-09-19 18:57:49,41,0,0,8151
2026-09-19 18:58:00,41,0,0,8151
2026-09-19 18:58:10,42,0,0,8151
2026-09-19 18:58:21,42,0,0,8151
2026-09-19 18:58:32,42,0,0,8151
2026-09-19 18:58:43,42,0,0,8151
2026-09-19 18:58:53,42,0,0,8151
2026-09-19 18:59:04,42,0,0,8151
2026-09-19 18:59:15,42,0,0,8151
2026-09-19 18:59:26,41,0,0,8151
2026-09-19 18:59:36,41,0,0,8151
2026-09-19 18:59:47,42,0,0,8151
2026-09-19 18:59:58,41,0,0,8151
2026-09-19 19:00:08,41,0,0,8151
2026-09-19 19:00:19,41,0,0,8151
2026-09-19 19:00:30,41,0,0,8151
2026-09-19 19:00:41,41,0,0,8151
2026-09-19 19:00:51,41,0,0,8151
2026-09-19 19:01:02,41,0,0,8151
2026-09-19 19:01:13,41,0,0,8151
2026-09-19 19:01:24,41,0,0,8151
2026-09-19 19:01:34,41,0,0,8151
2026-09-19 19:01:45,41,0,0,8151
2026-09-19 19:01:56,42,0,0,8151
2026-09-19 19:02:07,41,0,0,8151
2026-09-19 19:02:17,41,0,0,8151
2026-09-19 19:02:28,42,0,0,8151
2026-09-19 19:02:39,42,0,0,8151
2026-09-19 19:02:50,42,0,0,8151
2026-09-19 19:03:00,42,0,0,8151
2026-09-19 19:03:11,42,0,0,8151
2026-09-19 19:03:22,42,0,0,8151
2026-09-19 19:03:33,42,0,0,8151
2026-09-19 19:03:43,42,0,0,8151
2026-09-19 19:03:54,42,0,0,8151
2026-09-19 19:04:05,42,0,0,8151
2026-09-19 19:04:16,42,0,0,8151
2026-09-19 19:04:26,41,0,0,8151
2026-09-19 19:04:37,42,0,0,8151
2026-09-19 19:04:48,42,0,0,8151
2026-09-19 19:04:59,42,0,0,8151
2026-09-19 19:05:09,42,0,0,8151
2026-09-19 19:05:20,42,0,0,8151
2026-09-19 19:05:31,42,0,0,8151
2026-09-19 19:05:42,42,0,0,8151
2026-09-19 19:05:52,42,0,0,8151
2026-09-19 19:06:03,42,0,0,8151
2026-09-19 19:06:14,42,0,0,8151
2026-09-19 19:06:25,42,0,0,8151
2026-09-19 19:06:35,42,0,0,8151
2026-09-19 19:06:46,42,0,0,8151
2026-09-19 19:06:57,42,0,0,8151
2026-09-19 19:07:08,42,0,0,8151
2026-09-19 19:07:18,42,0,0,8151
2026-09-19 19:07:29,41,0,0,8151
2026-09-19 19:07:40,42,0,0,8151
2026-09-19 19:07:51,42,0,0,8151
2026-09-19 19:08:01,41,0,0,8151
2026-09-19 19:08:12,41,0,0,8151
2026-09-19 19:08:23,41,0,0,8151
2026-09-19 19:08:33,41,0,0,8151
2026-09-19 19:08:44,41,0,0,8151
2026-09-19 19:08:55,41,0,0,8151
2026-09-19 19:09:06,41,0,0,8151
2026-09-19 19:09:16,41,0,0,8151
2026-09-19 19:09:27,41,0,0,8151
2026-09-19 19:09:38,41,0,0,8151
2026-09-19 19:09:49,41,0,0,8151
2026-09-19 19:09:59,41,0,0,8151
2026-09-19 19:10:10,41,0,0,8151
2026-09-19 19:10:21,41,0,0,8151
2026-09-19 19:10:32,42,0,0,8151
2026-09-19 19:10:42,42,0,0,8151
2026-09-19 19:10:53,42,0,0,8151
2026-09-19 19:11:04,42,0,0,8151
2026-09-19 19:11:15,42,0,0,8151
2026-09-19 19:11:25,42,0,0,8151
2026-09-19 19:11:36,41,0,0,8151
2026-09-19 19:11:47,42,0,0,8151
2026-09-19 19:11:57,42,0,0,8151
2026-09-19 19:12:08,42,0,0,8151
2026-09-19 19:12:19,42,0,0,8151
2026-09-19 19:12:30,41,0,0,8151
2026-09-19 19:12:40,41,0,0,8151
2026-09-19 19:12:51,41,0,0,8151
2026-09-19 19:13:02,42,0,0,8151
2026-09-19 19:13:12,42,0,0,8151
2026-09-19 19:13:23,41,0,0,8151
2026-09-19 19:13:34,42,0,0,8151
2026-09-19 19:13:45,42,0,0,8151
2026-09-19 19:13:55,42,0,0,8151
2026-09-19 19:14:06,42,0,0,8151
2026-09-19 19:14:17,42,0,0,8151
2026-09-19 19:14:28,42,0,0,8151
2026-09-19 19:14:38,42,0,0,8151
2026-09-19 19:14:49,42,0,0,8151
2026-09-19 19:15:00,42,0,0,8151
2026-09-19 19:15:11,42,0,0,8151
2026-09-19 19:15:21,42,0,0,8151
2026-09-19 19:15:32,42,0,0,8151
2026-09-19 19:15:43,42,0,0,8151
2026-09-19 19:15:54,42,0,0,8151
2026-09-19 19:16:04,42,0,0,8151
2026-09-19 19:16:15,41,0,0,8151
2026-09-19 19:16:26,42,0,0,8151
2026-09-19 19:16:36,41,0,0,8151
2026-09-19 19:16:47,42,0,0,8151
2026-09-19 19:16:58,42,0,0,8151
2026-09-19 19:17:09,42,0,0,8151
2026-09-19 19:17:19,42,0,0,8151
2026-09-19 19:17:30,42,0,0,8151
2026-09-19 19:17:41,42,0,0,8151
2026-09-19 19:17:52,42,0,0,8151
2026-09-19 19:18:02,42,0,0,8151
2026-09-19 19:18:13,42,0,0,8151
2026-09-19 19:18:23,42,0,0,8151
2026-09-19 19:18:34,42,0,0,8151
2026-09-19 19:18:45,42,0,0,8151
2026-09-19 19:18:56,42,0,0,8151
2026-09-19 19:19:06,42,0,0,8151
2026-09-19 19:19:17,42,0,0,8151
2026-09-19 19:19:28,42,0,0,8151
2026-09-19 19:19:39,42,0,0,8151
2026-09-19 19:19:49,41,0,0,8151
2026-09-19 19:20:00,42,0,0,8151
2026-09-19 19:20:11,42,0,0,8151
2026-09-19 19:20:22,42,0,0,8151
2026-09-19 19:20:32,42,0,0,8151
2026-09-19 19:20:43,42,0,0,8151
2026-09-19 19:20:54,42,0,0,8151
2026-09-19 19:21:05,42,0,0,8151
2026-09-19 19:21:15,42,0,0,8151
2026-09-19 19:21:26,42,0,0,8151
2026-09-19 19:21:37,42,0,0,8151
2026-09-19 19:21:47,42,0,0,8151
2026-09-19 19:21:58,42,0,0,8151
2026-09-19 19:22:09,42,0,0,8151
2026-09-19 19:22:20,42,0,0,8151
2026-09-19 19:22:30,42,0,0,8151
2026-09-19 19:22:41,42,0,0,8151
2026-09-19 19:22:52,42,0,0,8151
2026-09-19 19:23:03,42,0,0,8151
2026-09-19 19:23:13,42,0,0,8151
2026-09-19 19:23:24,42,0,0,8151
2026-09-19 19:23:35,42,0,0,8151
2026-09-19 19:23:46,42,0,0,8151
2026-09-19 19:23:56,42,0,0,8151
2026-09-19 19:24:07,42,0,0,8151
2026-09-19 19:24:18,42,0,0,8151
2026-09-19 19:24:29,42,0,0,8151
2026-09-19 19:24:39,42,0,0,8151
2026-09-19 19:24:50,42,0,0,8151
2026-09-19 19:25:01,42,0,0,8151
2026-09-19 19:25:12,42,0,0,8151
2026-09-19 19:25:22,42,0,0,8151
2026-09-19 19:25:33,42,0,0,8151
2026-09-19 19:25:44,42,0,0,8151
2026-09-19 19:25:55,42,0,0,8151
2026-09-19 19:26:05,43,0,0,8151
2026-09-19 19:26:16,43,0,0,8151
2026-09-19 19:26:27,43,0,0,8151
2026-09-19 19:26:38,43,0,0,8151
2026-09-19 19:26:48,43,0,0,8151
2026-09-19 19:26:59,43,0,0,8151
2026-09-19 19:27:10,43,0,0,8151
2026-09-19 19:27:20,43,0,0,8151
2026-09-19 19:27:31,43,0,0,8151
2026-09-19 19:27:42,43,0,0,8151
2026-09-19 19:27:53,43,0,0,8151
2026-09-19 19:28:03,43,0,0,8151
2026-09-19 19:28:14,43,0,0,8151
2026-09-19 19:28:25,43,0,0,8151
2026-09-19 19:28:36,43,0,0,8151
2026-09-19 19:28:46,43,0,0,8151
2026-09-19 19:28:57,43,0,0,8151
2026-09-19 19:29:08,43,0,0,8151
2026-09-19 19:29:19,43,0,0,8151
2026-09-19 19:29:30,43,0,0,8151
2026-09-19 19:29:40,43,0,0,8151
2026-09-19 19:29:51,43,0,0,8151
2026-09-19 19:30:02,43,0,0,8151
2026-09-19 19:30:13,43,0,0,8151
2026-09-19 19:30:23,43,0,0,8151
2026-09-19 19:30:34,44,0,0,8151
2026-09-19 19:30:45,43,0,0,8151
2026-09-19 19:30:56,43,0,0,8151
2026-09-19 19:31:06,43,0,0,8151
2026-09-19 19:31:17,43,0,0,8151
2026-09-19 19:31:28,43,0,0,8151
2026-09-19 19:31:38,43,0,0,8151
2026-09-19 19:31:49,43,0,0,8151
2026-09-19 19:32:00,43,0,0,8151
2026-09-19 19:32:11,43,0,0,8151
2026-09-19 19:32:21,43,0,0,8151
2026-09-19 19:32:32,42,0,0,8151
2026-09-19 19:32:43,42,0,0,8151
2026-09-19 19:32:54,42,0,0,8151
2026-09-19 19:33:04,42,0,0,8151
2026-09-19 19:33:15,42,0,0,8151
2026-09-19 19:33:26,42,0,0,8151
2026-09-19 19:33:37,42,0,0,8151
2026-09-19 19:33:47,42,0,0,8151
2026-09-19 19:33:58,42,0,0,8151
2026-09-19 19:34:09,42,0,0,8151
2026-09-19 19:34:20,42,0,0,8151
2026-09-19 19:34:30,42,0,0,8151
2026-09-19 19:34:41,42,0,0,8151
2026-09-19 19:34:52,42,0,0,8151
2026-09-19 19:35:03,42,0,0,8151
2026-09-19 19:35:13,42,0,0,8151
2026-09-19 19:35:24,42,0,0,8151
2026-09-19 19:35:35,42,0,0,8151
2026-09-19 19:35:46,42,0,0,8151
2026-09-19 19:35:56,42,0,0,8151
2026-09-19 19:36:07,42,0,0,8151
2026-09-19 19:36:18,42,0,0,8151
2026-09-19 19:36:29,42,0,0,8151
2026-09-19 19:36:39,42,0,0,8151
2026-09-19 19:36:50,42,0,0,8151
2026-09-19 19:37:01,42,0,0,8151
2026-09-19 19:37:11,42,0,0,8151
2026-09-19 19:37:22,42,0,0,8151
2026-09-19 19:37:33,42,0,0,8151
2026-09-19 19:37:44,42,0,0,8151
2026-09-19 19:37:54,42,0,0,8151
2026-09-19 19:38:05,42,0,0,8151
2026-09-19 19:38:16,42,0,0,8151
2026-09-19 19:38:27,42,0,0,8151
2026-09-19 19:38:37,42,0,0,8151
2026-09-19 19:38:48,42,0,0,8151
2026-09-19 19:38:59,42,0,0,8151
2026-09-19 19:39:10,42,0,0,8151
2026-09-19 19:39:20,42,0,0,8151
2026-09-19 19:39:31,42,0,0,8151
2026-09-19 19:39:42,42,0,0,8151
2026-09-19 19:39:53,42,0,0,8151
2026-09-19 19:40:03,42,0,0,8151
2026-09-19 19:40:14,42,0,0,8151
2026-09-19 19:40:25,42,0,0,8151
2026-09-19 19:40:36,42,0,0,8151
2026-09-19 19:40:46,42,0,0,8151
2026-09-19 19:40:57,42,0,0,8151
2026-09-19 19:41:08,42,0,0,8151
2026-09-19 19:41:19,42,0,0,8151
2026-09-19 19:41:29,42,0,0,8151
2026-09-19 19:41:40,41,0,0,8151
2026-09-19 19:41:51,42,0,0,8151
2026-09-19 19:42:02,42,0,0,8151
2026-09-19 19:42:12,42,0,0,8151
2026-09-19 19:42:23,41,0,0,8151
2026-09-19 19:42:34,41,0,0,8151
2026-09-19 19:42:44,41,0,0,8151
2026-09-19 19:42:55,41,0,0,8151
2026-09-19 19:43:06,42,0,0,8151
2026-09-19 19:43:17,42,0,0,8151
2026-09-19 19:43:27,42,0,0,8151
2026-09-19 19:43:38,42,0,0,8151
2026-09-19 19:43:49,42,0,0,8151
2026-09-19 19:44:00,41,0,0,8151
2026-09-19 19:44:10,42,0,0,8151
2026-09-19 19:44:21,42,0,0,8151
2026-09-19 19:44:32,42,0,0,8151
2026-09-19 19:44:43,41,0,0,8151
2026-09-19 19:44:53,41,0,0,8151
2026-09-19 19:45:04,41,0,0,8151
2026-09-19 19:45:15,41,0,0,8151
2026-09-19 19:45:25,41,0,0,8151
2026-09-19 19:45:36,41,0,0,8151
2026-09-19 19:45:47,41,0,0,8151
2026-09-19 19:45:58,41,0,0,8151
2026-09-19 19:46:08,41,0,0,8151
2026-09-19 19:46:19,41,0,0,8151
2026-09-19 19:46:30,41,0,0,8151
2026-09-19 19:46:41,41,0,0,8151
2026-09-19 19:46:51,41,0,0,8151
2026-09-19 19:47:02,41,0,0,8151
2026-09-19 19:47:13,41,0,0,8151
2026-09-19 19:47:24,42,0,0,8151
2026-09-19 19:47:34,42,0,0,8151
2026-09-19 19:47:45,41,0,0,8151
2026-09-19 19:47:56,41,0,0,8151
2026-09-19 19:48:07,42,0,0,8151
2026-09-19 19:48:17,42,0,0,8151
2026-09-19 19:48:28,42,0,0,8151
2026-09-19 19:48:39,42,0,0,8151
2026-09-19 19:48:50,42,0,0,8151
2026-09-19 19:49:00,42,0,0,8151
2026-09-19 19:49:11,42,0,0,8151
2026-09-19 19:49:22,42,0,0,8151
2026-09-19 19:49:32,42,0,0,8151
2026-09-19 19:49:43,42,0,0,8151
2026-09-19 19:49:54,42,0,0,8151
2026-09-19 19:50:05,42,0,0,8151
2026-09-19 19:50:15,42,0,0,8151
2026-09-19 19:50:26,41,0,0,8151
2026-09-19 19:50:37,42,0,0,8151
2026-09-19 19:50:48,42,0,0,8151
2026-09-19 19:50:58,42,0,0,8151
2026-09-19 19:51:09,41,0,0,8151
2026-09-19 19:51:20,41,0,0,8151
2026-09-19 19:51:31,41,0,0,8151
2026-09-19 19:51:41,42,0,0,8151
2026-09-19 19:51:52,41,0,0,8151
2026-09-19 19:52:03,41,0,0,8151
2026-09-19 19:52:13,42,0,0,8151
2026-09-19 19:52:24,42,0,0,8151
2026-09-19 19:52:35,42,0,0,8151
2026-09-19 19:52:46,42,0,0,8151
2026-09-19 19:52:56,42,0,0,8151
2026-09-19 19:53:07,42,0,0,8151
2026-09-19 19:53:18,42,0,0,8151
2026-09-19 19:53:29,42,0,0,8151
2026-09-19 19:53:39,42,0,0,8151
2026-09-19 19:53:50,42,0,0,8151
2026-09-19 19:54:01,42,0,0,8151
2026-09-19 19:54:12,42,0,0,8151
2026-09-19 19:54:22,42,0,0,8151
2026-09-19 19:54:33,42,0,0,8151
2026-09-19 19:54:44,42,0,0,8151
2026-09-19 19:54:55,42,0,0,8151
2026-09-19 19:55:05,42,0,0,8151
2026-09-19 19:55:16,42,0,0,8151
2026-09-19 19:55:27,42,0,0,8151
2026-09-19 19:55:38,42,0,0,8151
2026-09-19 19:55:48,42,0,0,8151
2026-09-19 19:55:59,42,0,0,8151
2026-09-19 19:56:10,42,0,0,8151
2026-09-19 19:56:20,42,0,0,8151
2026-09-19 19:56:31,42,0,0,8151
2026-09-19 19:56:42,42,0,0,8151
2026-09-19 19:56:53,42,0,0,8151
2026-09-19 19:57:03,42,0,0,8151
2026-09-19 19:57:14,42,0,0,8151
2026-09-19 19:57:25,42,0,0,8151
2026-09-19 19:57:36,41,0,0,8151
2026-09-19 19:57:46,42,0,0,8151
2026-09-19 19:57:57,41,0,0,8151
2026-09-19 19:58:08,42,0,0,8151
2026-09-19 19:58:19,42,0,0,8151
2026-09-19 19:58:29,42,0,0,8151
2026-09-19 19:58:40,42,0,0,8151
2026-09-19 19:58:51,42,0,0,8151
2026-09-19 19:59:02,42,0,0,8151
2026-09-19 19:59:12,42,0,0,8151
2026-09-19 19:59:23,42,0,0,8151
2026-09-19 19:59:34,41,0,0,8151
2026-09-19 19:59:45,42,0,0,8151
2026-09-19 19:59:55,41,0,0,8151
2026-09-19 20:00:06,42,0,0,8151
2026-09-19 20:00:17,41,0,0,8151
2026-09-19 20:00:27,41,0,0,8151
2026-09-19 20:00:38,42,0,0,8151
2026-09-19 20:00:49,41,0,0,8151
2026-09-19 20:01:00,41,0,0,8151
2026-09-19 20:01:10,42,0,0,8151
2026-09-19 20:01:21,41,0,0,8151
2026-09-19 20:01:32,41,0,0,8151
2026-09-19 20:01:43,41,0,0,8151
2026-09-19 20:01:53,41,0,0,8151
2026-09-19 20:02:04,42,0,0,8151
2026-09-19 20:02:15,42,0,0,8151
2026-09-19 20:02:26,42,0,0,8151
2026-09-19 20:02:36,42,0,0,8151
2026-09-19 20:02:47,42,0,0,8151
2026-09-19 20:02:58,42,0,0,8151
2026-09-19 20:03:09,42,0,0,8151
2026-09-19 20:03:19,42,0,0,8151
2026-09-19 20:03:30,42,0,0,8151
2026-09-19 20:03:41,42,0,0,8151
2026-09-19 20:03:52,42,0,0,8151
2026-09-19 20:04:02,42,0,0,8151
2026-09-19 20:04:13,42,0,0,8151
2026-09-19 20:04:24,42,0,0,8151
2026-09-19 20:04:34,42,0,0,8151
2026-09-19 20:04:45,42,0,0,8151
2026-09-19 20:04:56,42,0,0,8151
2026-09-19 20:05:07,42,0,0,8151
2026-09-19 20:05:17,42,0,0,8151
2026-09-19 20:05:28,41,0,0,8151
2026-09-19 20:05:39,41,0,0,8151
2026-09-19 20:05:50,41,0,0,8151
2026-09-19 20:06:00,42,0,0,8151
2026-09-19 20:06:11,41,0,0,8151
2026-09-19 20:06:22,41,0,0,8151
2026-09-19 20:06:33,41,0,0,8151
2026-09-19 20:06:43,41,0,0,8151
2026-09-19 20:06:54,41,0,0,8151
2026-09-19 20:07:05,41,0,0,8151
2026-09-19 20:07:16,41,0,0,8151
2026-09-19 20:07:26,41,0,0,8151
2026-09-19 20:07:37,41,0,0,8151
2026-09-19 20:07:48,41,0,0,8151
2026-09-19 20:07:58,41,0,0,8151
2026-09-19 20:08:09,42,0,0,8151
2026-09-19 20:08:20,42,0,0,8151
2026-09-19 20:08:31,42,0,0,8151
2026-09-19 20:08:41,42,0,0,8151
2026-09-19 20:08:52,42,0,0,8151
2026-09-19 20:09:03,42,0,0,8151
2026-09-19 20:09:14,42,0,0,8151
2026-09-19 20:09:24,42,0,0,8151
2026-09-19 20:09:35,42,0,0,8151
2026-09-19 20:09:46,42,0,0,8151
2026-09-19 20:09:57,42,0,0,8151
2026-09-19 20:10:07,42,0,0,8151
2026-09-19 20:10:18,42,0,0,8151
2026-09-19 20:10:29,42,0,0,8151
2026-09-19 20:10:40,42,0,0,8151
2026-09-19 20:10:50,42,0,0,8151
2026-09-19 20:11:01,42,0,0,8151
2026-09-19 20:11:12,42,0,0,8151
2026-09-19 20:11:23,42,0,0,8151
2026-09-19 20:11:33,42,0,0,8151
2026-09-19 20:11:44,42,0,0,8151
2026-09-19 20:11:55,42,0,0,8151
2026-09-19 20:12:05,42,0,0,8151
2026-09-19 20:12:16,41,0,0,8151
2026-09-19 20:12:27,42,0,0,8151
2026-09-19 20:12:38,42,0,0,8151
2026-09-19 20:12:48,41,0,0,8151
2026-09-19 20:12:59,41,0,0,8151
2026-09-19 20:13:10,42,0,0,8151
2026-09-19 20:13:21,42,0,0,8151
2026-09-19 20:13:31,42,0,0,8151
2026-09-19 20:13:42,42,0,0,8151
2026-09-19 20:13:53,42,0,0,8151
2026-09-19 20:14:04,42,0,0,8151
2026-09-19 20:14:14,42,0,0,8151
2026-09-19 20:14:25,42,0,0,8151
2026-09-19 20:14:36,42,0,0,8151
2026-09-19 20:14:47,42,0,0,8151
2026-09-19 20:14:57,42,0,0,8151
2026-09-19 20:15:08,42,0,0,8151
2026-09-19 20:15:19,42,0,0,8151
2026-09-19 20:15:30,42,0,0,8151
2026-09-19 20:15:40,42,0,0,8151
2026-09-19 20:15:51,42,0,0,8151
2026-09-19 20:16:02,42,0,0,8151
2026-09-19 20:16:13,42,0,0,8151
2026-09-19 20:16:23,42,0,0,8151
2026-09-19 20:16:34,42,0,0,8151
2026-09-19 20:16:45,42,0,0,8151
2026-09-19 20:16:55,42,0,0,8151
2026-09-19 20:17:06,42,0,0,8151
2026-09-19 20:17:17,42,0,0,8151
2026-09-19 20:17:28,42,0,0,8151
2026-09-19 20:17:38,42,0,0,8151
2026-09-19 20:17:49,42,0,0,8151
2026-09-19 20:18:00,42,0,0,8151
2026-09-19 20:18:11,42,0,0,8151
2026-09-19 20:18:21,42,0,0,8151
2026-09-19 20:18:32,42,0,0,8151
2026-09-19 20:18:43,42,0,0,8151
2026-09-19 20:18:54,42,0,0,8151
2026-09-19 20:19:04,42,0,0,8151
2026-09-19 20:19:15,42,0,0,8151
2026-09-19 20:19:26,42,0,0,8151
2026-09-19 20:19:37,42,0,0,8151
2026-09-19 20:19:47,42,0,0,8151
2026-09-19 20:19:58,42,0,0,8151
2026-09-19 20:20:09,42,0,0,8151
2026-09-19 20:20:20,42,0,0,8151
2026-09-19 20:20:30,42,0,0,8151
2026-09-19 20:20:41,42,0,0,8151
2026-09-19 20:20:52,42,0,0,8151
2026-09-19 20:21:02,42,0,0,8151
2026-09-19 20:21:13,42,0,0,8151
2026-09-19 20:21:24,42,0,0,8151
2026-09-19 20:21:35,42,0,0,8151
2026-09-19 20:21:45,42,0,0,8151
2026-09-19 20:21:56,42,0,0,8151
2026-09-19 20:22:07,42,0,0,8151
2026-09-19 20:22:18,42,0,0,8151
2026-09-19 20:22:28,42,0,0,8151
2026-09-19 20:22:39,42,0,0,8151
2026-09-19 20:22:50,42,0,0,8151
2026-09-19 20:23:01,42,0,0,8151
2026-09-19 20:23:11,42,0,0,8151
2026-09-19 20:23:22,42,0,0,8151
2026-09-19 20:23:33,42,0,0,8151
2026-09-19 20:23:43,42,0,0,8151
2026-09-19 20:23:54,42,0,0,8151
2026-09-19 20:24:05,42,0,0,8151
2026-09-19 20:24:16,42,0,0,8151
2026-09-19 20:24:26,42,0,0,8151
2026-09-19 20:24:37,42,0,0,8151
2026-09-19 20:24:48,42,0,0,8151
2026-09-19 20:24:59,42,0,0,8151
2026-09-19 20:25:09,42,0,0,8151
2026-09-19 20:25:20,42,0,0,8151
2026-09-19 20:25:31,42,0,0,8151
2026-09-19 20:25:42,42,0,0,8151
2026-09-19 20:25:52,42,0,0,8151
2026-09-19 20:26:03,42,0,0,8151
2026-09-19 20:26:14,42,0,0,8151
2026-09-19 20:26:25,42,0,0,8151
2026-09-19 20:26:35,42,0,0,8151
2026-09-19 20:26:46,42,0,0,8151
2026-09-19 20:26:57,42,0,0,8151
2026-09-19 20:27:08,42,0,0,8151
2026-09-19 20:27:18,42,0,0,8151
2026-09-19 20:27:29,42,0,0,8151
2026-09-19 20:27:40,42,0,0,8151
2026-09-19 20:27:51,42,0,0,8151
2026-09-19 20:28:01,42,0,0,8151
2026-09-19 20:28:12,42,0,0,8151
2026-09-19 20:28:23,42,0,0,8151
2026-09-19 20:28:33,42,0,0,8151
2026-09-19 20:28:44,42,0,0,8151
2026-09-19 20:28:55,42,0,0,8151
2026-09-19 20:29:06,42,0,0,8151
2026-09-19 20:29:16,42,0,0,8151
2026-09-19 20:29:27,42,0,0,8151
2026-09-19 20:29:38,42,0,0,8151
2026-09-19 20:29:49,42,0,0,8151
2026-09-19 20:29:59,42,0,0,8151
2026-09-19 20:30:10,42,0,0,8151
2026-09-19 20:30:21,42,0,0,8151
2026-09-19 20:30:32,42,0,0,8151
2026-09-19 20:30:42,42,0,0,8151
2026-09-19 20:30:53,42,0,0,8151
2026-09-19 20:31:04,42,0,0,8151
2026-09-19 20:31:15,42,0,0,8151
2026-09-19 20:31:25,42,0,0,8151
2026-09-19 20:31:36,42,0,0,8151
2026-09-19 20:31:47,42,0,0,8151
2026-09-19 20:31:58,42,0,0,8151
2026-09-19 20:32:08,42,0,0,8151
2026-09-19 20:32:19,42,0,0,8151
2026-09-19 20:32:30,42,0,0,8151
2026-09-19 20:32:41,42,0,0,8151
2026-09-19 20:32:51,42,0,0,8151
2026-09-19 20:33:02,42,0,0,8151
2026-09-19 20:33:12,42,0,0,8151
2026-09-19 20:33:23,42,0,0,8151
2026-09-19 20:33:34,42,0,0,8151
2026-09-19 20:33:45,42,0,0,8151
2026-09-19 20:33:55,42,0,0,8151
2026-09-19 20:34:06,42,0,0,8151
2026-09-19 20:34:17,42,0,0,8151
2026-09-19 20:34:28,42,0,0,8151
2026-09-19 20:34:38,42,0,0,8151
2026-09-19 20:34:49,42,0,0,8151
2026-09-19 20:35:00,42,0,0,8151
2026-09-19 20:35:10,42,0,0,8151
2026-09-19 20:35:21,42,0,0,8151
2026-09-19 20:35:32,42,0,0,8151
2026-09-19 20:35:43,42,0,0,8151
2026-09-19 20:35:53,42,0,0,8151
2026-09-19 20:36:04,42,0,0,8151
2026-09-19 20:36:15,42,0,0,8151
2026-09-19 20:36:26,42,0,0,8151
2026-09-19 20:36:36,42,0,0,8151
2026-09-19 20:36:47,42,0,0,8151
2026-09-19 20:36:58,42,0,0,8151
2026-09-19 20:37:09,42,0,0,8151
2026-09-19 20:37:19,42,0,0,8151
2026-09-19 20:37:30,42,0,0,8151
2026-09-19 20:37:41,42,0,0,8151
2026-09-19 20:37:52,42,0,0,8151
2026-09-19 20:38:02,42,0,0,8151
2026-09-19 20:38:12,42,0,0,8151
2026-09-19 20:38:23,42,0,0,8151
2026-09-19 20:38:34,42,0,0,8151
2026-09-19 20:38:45,42,0,0,8151
2026-09-19 20:38:55,42,0,0,8151
2026-09-19 20:39:06,42,0,0,8151
2026-09-19 20:39:17,42,0,0,8151
2026-09-19 20:39:28,42,0,0,8151
2026-09-19 20:39:38,42,0,0,8151
2026-09-19 20:39:49,42,0,0,8151
2026-09-19 20:40:00,42,0,0,8151
2026-09-19 20:40:11,42,0,0,8151
2026-09-19 20:40:21,42,0,0,8151
2026-09-19 20:40:32,42,0,0,8151
2026-09-19 20:40:43,42,0,0,8151
2026-09-19 20:40:54,42,0,0,8151
2026-09-19 20:41:04,42,0,0,8151
2026-09-19 20:41:15,42,0,0,8151
2026-09-19 20:41:26,42,0,0,8151
2026-09-19 20:41:36,42,0,0,8151
2026-09-19 20:41:47,42,0,0,8151
2026-09-19 20:41:58,42,0,0,8151
2026-09-19 20:42:09,42,0,0,8151
2026-09-19 20:42:19,42,0,0,8151
2026-09-19 20:42:30,42,0,0,8151
2026-09-19 20:42:41,42,0,0,8151
2026-09-19 20:42:52,42,0,0,8151
2026-09-19 20:43:02,43,0,0,8151
2026-09-19 20:43:13,43,0,0,8151
2026-09-19 20:43:23,43,0,0,8151
2026-09-19 20:43:34,42,0,0,8151
2026-09-19 20:43:45,43,0,0,8151
2026-09-19 20:43:56,43,0,0,8151
2026-09-19 20:44:06,42,0,0,8151
2026-09-19 20:44:17,43,0,0,8151
2026-09-19 20:44:28,42,0,0,8151
2026-09-19 20:44:39,42,0,0,8151
2026-09-19 20:44:49,42,0,0,8151
2026-09-19 20:45:00,42,0,0,8151
2026-09-19 20:45:11,43,0,0,8151
2026-09-19 20:45:21,43,0,0,8151
2026-09-19 20:45:32,43,0,0,8151
2026-09-19 20:45:43,42,0,0,8151
2026-09-19 20:45:54,43,0,0,8151
2026-09-19 20:46:04,42,0,0,8151
2026-09-19 20:46:15,42,0,0,8151
2026-09-19 20:46:26,42,0,0,8151
2026-09-19 20:46:37,42,0,0,8151
2026-09-19 20:46:47,42,0,0,8151
2026-09-19 20:46:58,42,0,0,8151
2026-09-19 20:47:09,42,0,0,8151
2026-09-19 20:47:20,42,0,0,8151
2026-09-19 20:47:30,42,0,0,8151
2026-09-19 20:47:41,42,0,0,8151
2026-09-19 20:47:52,42,0,0,8151
2026-09-19 20:48:03,43,0,0,8151
2026-09-19 20:48:13,43,0,0,8151
2026-09-19 20:48:24,43,0,0,8151
2026-09-19 20:48:35,43,0,0,8151
2026-09-19 20:48:46,43,0,0,8151
2026-09-19 20:48:56,43,0,0,8151
2026-09-19 20:49:07,43,0,0,8151
2026-09-19 20:49:18,43,0,0,8151
2026-09-19 20:49:29,43,0,0,8151
2026-09-19 20:49:39,43,0,0,8151
2026-09-19 20:49:50,43,0,0,8151
2026-09-19 20:50:01,42,0,0,8151
2026-09-19 20:50:11,42,0,0,8151
2026-09-19 20:50:22,42,0,0,8151
2026-09-19 20:50:33,42,0,0,8151
2026-09-19 20:50:44,42,0,0,8151
2026-09-19 20:50:54,42,0,0,8151
2026-09-19 20:51:05,42,0,0,8151
2026-09-19 20:51:16,42,0,0,8151
2026-09-19 20:51:27,42,0,0,8151
2026-09-19 20:51:37,42,0,0,8151
2026-09-19 20:51:48,42,0,0,8151
2026-09-19 20:51:59,42,0,0,8151
2026-09-19 20:52:10,43,0,0,8151
2026-09-19 20:52:20,43,0,0,8151
2026-09-19 20:52:31,42,0,0,8151
2026-09-19 20:52:42,42,0,0,8151
2026-09-19 20:52:53,42,0,0,8151
2026-09-19 20:53:03,43,0,0,8151
2026-09-19 20:53:14,43,0,0,8151
2026-09-19 20:53:25,43,0,0,8151
2026-09-19 20:53:36,43,0,0,8151
2026-09-19 20:53:46,43,0,0,8151
2026-09-19 20:53:57,42,0,0,8151
2026-09-19 20:54:08,42,0,0,8151
2026-09-19 20:54:19,42,0,0,8151
2026-09-19 20:54:29,42,0,0,8151
2026-09-19 20:54:40,42,0,0,8151
2026-09-19 20:54:51,42,0,0,8151
2026-09-19 20:55:02,42,0,0,8151
2026-09-19 20:55:12,42,0,0,8151
2026-09-19 20:55:23,42,0,0,8151
2026-09-19 20:55:34,42,0,0,8151
2026-09-19 20:55:45,43,0,0,8151
2026-09-19 20:55:55,42,0,0,8151
2026-09-19 20:56:06,42,0,0,8151
2026-09-19 20:56:17,42,0,0,8151
2026-09-19 20:56:27,42,0,0,8151
2026-09-19 20:56:38,42,0,0,8151
2026-09-19 20:56:49,42,0,0,8151
2026-09-19 20:57:00,42,0,0,8151
2026-09-19 20:57:10,42,0,0,8151
2026-09-19 20:57:21,42,0,0,8151
2026-09-19 20:57:32,42,0,0,8151
2026-09-19 20:57:43,42,0,0,8151
2026-09-19 20:57:53,42,0,0,8151
2026-09-19 20:58:04,42,0,0,8151
2026-09-19 20:58:15,42,0,0,8151
2026-09-19 20:58:26,42,0,0,8151
2026-09-19 20:58:36,42,0,0,8151
2026-09-19 20:58:47,42,0,0,8151
2026-09-19 20:58:58,42,0,0,8151
2026-09-19 20:59:09,42,0,0,8151
2026-09-19 20:59:19,42,0,0,8151
2026-09-19 20:59:30,42,0,0,8151
2026-09-19 20:59:41,42,0,0,8151
2026-09-19 20:59:52,42,0,0,8151
2026-09-19 21:00:02,42,0,0,8151
2026-09-19 21:00:13,42,0,0,8151
2026-09-19 21:00:24,42,0,0,8151
2026-09-19 21:00:34,42,0,0,8151
2026-09-19 21:00:45,42,0,0,8151
2026-09-19 21:00:56,42,0,0,8151
2026-09-19 21:01:07,42,0,0,8151
2026-09-19 21:01:17,42,0,0,8151
2026-09-19 21:01:28,42,0,0,8151
2026-09-19 21:01:39,42,0,0,8151
2026-09-19 21:01:50,42,0,0,8151
2026-09-19 21:02:00,42,0,0,8151
2026-09-19 21:02:11,42,0,0,8151
2026-09-19 21:02:22,42,0,0,8151
2026-09-19 21:02:33,42,0,0,8151
2026-09-19 21:02:43,42,0,0,8151
2026-09-19 21:02:54,42,0,0,8151
2026-09-19 21:03:05,43,0,0,8151
2026-09-19 21:03:16,43,0,0,8151
2026-09-19 21:03:26,42,0,0,8151
2026-09-19 21:03:37,42,0,0,8151
2026-09-19 21:03:48,42,0,0,8151
2026-09-19 21:03:59,42,0,0,8151
2026-09-19 21:04:09,42,0,0,8151
2026-09-19 21:04:20,42,0,0,8151
2026-09-19 21:04:31,42,0,0,8151
2026-09-19 21:04:41,42,0,0,8151
2026-09-19 21:04:52,42,0,0,8151
2026-09-19 21:05:03,42,0,0,8151
2026-09-19 21:05:14,42,0,0,8151
2026-09-19 21:05:24,42,0,0,8151
2026-09-19 21:05:35,42,0,0,8151
2026-09-19 21:05:46,42,0,0,8151
2026-09-19 21:05:57,42,0,0,8151
2026-09-19 21:06:07,43,0,0,8151
2026-09-19 21:06:18,42,0,0,8151
2026-09-19 21:06:29,42,0,0,8151
2026-09-19 21:06:40,42,0,0,8151
2026-09-19 21:06:51,43,0,0,8151
2026-09-19 21:07:01,43,0,0,8151
