timestamp,temp_c,util_pct,mem_used_mib,mem_total_mib
2026-09-17 20:55:09,43,0,0,8151
2026-09-17 20:55:21,43,0,0,8151
2026-09-17 20:55:32,43,0,0,8151
2026-09-17 20:55:42,44,0,0,8151
2026-09-17 20:55:53,54,96,7880,8151
2026-09-17 20:56:03,51,96,7880,8151
2026-09-17 20:56:13,52,100,7882,8151
2026-09-17 20:56:24,53,100,7882,8151
2026-09-17 20:56:34,54,100,7882,8151
2026-09-17 20:56:44,54,100,7882,8151
2026-09-17 20:56:54,55,100,7882,8151
2026-09-17 20:57:04,54,1,7882,8151
2026-09-17 20:57:14,56,100,7882,8151
2026-09-17 20:57:25,57,100,7882,8151
2026-09-17 20:57:35,56,100,7882,8151
2026-09-17 20:57:45,56,100,7882,8151
2026-09-17 20:57:55,56,100,7882,8151
2026-09-17 20:58:05,57,99,7882,8151
2026-09-17 20:58:16,56,100,7882,8151
2026-09-17 20:58:26,55,100,7882,8151
2026-09-17 20:58:36,56,100,7882,8151
2026-09-17 20:58:46,55,100,7882,8151
2026-09-17 20:58:56,56,99,7882,8151
2026-09-17 20:59:06,55,100,7882,8151
2026-09-17 20:59:17,56,100,7882,8151
2026-09-17 20:59:27,56,100,7882,8151
2026-09-17 20:59:37,55,100,7882,8151
2026-09-17 20:59:47,56,100,7882,8151
2026-09-17 20:59:57,55,99,7882,8151
2026-09-17 21:00:07,56,99,7882,8151
2026-09-17 21:00:18,55,100,7882,8151
2026-09-17 21:00:28,57,97,7882,8151
2026-09-17 21:00:38,55,100,7882,8151
2026-09-17 21:00:48,60,100,7882,8151
2026-09-17 21:00:58,56,99,7882,8151
2026-09-17 21:01:08,56,100,7882,8151
2026-09-17 21:01:19,55,99,7882,8151
2026-09-17 21:01:29,56,99,7882,8151
2026-09-17 21:01:39,64,98,7882,8151
2026-09-17 21:01:49,56,100,7882,8151
2026-09-17 21:01:59,56,98,7882,8151
2026-09-17 21:02:09,55,100,7882,8151
2026-09-17 21:02:20,56,100,7882,8151
2026-09-17 21:02:30,57,100,7882,8151
2026-09-17 21:02:40,56,100,7882,8151
2026-09-17 21:02:50,57,100,7882,8151
2026-09-17 21:03:00,56,100,7882,8151
2026-09-17 21:03:11,53,20,7882,8151
2026-09-17 21:03:21,56,99,7882,8151
2026-09-17 21:03:31,55,100,7882,8151
2026-09-17 21:03:41,58,100,7882,8151
2026-09-17 21:03:51,56,100,7882,8151
2026-09-17 21:04:01,57,99,7882,8151
2026-09-17 21:04:11,56,100,7882,8151
2026-09-17 21:04:22,56,100,7882,8151
2026-09-17 21:04:32,56,99,7882,8151
2026-09-17 21:04:42,56,100,7882,8151
2026-09-17 21:04:52,59,100,7882,8151
2026-09-17 21:05:02,57,99,7882,8151
2026-09-17 21:05:13,56,100,7882,8151
2026-09-17 21:05:23,55,100,7882,8151
2026-09-17 21:05:33,56,99,7882,8151
2026-09-17 21:05:43,56,100,7882,8151
2026-09-17 21:05:53,57,100,7882,8151
2026-09-17 21:06:03,56,100,7882,8151
2026-09-17 21:06:13,56,100,7882,8151
2026-09-17 21:06:24,56,100,7882,8151
2026-09-17 21:06:34,56,100,7882,8151
2026-09-17 21:06:44,57,100,7882,8151
2026-09-17 21:06:54,56,100,7882,8151
2026-09-17 21:07:04,61,99,7882,8151
2026-09-17 21:07:15,56,100,7882,8151
2026-09-17 21:07:25,56,100,7882,8151
2026-09-17 21:07:35,54,0,7882,8151
2026-09-17 21:07:45,60,96,7882,8151
2026-09-17 21:07:55,56,100,7882,8151
2026-09-17 21:08:06,56,99,7882,8151
2026-09-17 21:08:16,57,99,7882,8151
2026-09-17 21:08:26,60,97,7882,8151
2026-09-17 21:08:36,56,100,7882,8151
2026-09-17 21:08:46,54,0,7882,8151
2026-09-17 21:08:57,56,100,7882,8151
2026-09-17 21:09:07,56,100,7882,8151
2026-09-17 21:09:17,57,100,7882,8151
2026-09-17 21:09:27,58,99,7882,8151
2026-09-17 21:09:37,56,100,7882,8151
2026-09-17 21:09:47,56,100,7882,8151
2026-09-17 21:09:58,56,99,7882,8151
2026-09-17 21:10:08,58,99,7882,8151
2026-09-17 21:10:18,57,99,7882,8151
2026-09-17 21:10:28,56,100,7882,8151
2026-09-17 21:10:38,57,99,7882,8151
2026-09-17 21:10:48,57,100,7882,8151
2026-09-17 21:10:59,57,100,7882,8151
2026-09-17 21:11:09,56,100,7882,8151
2026-09-17 21:11:19,56,100,7882,8151
2026-09-17 21:11:29,56,100,7882,8151
2026-09-17 21:11:39,58,99,7882,8151
2026-09-17 21:11:49,57,100,7882,8151
2026-09-17 21:12:00,57,100,7882,8151
2026-09-17 21:12:10,57,99,7882,8151
2026-09-17 21:12:20,57,100,7882,8151
2026-09-17 21:12:30,56,100,7882,8151
2026-09-17 21:12:40,57,100,7882,8151
2026-09-17 21:12:50,57,100,7882,8151
2026-09-17 21:13:01,54,0,7882,8151
2026-09-17 21:13:11,58,97,7882,8151
2026-09-17 21:13:21,56,100,7882,8151
2026-09-17 21:13:31,57,99,7882,8151
2026-09-17 21:13:41,57,100,7882,8151
2026-09-17 21:13:51,55,0,7882,8151
2026-09-17 21:14:02,63,98,7882,8151
2026-09-17 21:14:12,57,100,7882,8151
2026-09-17 21:14:22,57,100,7882,8151
2026-09-17 21:14:32,56,100,7882,8151
2026-09-17 21:14:42,58,100,7882,8151
2026-09-17 21:14:53,57,100,7882,8151
2026-09-17 21:15:03,56,100,7882,8151
2026-09-17 21:15:13,58,99,7882,8151
2026-09-17 21:15:23,56,100,7882,8151
2026-09-17 21:15:33,60,100,7882,8151
2026-09-17 21:15:43,56,100,7882,8151
2026-09-17 21:15:54,57,100,7882,8151
2026-09-17 21:16:04,56,100,7882,8151
2026-09-17 21:16:14,57,100,7882,8151
2026-09-17 21:16:24,57,100,7882,8151
2026-09-17 21:16:34,54,0,7882,8151
2026-09-17 21:16:44,57,100,7882,8151
2026-09-17 21:16:55,56,100,7882,8151
2026-09-17 21:17:05,57,100,7882,8151
2026-09-17 21:17:15,57,100,7882,8151
2026-09-17 21:17:25,57,100,7882,8151
2026-09-17 21:17:35,56,100,7882,8151
2026-09-17 21:17:45,56,100,7882,8151
2026-09-17 21:17:56,56,100,7882,8151
2026-09-17 21:18:06,57,100,7882,8151
2026-09-17 21:18:16,56,100,7882,8151
2026-09-17 21:18:26,56,100,7882,8151
2026-09-17 21:18:36,56,100,7882,8151
2026-09-17 21:18:46,56,100,7882,8151
2026-09-17 21:18:57,56,100,7882,8151
2026-09-17 21:19:07,61,98,7882,8151
2026-09-17 21:19:17,56,100,7882,8151
2026-09-17 21:19:27,58,97,7882,8151
2026-09-17 21:19:37,56,100,7882,8151
2026-09-17 21:19:47,56,100,7882,8151
2026-09-17 21:19:58,65,97,7882,8151
2026-09-17 21:20:08,57,100,7882,8151
2026-09-17 21:20:18,63,99,7882,8151
2026-09-17 21:20:28,56,100,7882,8151
2026-09-17 21:20:38,55,99,7882,8151
2026-09-17 21:20:49,54,100,7882,8151
2026-09-17 21:20:59,55,100,7882,8151
2026-09-17 21:21:09,54,99,7882,8151
2026-09-17 21:21:19,55,97,7882,8151
2026-09-17 21:21:29,63,87,7882,8151
2026-09-17 21:21:40,54,100,7882,8151
2026-09-17 21:21:50,54,99,7882,8151
2026-09-17 21:22:00,53,100,7882,8151
2026-09-17 21:22:10,54,97,7882,8151
2026-09-17 21:22:20,54,100,7882,8151
2026-09-17 21:22:31,54,100,7882,8151
2026-09-17 21:22:41,55,100,7882,8151
2026-09-17 21:22:51,55,100,7882,8151
2026-09-17 21:23:01,58,65,7882,8151
2026-09-17 21:23:11,56,100,7882,8151
2026-09-17 21:23:22,55,100,7882,8151
2026-09-17 21:23:32,55,98,7882,8151
2026-09-17 21:23:42,56,98,7882,8151
2026-09-17 21:23:52,53,0,7882,8151
2026-09-17 21:24:03,55,99,7882,8151
2026-09-17 21:24:13,55,99,7882,8151
2026-09-17 21:24:23,55,98,7882,8151
2026-09-17 21:24:33,54,99,7882,8151
2026-09-17 21:24:43,54,100,7882,8151
2026-09-17 21:24:54,54,100,7882,8151
2026-09-17 21:25:04,54,100,7882,8151
2026-09-17 21:25:14,54,100,7882,8151
2026-09-17 21:25:24,56,100,7882,8151
2026-09-17 21:25:34,53,0,7882,8151
2026-09-17 21:25:45,56,100,7882,8151
2026-09-17 21:25:55,56,97,7882,8151
2026-09-17 21:26:05,58,99,7882,8151
2026-09-17 21:26:15,56,100,7882,8151
2026-09-17 21:26:26,56,96,7882,8151
2026-09-17 21:26:36,55,100,7882,8151
2026-09-17 21:26:46,54,97,7882,8151
2026-09-17 21:26:56,55,98,7882,8151
2026-09-17 21:27:06,54,97,7882,8151
2026-09-17 21:27:17,57,88,7882,8151
2026-09-17 21:27:27,54,98,7882,8151
2026-09-17 21:27:37,55,100,7882,8151
2026-09-17 21:27:47,55,100,7882,8151
2026-09-17 21:27:58,55,100,7882,8151
2026-09-17 21:28:08,55,100,7882,8151
2026-09-17 21:28:18,56,98,7882,8151
2026-09-17 21:28:28,55,100,7882,8151
2026-09-17 21:28:38,55,100,7882,8151
2026-09-17 21:28:49,55,100,7882,8151
2026-09-17 21:28:59,57,100,7882,8151
2026-09-17 21:29:09,56,98,7882,8151
2026-09-17 21:29:19,56,100,7882,8151
2026-09-17 21:29:29,56,100,7882,8151
2026-09-17 21:29:40,58,99,7882,8151
2026-09-17 21:29:50,56,100,7882,8151
2026-09-17 21:30:00,57,99,7882,8151
2026-09-17 21:30:10,56,100,7882,8151
2026-09-17 21:30:20,53,0,7882,8151
2026-09-17 21:30:31,55,100,7882,8151
2026-09-17 21:30:41,52,0,7882,8151
2026-09-17 21:30:51,55,100,7882,8151
2026-09-17 21:31:01,55,100,7882,8151
2026-09-17 21:31:11,54,99,7882,8151
2026-09-17 21:31:22,55,99,7882,8151
2026-09-17 21:31:32,55,100,7882,8151
2026-09-17 21:31:42,55,100,7882,8151
2026-09-17 21:31:52,55,100,7882,8151
2026-09-17 21:32:02,55,100,7882,8151
2026-09-17 21:32:12,56,100,7882,8151
2026-09-17 21:32:23,55,100,7882,8151
2026-09-17 21:32:33,64,98,7882,8151
2026-09-17 21:32:43,56,100,7882,8151
2026-09-17 21:32:53,55,100,7882,8151
2026-09-17 21:33:03,55,100,7882,8151
2026-09-17 21:33:13,55,100,7882,8151
2026-09-17 21:33:23,55,100,7882,8151
2026-09-17 21:33:34,55,99,7882,8151
2026-09-17 21:33:44,55,100,7882,8151
2026-09-17 21:33:54,55,100,7882,8151
2026-09-17 21:34:04,55,100,7882,8151
2026-09-17 21:34:14,55,100,7882,8151
2026-09-17 21:34:24,56,100,7882,8151
2026-09-17 21:34:35,56,99,7882,8151
2026-09-17 21:34:45,55,97,7882,8151
2026-09-17 21:34:55,54,76,7882,8151
2026-09-17 21:35:05,55,100,7882,8151
2026-09-17 21:35:15,55,99,7882,8151
2026-09-17 21:35:25,55,100,7882,8151
2026-09-17 21:35:36,55,100,7882,8151
2026-09-17 21:35:46,61,96,7882,8151
2026-09-17 21:35:56,55,100,7882,8151
2026-09-17 21:36:06,55,98,7882,8151
2026-09-17 21:36:16,55,100,7882,8151
2026-09-17 21:36:26,55,100,7882,8151
2026-09-17 21:36:37,56,100,7882,8151
2026-09-17 21:36:47,56,100,7882,8151
2026-09-17 21:36:57,56,100,7882,8151
2026-09-17 21:37:07,56,100,7882,8151
2026-09-17 21:37:17,55,100,7882,8151
2026-09-17 21:37:27,55,100,7882,8151
2026-09-17 21:37:37,57,98,7882,8151
2026-09-17 21:37:48,56,100,7882,8151
2026-09-17 21:37:58,56,100,7882,8151
2026-09-17 21:38:08,56,100,7882,8151
2026-09-17 21:38:18,56,100,7882,8151
2026-09-17 21:38:28,56,100,7882,8151
2026-09-17 21:38:38,56,100,7882,8151
2026-09-17 21:38:49,56,100,7882,8151
2026-09-17 21:38:59,56,100,7882,8151
2026-09-17 21:39:09,57,99,7882,8151
2026-09-17 21:39:19,56,100,7882,8151
2026-09-17 21:39:29,56,100,7882,8151
2026-09-17 21:39:39,56,100,7882,8151
2026-09-17 21:39:50,56,100,7882,8151
2026-09-17 21:40:00,58,99,7882,8151
2026-09-17 21:40:10,56,100,7882,8151
2026-09-17 21:40:20,57,100,7882,8151
2026-09-17 21:40:30,56,100,7882,8151
2026-09-17 21:40:40,58,99,7882,8151
2026-09-17 21:40:50,56,100,7882,8151
2026-09-17 21:41:01,56,99,7882,8151
2026-09-17 21:41:11,56,100,7882,8151
2026-09-17 21:41:21,54,0,7882,8151
2026-09-17 21:41:31,56,100,7882,8151
2026-09-17 21:41:41,56,99,7882,8151
2026-09-17 21:41:52,65,99,7882,8151
2026-09-17 21:42:02,56,100,7882,8151
2026-09-17 21:42:12,59,99,7882,8151
2026-09-17 21:42:22,56,100,7882,8151
2026-09-17 21:42:32,56,99,7882,8151
2026-09-17 21:42:42,56,100,7882,8151
2026-09-17 21:42:52,56,100,7882,8151
2026-09-17 21:43:03,57,100,7882,8151
2026-09-17 21:43:13,57,98,7882,8151
2026-09-17 21:43:23,56,100,7882,8151
2026-09-17 21:43:33,56,99,7882,8151
2026-09-17 21:43:43,57,100,7882,8151
2026-09-17 21:43:53,64,97,7882,8151
2026-09-17 21:44:04,58,99,7882,8151
2026-09-17 21:44:14,56,100,7882,8151
2026-09-17 21:44:24,57,100,7882,8151
2026-09-17 21:44:34,57,100,7882,8151
2026-09-17 21:44:44,57,99,7882,8151
2026-09-17 21:44:54,57,99,7882,8151
2026-09-17 21:45:05,57,100,7882,8151
2026-09-17 21:45:15,53,0,0,8151
2026-09-17 21:45:27,51,0,0,8151
2026-09-17 21:45:38,49,0,0,8151
2026-09-17 21:45:48,48,0,0,8151
2026-09-17 21:45:59,47,0,0,8151
2026-09-17 21:46:10,46,0,0,8151
2026-09-17 21:46:21,46,0,0,8151
2026-09-17 21:46:31,46,0,0,8151
2026-09-17 21:46:41,51,100,7880,8151
2026-09-17 21:46:52,52,100,7882,8151
2026-09-17 21:47:02,55,98,7882,8151
2026-09-17 21:47:12,55,100,7882,8151
2026-09-17 21:47:22,54,100,7882,8151
2026-09-17 21:47:32,55,100,7882,8151
2026-09-17 21:47:42,55,100,7882,8151
2026-09-17 21:47:53,56,100,7882,8151
2026-09-17 21:48:03,56,100,7882,8151
2026-09-17 21:48:13,63,98,7882,8151
2026-09-17 21:48:23,56,38,7882,8151
2026-09-17 21:48:33,56,99,7882,8151
2026-09-17 21:48:43,55,100,7882,8151
2026-09-17 21:48:54,57,99,7882,8151
2026-09-17 21:49:04,55,100,7882,8151
2026-09-17 21:49:14,59,99,7882,8151
2026-09-17 21:49:24,56,99,7882,8151
2026-09-17 21:49:34,56,99,7882,8151
2026-09-17 21:49:44,56,100,7882,8151
2026-09-17 21:49:55,55,100,7882,8151
2026-09-17 21:50:05,55,100,7882,8151
2026-09-17 21:50:15,55,99,7882,8151
2026-09-17 21:50:25,56,100,7882,8151
2026-09-17 21:50:35,56,100,7882,8151
2026-09-17 21:50:45,56,100,7882,8151
2026-09-17 21:50:55,58,98,7882,8151
2026-09-17 21:51:06,55,100,7882,8151
2026-09-17 21:51:16,56,100,7882,8151
2026-09-17 21:51:26,55,100,7882,8151
2026-09-17 21:51:36,58,98,7882,8151
2026-09-17 21:51:46,55,100,7882,8151
2026-09-17 21:51:56,56,99,7882,8151
2026-09-17 21:52:07,55,99,7882,8151
2026-09-17 21:52:17,55,100,7882,8151
2026-09-17 21:52:27,58,99,7882,8151
2026-09-17 21:52:37,55,100,7882,8151
2026-09-17 21:52:47,55,100,7882,8151
2026-09-17 21:52:57,55,99,7882,8151
2026-09-17 21:53:07,55,99,7882,8151
2026-09-17 21:53:18,55,100,7882,8151
2026-09-17 21:53:28,55,99,7882,8151
2026-09-17 21:53:38,57,100,7882,8151
2026-09-17 21:53:48,56,99,7882,8151
2026-09-17 21:53:58,53,0,7882,8151
2026-09-17 21:54:08,55,100,7882,8151
2026-09-17 21:54:19,55,100,7882,8151
2026-09-17 21:54:29,55,100,7882,8151
2026-09-17 21:54:39,55,100,7882,8151
2026-09-17 21:54:49,55,100,7882,8151
2026-09-17 21:54:59,55,99,7882,8151
2026-09-17 21:55:09,56,100,7882,8151
2026-09-17 21:55:20,56,100,7882,8151
2026-09-17 21:55:30,56,100,7882,8151
2026-09-17 21:55:40,55,100,7882,8151
2026-09-17 21:55:50,55,100,7882,8151
2026-09-17 21:56:00,55,100,7882,8151
2026-09-17 21:56:10,62,94,7882,8151
2026-09-17 21:56:20,56,100,7882,8151
2026-09-17 21:56:30,55,100,7882,8151
2026-09-17 21:56:41,55,100,7882,8151
2026-09-17 21:56:51,55,100,7882,8151
2026-09-17 21:57:01,54,100,7882,8151
2026-09-17 21:57:11,54,100,7882,8151
2026-09-17 21:57:22,54,100,7882,8151
2026-09-17 21:57:32,53,100,7882,8151
2026-09-17 21:57:42,51,0,7882,8151
2026-09-17 21:57:52,57,100,7882,8151
2026-09-17 21:58:03,53,99,7882,8151
2026-09-17 21:58:13,54,100,7882,8151
2026-09-17 21:58:23,54,99,7882,8151
2026-09-17 21:58:34,53,98,7882,8151
2026-09-17 21:58:44,53,100,7882,8151
2026-09-17 21:58:54,49,0,0,8151
2026-09-17 21:59:07,47,0,0,8151
2026-09-17 21:59:17,46,0,0,8151
2026-09-17 21:59:28,46,0,0,8151
2026-09-17 21:59:39,46,0,0,8151
2026-09-17 21:59:50,45,0,0,8151
2026-09-17 22:00:00,44,0,0,8151
2026-09-17 22:00:11,44,0,0,8151
2026-09-17 22:00:22,52,80,7870,8151
2026-09-17 22:00:32,49,100,7880,8151
2026-09-17 22:00:42,51,100,7882,8151
2026-09-17 22:00:52,51,100,7882,8151
2026-09-17 22:01:02,55,99,7882,8151
2026-09-17 22:01:12,53,100,7882,8151
2026-09-17 22:01:23,53,100,7882,8151
2026-09-17 22:01:33,57,99,7882,8151
2026-09-17 22:01:43,54,100,7882,8151
2026-09-17 22:01:53,54,100,7882,8151
2026-09-17 22:02:03,52,0,7882,8151
2026-09-17 22:02:13,55,100,7882,8151
2026-09-17 22:02:24,55,100,7882,8151
2026-09-17 22:02:34,55,100,7882,8151
2026-09-17 22:02:44,54,100,7882,8151
2026-09-17 22:02:54,55,100,7882,8151
2026-09-17 22:03:04,57,98,7882,8151
2026-09-17 22:03:15,54,100,7882,8151
2026-09-17 22:03:25,56,98,7882,8151
2026-09-17 22:03:35,62,95,7882,8151
2026-09-17 22:03:45,55,100,7882,8151
2026-09-17 22:03:55,53,0,7882,8151
2026-09-17 22:04:05,55,100,7882,8151
2026-09-17 22:04:16,54,100,7882,8151
2026-09-17 22:04:26,54,100,7882,8151
2026-09-17 22:04:36,54,100,7882,8151
2026-09-17 22:04:46,54,100,7882,8151
2026-09-17 22:04:56,53,100,7882,8151
2026-09-17 22:05:06,55,100,7882,8151
2026-09-17 22:05:16,55,100,7882,8151
2026-09-17 22:05:27,62,98,7882,8151
2026-09-17 22:05:37,60,97,7882,8151
2026-09-17 22:05:47,55,100,7882,8151
2026-09-17 22:05:57,56,100,7882,8151
2026-09-17 22:06:07,56,99,7882,8151
2026-09-17 22:06:17,56,100,7882,8151
2026-09-17 22:06:28,56,100,7882,8151
2026-09-17 22:06:38,57,99,7882,8151
2026-09-17 22:06:48,56,100,7882,8151
2026-09-17 22:06:58,57,99,7882,8151
2026-09-17 22:07:08,63,98,7882,8151
2026-09-17 22:07:18,58,97,7882,8151
2026-09-17 22:07:28,57,99,7882,8151
2026-09-17 22:07:39,55,100,7882,8151
2026-09-17 22:07:49,55,100,7882,8151
2026-09-17 22:07:59,53,99,7882,8151
2026-09-17 22:08:09,55,100,7882,8151
2026-09-17 22:08:19,55,100,7882,8151
2026-09-17 22:08:29,53,0,7882,8151
2026-09-17 22:08:40,55,100,7882,8151
2026-09-17 22:08:50,55,100,7882,8151
2026-09-17 22:09:00,57,99,7882,8151
2026-09-17 22:09:10,55,100,7882,8151
2026-09-17 22:09:20,54,100,7882,8151
2026-09-17 22:09:30,55,99,7882,8151
2026-09-17 22:09:40,54,100,7882,8151
2026-09-17 22:09:51,54,100,7882,8151
2026-09-17 22:10:01,56,99,7882,8151
2026-09-17 22:10:11,55,100,7882,8151
2026-09-17 22:10:21,63,98,7882,8151
2026-09-17 22:10:31,55,99,7882,8151
2026-09-17 22:10:41,54,100,7882,8151
2026-09-17 22:10:51,54,100,7882,8151
2026-09-17 22:11:02,55,100,7882,8151
2026-09-17 22:11:12,54,100,7882,8151
2026-09-17 22:11:22,55,99,7882,8151
2026-09-17 22:11:32,55,99,7882,8151
2026-09-17 22:11:42,54,100,7882,8151
2026-09-17 22:11:52,56,99,7882,8151
2026-09-17 22:12:02,55,100,7882,8151
2026-09-17 22:12:13,56,99,7882,8151
2026-09-17 22:12:23,55,100,7882,8151
2026-09-17 22:12:33,52,0,7882,8151
2026-09-17 22:12:43,55,100,7882,8151
2026-09-17 22:12:53,55,100,7882,8151
2026-09-17 22:13:03,55,99,7882,8151
2026-09-17 22:13:13,55,99,7882,8151
2026-09-17 22:13:24,55,100,7882,8151
2026-09-17 22:13:34,55,99,7882,8151
2026-09-17 22:13:44,55,100,7882,8151
2026-09-17 22:13:54,57,99,7882,8151
2026-09-17 22:14:04,55,100,7882,8151
2026-09-17 22:14:14,55,99,7882,8151
2026-09-17 22:14:24,55,100,7882,8151
2026-09-17 22:14:35,55,100,7882,8151
2026-09-17 22:14:45,55,99,7882,8151
2026-09-17 22:14:55,56,100,7882,8151
2026-09-17 22:15:05,55,100,7882,8151
2026-09-17 22:15:15,55,100,7882,8151
2026-09-17 22:15:25,54,100,7882,8151
2026-09-17 22:15:36,55,100,7882,8151
2026-09-17 22:15:46,55,100,7882,8151
2026-09-17 22:15:56,55,99,7882,8151
2026-09-17 22:16:06,54,100,7882,8151
2026-09-17 22:16:16,55,100,7882,8151
2026-09-17 22:16:26,55,99,7882,8151
2026-09-17 22:16:36,54,100,7882,8151
2026-09-17 22:16:47,56,100,7882,8151
2026-09-17 22:16:57,60,97,7882,8151
2026-09-17 22:17:07,54,100,7882,8151
2026-09-17 22:17:17,52,0,7882,8151
2026-09-17 22:17:27,55,100,7882,8151
2026-09-17 22:17:38,54,100,7882,8151
2026-09-17 22:17:48,55,100,7882,8151
2026-09-17 22:17:58,55,100,7882,8151
2026-09-17 22:18:08,54,98,7882,8151
2026-09-17 22:18:18,55,100,7882,8151
2026-09-17 22:18:28,55,100,7882,8151
2026-09-17 22:18:38,55,100,7882,8151
2026-09-17 22:18:49,54,100,7882,8151
2026-09-17 22:18:59,55,99,7882,8151
2026-09-17 22:19:09,55,100,7882,8151
2026-09-17 22:19:19,63,96,7882,8151
2026-09-17 22:19:29,54,100,7882,8151
2026-09-17 22:19:39,54,100,7882,8151
2026-09-17 22:19:49,54,100,7882,8151
2026-09-17 22:20:00,55,99,7882,8151
2026-09-17 22:20:10,54,100,7882,8151
2026-09-17 22:20:20,55,100,7882,8151
2026-09-17 22:20:30,55,100,7882,8151
2026-09-17 22:20:40,54,100,7882,8151
2026-09-17 22:20:50,54,99,7882,8151
2026-09-17 22:21:00,54,100,7882,8151
2026-09-17 22:21:11,56,100,7882,8151
2026-09-17 22:21:21,54,100,7882,8151
2026-09-17 22:21:31,54,100,7882,8151
2026-09-17 22:21:41,55,74,7882,8151
2026-09-17 22:21:51,56,93,7882,8151
2026-09-17 22:22:01,55,100,7882,8151
2026-09-17 22:22:11,54,100,7882,8151
2026-09-17 22:22:22,52,0,7882,8151
2026-09-17 22:22:32,54,100,7882,8151
2026-09-17 22:22:42,55,100,7882,8151
2026-09-17 22:22:52,55,100,7882,8151
2026-09-17 22:23:02,54,100,7882,8151
2026-09-17 22:23:12,54,100,7882,8151
2026-09-17 22:23:22,61,98,7882,8151
2026-09-17 22:23:33,54,100,7882,8151
2026-09-17 22:23:43,55,99,7882,8151
2026-09-17 22:23:53,54,100,7882,8151
2026-09-17 22:24:03,54,100,7882,8151
2026-09-17 22:24:13,56,99,7882,8151
2026-09-17 22:24:23,58,98,7882,8151
2026-09-17 22:24:34,54,99,7882,8151
2026-09-17 22:24:44,55,100,7882,8151
2026-09-17 22:24:54,55,99,7882,8151
2026-09-17 22:25:04,56,99,7882,8151
2026-09-17 22:25:14,54,100,7882,8151
2026-09-17 22:25:24,54,99,7882,8151
2026-09-17 22:25:34,54,100,7882,8151
2026-09-17 22:25:45,56,100,7882,8151
2026-09-17 22:25:55,54,100,7882,8151
2026-09-17 22:26:05,56,99,7882,8151
2026-09-17 22:26:15,54,100,7882,8151
2026-09-17 22:26:25,52,0,7882,8151
2026-09-17 22:26:35,58,97,7882,8151
2026-09-17 22:26:46,55,100,7882,8151
2026-09-17 22:26:56,54,100,7882,8151
2026-09-17 22:27:06,52,0,7882,8151
2026-09-17 22:27:16,54,100,7882,8151
2026-09-17 22:27:26,54,100,7882,8151
2026-09-17 22:27:36,54,100,7882,8151
2026-09-17 22:27:47,55,99,7882,8151
2026-09-17 22:27:57,54,100,7882,8151
2026-09-17 22:28:07,60,98,7882,8151
2026-09-17 22:28:17,54,100,7882,8151
2026-09-17 22:28:27,55,100,7882,8151
2026-09-17 22:28:37,54,100,7882,8151
2026-09-17 22:28:47,54,100,7882,8151
2026-09-17 22:28:58,54,99,7882,8151
2026-09-17 22:29:08,54,100,7882,8151
2026-09-17 22:29:18,54,100,7882,8151
2026-09-17 22:29:28,54,100,7882,8151
2026-09-17 22:29:38,55,99,7882,8151
2026-09-17 22:29:48,54,100,7882,8151
2026-09-17 22:29:59,59,100,7882,8151
2026-09-17 22:30:09,51,0,7882,8151
2026-09-17 22:30:19,54,100,7882,8151
2026-09-17 22:30:29,54,99,7882,8151
2026-09-17 22:30:39,54,99,7882,8151
2026-09-17 22:30:49,59,99,7882,8151
2026-09-17 22:30:59,54,99,7882,8151
2026-09-17 22:31:10,59,99,7882,8151
2026-09-17 22:31:20,55,100,7882,8151
2026-09-17 22:31:30,54,100,7882,8151
2026-09-17 22:31:40,52,0,7882,8151
2026-09-17 22:31:50,55,100,7882,8151
2026-09-17 22:32:00,54,100,7882,8151
2026-09-17 22:32:11,54,100,7882,8151
2026-09-17 22:32:21,56,8,7882,8151
2026-09-17 22:32:31,54,100,7882,8151
2026-09-17 22:32:41,58,99,7882,8151
2026-09-17 22:32:51,54,100,7882,8151
2026-09-17 22:33:01,55,99,7882,8151
2026-09-17 22:33:11,54,98,7882,8151
2026-09-17 22:33:22,54,100,7882,8151
2026-09-17 22:33:32,55,100,7882,8151
2026-09-17 22:33:42,56,99,7882,8151
2026-09-17 22:33:52,54,100,7882,8151
2026-09-17 22:34:02,55,10,7882,8151
2026-09-17 22:34:12,54,100,7882,8151
2026-09-17 22:34:23,54,100,7882,8151
2026-09-17 22:34:33,54,100,7882,8151
2026-09-17 22:34:43,54,100,7882,8151
2026-09-17 22:34:53,54,100,7882,8151
2026-09-17 22:35:03,54,100,7882,8151
2026-09-17 22:35:13,54,100,7882,8151
2026-09-17 22:35:23,54,100,7882,8151
2026-09-17 22:35:34,54,100,7882,8151
2026-09-17 22:35:44,54,99,7882,8151
2026-09-17 22:35:54,54,100,7882,8151
2026-09-17 22:36:04,54,100,7882,8151
2026-09-17 22:36:14,54,100,7882,8151
2026-09-17 22:36:24,54,100,7882,8151
2026-09-17 22:36:35,55,98,7882,8151
2026-09-17 22:36:45,54,100,7882,8151
2026-09-17 22:36:55,51,0,7882,8151
2026-09-17 22:37:05,54,100,7882,8151
2026-09-17 22:37:15,51,0,7882,8151
2026-09-17 22:37:25,54,100,7882,8151
2026-09-17 22:37:36,54,100,7882,8151
2026-09-17 22:37:46,57,98,7882,8151
2026-09-17 22:37:56,55,100,7882,8151
2026-09-17 22:38:06,54,99,7882,8151
2026-09-17 22:38:16,58,98,7882,8151
2026-09-17 22:38:26,54,100,7882,8151
2026-09-17 22:38:36,54,100,7882,8151
2026-09-17 22:38:47,54,100,7882,8151
2026-09-17 22:38:57,55,99,7882,8151
2026-09-17 22:39:07,54,100,7882,8151
2026-09-17 22:39:17,51,0,7882,8151
2026-09-17 22:39:27,54,100,7882,8151
2026-09-17 22:39:37,61,98,7882,8151
2026-09-17 22:39:48,54,100,7882,8151
2026-09-17 22:39:58,54,100,7882,8151
2026-09-17 22:40:08,54,100,7882,8151
2026-09-17 22:40:18,54,100,7882,8151
2026-09-17 22:40:28,54,99,7882,8151
2026-09-17 22:40:38,54,99,7882,8151
2026-09-17 22:40:48,54,100,7882,8151
2026-09-17 22:40:59,54,100,7882,8151
2026-09-17 22:41:09,54,100,7882,8151
2026-09-17 22:41:19,54,100,7882,8151
2026-09-17 22:41:29,54,100,7882,8151
2026-09-17 22:41:39,53,100,7882,8151
2026-09-17 22:41:49,54,96,7882,8151
2026-09-17 22:41:59,55,100,7882,8151
2026-09-17 22:42:10,60,96,7882,8151
2026-09-17 22:42:20,56,99,7882,8151
2026-09-17 22:42:30,62,99,7882,8151
2026-09-17 22:42:40,54,0,7882,8151
2026-09-17 22:42:50,56,100,7882,8151
2026-09-17 22:43:00,60,99,7882,8151
2026-09-17 22:43:10,56,100,7882,8151
2026-09-17 22:43:21,57,100,7882,8151
2026-09-17 22:43:31,56,100,7882,8151
2026-09-17 22:43:41,57,99,7882,8151
2026-09-17 22:43:51,56,100,7882,8151
2026-09-17 22:44:01,55,100,7882,8151
2026-09-17 22:44:11,55,100,7882,8151
2026-09-17 22:44:22,55,99,7882,8151
2026-09-17 22:44:32,55,100,7882,8151
2026-09-17 22:44:42,55,100,7882,8151
2026-09-17 22:44:52,54,100,7882,8151
2026-09-17 22:45:02,55,99,7882,8151
2026-09-17 22:45:12,54,100,7882,8151
2026-09-17 22:45:22,55,100,7882,8151
2026-09-17 22:45:33,52,0,7882,8151
2026-09-17 22:45:43,55,100,7882,8151
2026-09-17 22:45:53,54,100,7882,8151
2026-09-17 22:46:03,56,97,7882,8151
2026-09-17 22:46:13,54,100,7882,8151
2026-09-17 22:46:23,55,100,7882,8151
2026-09-17 22:46:34,55,99,7882,8151
2026-09-17 22:46:44,55,100,7882,8151
2026-09-17 22:46:54,55,99,7882,8151
2026-09-17 22:47:04,54,100,7882,8151
2026-09-17 22:47:14,56,97,7882,8151
2026-09-17 22:47:24,54,100,7882,8151
2026-09-17 22:47:35,54,100,7882,8151
2026-09-17 22:47:45,54,100,7882,8151
2026-09-17 22:47:55,61,100,7882,8151
2026-09-17 22:48:05,54,100,7882,8151
2026-09-17 22:48:15,56,100,7882,8151
2026-09-17 22:48:25,59,100,7882,8151
2026-09-17 22:48:35,54,100,7882,8151
2026-09-17 22:48:46,54,100,7882,8151
2026-09-17 22:48:56,54,100,7882,8151
2026-09-17 22:49:06,56,98,7882,8151
2026-09-17 22:49:16,54,100,7882,8151
2026-09-17 22:49:26,57,99,7882,8151
2026-09-17 22:49:36,54,100,7882,8151
2026-09-17 22:49:46,54,100,7882,8151
2026-09-17 22:49:57,54,100,7882,8151
2026-09-17 22:50:07,57,100,7882,8151
2026-09-17 22:50:17,55,100,7882,8151
2026-09-17 22:50:27,55,100,7882,8151
2026-09-17 22:50:37,55,100,7882,8151
2026-09-17 22:50:47,56,100,7882,8151
2026-09-17 22:50:57,57,100,7882,8151
2026-09-17 22:51:08,56,100,7882,8151
2026-09-17 22:51:18,57,100,7882,8151
2026-09-17 22:51:28,56,100,7882,8151
2026-09-17 22:51:38,56,100,7882,8151
2026-09-17 22:51:48,57,100,7882,8151
2026-09-17 22:51:58,57,99,7882,8151
2026-09-17 22:52:08,63,97,7882,8151
2026-09-17 22:52:19,55,100,7882,8151
2026-09-17 22:52:29,55,100,7882,8151
2026-09-17 22:52:39,55,100,7882,8151
2026-09-17 22:52:49,55,100,7882,8151
2026-09-17 22:52:59,55,100,7882,8151
2026-09-17 22:53:09,56,100,7882,8151
2026-09-17 22:53:20,55,100,7882,8151
2026-09-17 22:53:30,54,100,7882,8151
2026-09-17 22:53:40,55,99,7882,8151
2026-09-17 22:53:50,54,100,7882,8151
2026-09-17 22:54:00,55,100,7882,8151
2026-09-17 22:54:10,55,99,7882,8151
2026-09-17 22:54:20,54,100,7882,8151
2026-09-17 22:54:31,54,100,7882,8151
2026-09-17 22:54:41,54,100,7882,8151
2026-09-17 22:54:51,55,100,7882,8151
2026-09-17 22:55:01,53,0,7882,8151
2026-09-17 22:55:11,58,98,7882,8151
2026-09-17 22:55:21,55,99,7882,8151
2026-09-17 22:55:31,55,100,7882,8151
2026-09-17 22:55:42,57,99,7882,8151
2026-09-17 22:55:52,55,100,7882,8151
2026-09-17 22:56:02,57,98,7882,8151
2026-09-17 22:56:12,52,0,7882,8151
2026-09-17 22:56:22,57,99,7882,8151
2026-09-17 22:56:32,54,100,7882,8151
2026-09-17 22:56:43,55,96,7882,8151
2026-09-17 22:56:53,61,94,7882,8151
2026-09-17 22:57:03,54,100,7882,8151
2026-09-17 22:57:13,54,100,7882,8151
2026-09-17 22:57:23,55,99,7882,8151
2026-09-17 22:57:33,54,100,7882,8151
2026-09-17 22:57:43,54,100,7882,8151
2026-09-17 22:57:54,54,100,7882,8151
2026-09-17 22:58:04,55,99,7882,8151
2026-09-17 22:58:14,54,100,7882,8151
2026-09-17 22:58:24,52,0,7882,8151
2026-09-17 22:58:34,54,100,7882,8151
2026-09-17 22:58:44,54,100,7882,8151
2026-09-17 22:58:55,55,97,7882,8151
2026-09-17 22:59:05,54,100,7882,8151
2026-09-17 22:59:15,54,99,7882,8151
2026-09-17 22:59:25,54,100,7882,8151
2026-09-17 22:59:35,54,100,7882,8151
2026-09-17 22:59:45,55,100,7882,8151
2026-09-17 22:59:55,55,100,7882,8151
2026-09-17 23:00:06,54,99,7882,8151
2026-09-17 23:00:16,54,100,7882,8151
2026-09-17 23:00:26,54,100,7882,8151
2026-09-17 23:00:36,54,100,7882,8151
2026-09-17 23:00:46,62,95,7882,8151
2026-09-17 23:00:56,55,100,7882,8151
2026-09-17 23:01:06,55,97,7882,8151
2026-09-17 23:01:17,54,99,7882,8151
2026-09-17 23:01:27,54,99,7882,8151
2026-09-17 23:01:37,54,100,7882,8151
2026-09-17 23:01:47,54,100,7882,8151
2026-09-17 23:01:57,55,99,7882,8151
2026-09-17 23:02:07,54,97,7882,8151
2026-09-17 23:02:18,54,99,7882,8151
2026-09-17 23:02:28,54,100,7882,8151
2026-09-17 23:02:38,54,100,7882,8151
2026-09-17 23:02:48,54,100,7882,8151
2026-09-17 23:02:58,52,0,7882,8151
2026-09-17 23:03:08,54,99,7882,8151
2026-09-17 23:03:18,54,100,7882,8151
2026-09-17 23:03:29,54,100,7882,8151
2026-09-17 23:03:39,54,100,7882,8151
2026-09-17 23:03:49,55,99,7882,8151
2026-09-17 23:03:59,55,0,7882,8151
2026-09-17 23:04:09,56,100,7882,8151
2026-09-17 23:04:19,57,100,7882,8151
2026-09-17 23:04:29,57,100,7882,8151
2026-09-17 23:04:40,56,100,7882,8151
2026-09-17 23:04:50,56,100,7882,8151
2026-09-17 23:05:00,56,100,7882,8151
2026-09-17 23:05:10,56,100,7882,8151
2026-09-17 23:05:20,56,100,7882,8151
2026-09-17 23:05:30,55,99,7882,8151
2026-09-17 23:05:40,56,99,7882,8151
2026-09-17 23:05:51,56,100,7882,8151
2026-09-17 23:06:01,55,100,7882,8151
2026-09-17 23:06:11,55,100,7882,8151
2026-09-17 23:06:21,55,100,7882,8151
2026-09-17 23:06:31,56,99,7882,8151
2026-09-17 23:06:41,61,97,7882,8151
2026-09-17 23:06:52,54,100,7882,8151
2026-09-17 23:07:02,52,0,7882,8151
2026-09-17 23:07:12,54,100,7882,8151
2026-09-17 23:07:22,51,0,7882,8151
2026-09-17 23:07:32,54,100,7882,8151
2026-09-17 23:07:42,54,100,7882,8151
2026-09-17 23:07:52,55,99,7882,8151
2026-09-17 23:08:03,54,99,7882,8151
2026-09-17 23:08:13,54,100,7882,8151
2026-09-17 23:08:23,54,100,7882,8151
2026-09-17 23:08:33,53,100,7882,8151
2026-09-17 23:08:43,53,0,7882,8151
2026-09-17 23:08:53,55,100,7882,8151
2026-09-17 23:09:04,56,92,7882,8151
2026-09-17 23:09:14,55,98,7882,8151
2026-09-17 23:09:24,55,100,7882,8151
2026-09-17 23:09:34,55,100,7882,8151
2026-09-17 23:09:44,55,99,7882,8151
2026-09-17 23:09:54,55,99,7882,8151
2026-09-17 23:10:05,54,12,7882,8151
2026-09-17 23:10:15,57,99,7882,8151
2026-09-17 23:10:25,54,100,7882,8151
2026-09-17 23:10:35,54,99,7882,8151
2026-09-17 23:10:45,54,100,7882,8151
2026-09-17 23:10:55,60,95,7882,8151
2026-09-17 23:11:06,54,99,7882,8151
2026-09-17 23:11:16,54,100,7882,8151
2026-09-17 23:11:26,54,100,7882,8151
2026-09-17 23:11:36,55,99,7882,8151
2026-09-17 23:11:46,54,100,7882,8151
2026-09-17 23:11:56,55,99,7882,8151
2026-09-17 23:12:06,54,100,7882,8151
2026-09-17 23:12:17,54,100,7882,8151
2026-09-17 23:12:27,54,99,7882,8151
2026-09-17 23:12:37,53,100,7882,8151
2026-09-17 23:12:47,54,100,7882,8151
2026-09-17 23:12:57,52,0,7882,8151
2026-09-17 23:13:07,55,100,7882,8151
2026-09-17 23:13:18,57,100,7882,8151
2026-09-17 23:13:28,56,100,7882,8151
2026-09-17 23:13:38,56,100,7882,8151
2026-09-17 23:13:48,63,99,7882,8151
2026-09-17 23:13:58,56,100,7882,8151
2026-09-17 23:14:08,54,0,7882,8151
2026-09-17 23:14:18,58,100,7882,8151
2026-09-17 23:14:29,56,100,7882,8151
2026-09-17 23:14:39,57,100,7882,8151
2026-09-17 23:14:49,57,100,7882,8151
2026-09-17 23:14:59,55,99,7882,8151
2026-09-17 23:15:09,55,100,7882,8151
2026-09-17 23:15:19,55,100,7882,8151
2026-09-17 23:15:30,55,100,7882,8151
2026-09-17 23:15:40,56,100,7882,8151
2026-09-17 23:15:50,55,100,7882,8151
2026-09-17 23:16:00,56,99,7882,8151
2026-09-17 23:16:10,54,100,7882,8151
2026-09-17 23:16:20,53,2,7882,8151
2026-09-17 23:16:31,58,100,7882,8151
2026-09-17 23:16:41,54,100,7882,8151
2026-09-17 23:16:51,55,99,7882,8151
2026-09-17 23:17:01,54,100,7882,8151
2026-09-17 23:17:11,54,100,7882,8151
2026-09-17 23:17:21,54,99,7882,8151
2026-09-17 23:17:31,54,99,7882,8151
2026-09-17 23:17:42,55,100,7882,8151
2026-09-17 23:17:52,55,100,7882,8151
2026-09-17 23:18:02,54,100,7882,8151
2026-09-17 23:18:12,54,100,7882,8151
2026-09-17 23:18:22,54,100,7882,8151
2026-09-17 23:18:32,54,100,7882,8151
2026-09-17 23:18:42,59,97,7882,8151
2026-09-17 23:18:53,54,100,7882,8151
2026-09-17 23:19:03,55,100,7882,8151
2026-09-17 23:19:13,55,99,7882,8151
2026-09-17 23:19:23,55,100,7882,8151
2026-09-17 23:19:33,55,100,7882,8151
2026-09-17 23:19:43,56,100,7882,8151
2026-09-17 23:19:54,57,99,7882,8151
2026-09-17 23:20:04,56,95,7882,8151
2026-09-17 23:20:14,55,99,7882,8151
2026-09-17 23:20:24,55,100,7882,8151
2026-09-17 23:20:34,55,100,7882,8151
2026-09-17 23:20:44,55,100,7882,8151
2026-09-17 23:20:54,56,100,7882,8151
2026-09-17 23:21:05,55,99,7882,8151
2026-09-17 23:21:15,54,100,7882,8151
2026-09-17 23:21:25,54,100,7882,8151
2026-09-17 23:21:35,54,100,7882,8151
2026-09-17 23:21:45,61,100,7882,8151
2026-09-17 23:21:55,51,0,7882,8151
2026-09-17 23:22:05,54,100,7882,8151
2026-09-17 23:22:16,61,98,7882,8151
2026-09-17 23:22:26,58,99,7882,8151
2026-09-17 23:22:36,54,100,7882,8151
2026-09-17 23:22:46,54,100,7882,8151
2026-09-17 23:22:56,54,100,7882,8151
2026-09-17 23:23:06,53,99,7882,8151
2026-09-17 23:23:17,55,100,7882,8151
2026-09-17 23:23:27,54,99,7882,8151
2026-09-17 23:23:37,57,99,7882,8151
2026-09-17 23:23:47,60,96,7882,8151
2026-09-17 23:23:57,54,100,7882,8151
2026-09-17 23:24:07,54,100,7882,8151
2026-09-17 23:24:17,54,100,7882,8151
2026-09-17 23:24:28,54,100,7882,8151
2026-09-17 23:24:38,54,100,7882,8151
2026-09-17 23:24:48,54,100,7882,8151
2026-09-17 23:24:58,56,98,7882,8151
2026-09-17 23:25:08,54,100,7882,8151
2026-09-17 23:25:18,51,0,7882,8151
2026-09-17 23:25:29,54,99,7882,8151
2026-09-17 23:25:39,54,100,7882,8151
2026-09-17 23:25:49,54,99,7882,8151
2026-09-17 23:25:59,54,99,7882,8151
2026-09-17 23:26:09,54,100,7882,8151
2026-09-17 23:26:19,54,100,7882,8151
2026-09-17 23:26:29,54,99,7882,8151
2026-09-17 23:26:40,54,99,7882,8151
2026-09-17 23:26:50,55,100,7882,8151
2026-09-17 23:27:00,55,100,7882,8151
2026-09-17 23:27:10,55,100,7882,8151
2026-09-17 23:27:20,61,99,7882,8151
2026-09-17 23:27:30,55,99,7882,8151
2026-09-17 23:27:40,56,99,7882,8151
2026-09-17 23:27:51,56,99,7882,8151
2026-09-17 23:28:01,62,97,7882,8151
2026-09-17 23:28:11,56,99,7882,8151
2026-09-17 23:28:21,56,100,7882,8151
2026-09-17 23:28:31,56,100,7882,8151
2026-09-17 23:28:41,56,100,7882,8151
2026-09-17 23:28:51,56,100,7882,8151
2026-09-17 23:29:02,56,99,7882,8151
2026-09-17 23:29:12,59,99,7882,8151
2026-09-17 23:29:22,55,100,7882,8151
2026-09-17 23:29:32,55,99,7882,8151
2026-09-17 23:29:42,54,99,7882,8151
2026-09-17 23:29:52,57,99,7882,8151
2026-09-17 23:30:02,54,100,7882,8151
2026-09-17 23:30:13,55,100,7882,8151
2026-09-17 23:30:23,54,100,7882,8151
2026-09-17 23:30:33,54,100,7882,8151
2026-09-17 23:30:43,54,100,7882,8151
2026-09-17 23:30:53,51,0,7882,8151
2026-09-17 23:31:03,54,100,7882,8151
2026-09-17 23:31:14,57,96,7882,8151
2026-09-17 23:31:24,57,98,7882,8151
2026-09-17 23:31:34,55,100,7882,8151
2026-09-17 23:31:44,56,100,7882,8151
2026-09-17 23:31:54,56,99,7882,8151
2026-09-17 23:32:04,55,1,7882,8151
2026-09-17 23:32:15,62,93,7882,8151
2026-09-17 23:32:25,55,99,7882,8151
2026-09-17 23:32:35,55,99,7882,8151
2026-09-17 23:32:45,59,99,7882,8151
2026-09-17 23:32:55,54,100,7882,8151
2026-09-17 23:33:05,54,100,7882,8151
2026-09-17 23:33:15,55,100,7882,8151
2026-09-17 23:33:26,54,99,7882,8151
2026-09-17 23:33:36,54,100,7882,8151
2026-09-17 23:33:46,54,99,7882,8151
2026-09-17 23:33:56,55,98,7882,8151
2026-09-17 23:34:06,53,100,7882,8151
2026-09-17 23:34:16,52,0,7882,8151
2026-09-17 23:34:27,55,99,7882,8151
2026-09-17 23:34:37,54,100,7882,8151
2026-09-17 23:34:47,57,99,7882,8151
2026-09-17 23:34:57,56,99,7882,8151
2026-09-17 23:35:07,55,100,7882,8151
2026-09-17 23:35:17,56,99,7882,8151
2026-09-17 23:35:28,55,100,7882,8151
2026-09-17 23:35:38,55,100,7882,8151
2026-09-17 23:35:48,56,100,7882,8151
2026-09-17 23:35:58,56,100,7882,8151
2026-09-17 23:36:08,58,100,7882,8151
2026-09-17 23:36:18,55,100,7882,8151
2026-09-17 23:36:28,54,100,7882,8151
2026-09-17 23:36:39,54,100,7882,8151
2026-09-17 23:36:49,54,100,7882,8151
2026-09-17 23:36:59,55,100,7882,8151
2026-09-17 23:37:09,54,100,7882,8151
2026-09-17 23:37:19,54,100,7882,8151
2026-09-17 23:37:29,54,100,7882,8151
2026-09-17 23:37:40,54,99,7882,8151
2026-09-17 23:37:50,55,100,7882,8151
2026-09-17 23:38:00,55,100,7882,8151
2026-09-17 23:38:10,55,100,7882,8151
2026-09-17 23:38:20,55,100,7882,8151
2026-09-17 23:38:30,56,99,7882,8151
2026-09-17 23:38:41,55,100,7882,8151
2026-09-17 23:38:51,57,98,7882,8151
2026-09-17 23:39:01,56,100,7882,8151
2026-09-17 23:39:11,57,100,7882,8151
2026-09-17 23:39:21,55,99,7882,8151
2026-09-17 23:39:31,56,100,7882,8151
2026-09-17 23:39:41,56,100,7882,8151
2026-09-17 23:39:52,55,0,7882,8151
2026-09-17 23:40:02,56,100,7882,8151
2026-09-17 23:40:12,58,96,7882,8151
2026-09-17 23:40:22,56,96,7882,8151
2026-09-17 23:40:32,55,100,7882,8151
2026-09-17 23:40:43,55,100,7882,8151
2026-09-17 23:40:53,55,100,7882,8151
2026-09-17 23:41:03,54,99,7882,8151
2026-09-17 23:41:13,57,99,7882,8151
2026-09-17 23:41:23,54,100,7882,8151
2026-09-17 23:41:33,54,99,7882,8151
2026-09-17 23:41:44,56,98,7882,8151
2026-09-17 23:41:54,54,100,7882,8151
2026-09-17 23:42:04,55,99,7882,8151
2026-09-17 23:42:14,54,100,7882,8151
2026-09-17 23:42:24,54,100,7882,8151
2026-09-17 23:42:34,54,100,7882,8151
2026-09-17 23:42:44,54,100,7882,8151
2026-09-17 23:42:55,55,100,7882,8151
2026-09-17 23:43:05,54,99,7882,8151
2026-09-17 23:43:15,52,0,7882,8151
2026-09-17 23:43:25,54,99,7882,8151
2026-09-17 23:43:35,54,100,7882,8151
2026-09-17 23:43:45,55,100,7882,8151
2026-09-17 23:43:56,55,99,7882,8151
2026-09-17 23:44:06,55,99,7882,8151
2026-09-17 23:44:16,55,99,7882,8151
2026-09-17 23:44:26,56,99,7882,8151
2026-09-17 23:44:36,56,100,7882,8151
2026-09-17 23:44:46,57,99,7882,8151
2026-09-17 23:44:56,56,100,7882,8151
2026-09-17 23:45:07,55,100,7882,8151
2026-09-17 23:45:17,55,100,7882,8151
2026-09-17 23:45:27,55,100,7882,8151
2026-09-17 23:45:37,55,99,7882,8151
2026-09-17 23:45:47,55,99,7882,8151
2026-09-17 23:45:57,56,100,7882,8151
2026-09-17 23:46:07,54,100,7882,8151
2026-09-17 23:46:18,54,100,7882,8151
2026-09-17 23:46:28,54,100,7882,8151
2026-09-17 23:46:38,54,100,7882,8151
2026-09-17 23:46:48,54,100,7882,8151
2026-09-17 23:46:58,54,100,7882,8151
2026-09-17 23:47:08,54,100,7882,8151
2026-09-17 23:47:18,54,100,7882,8151
2026-09-17 23:47:29,55,99,7882,8151
2026-09-17 23:47:39,55,100,7882,8151
2026-09-17 23:47:49,56,100,7882,8151
2026-09-17 23:47:59,57,99,7882,8151
2026-09-17 23:48:09,55,100,7882,8151
2026-09-17 23:48:19,52,0,7882,8151
2026-09-17 23:48:30,59,99,7882,8151
2026-09-17 23:48:40,54,99,7882,8151
2026-09-17 23:48:50,55,68,7882,8151
2026-09-17 23:49:00,54,99,7882,8151
2026-09-17 23:49:10,59,98,7882,8151
2026-09-17 23:49:20,56,100,7882,8151
2026-09-17 23:49:31,54,100,7882,8151
2026-09-17 23:49:41,54,100,7882,8151
2026-09-17 23:49:51,54,100,7882,8151
2026-09-17 23:50:01,51,0,7882,8151
2026-09-17 23:50:11,55,100,7882,8151
2026-09-17 23:50:21,55,100,7882,8151
2026-09-17 23:50:32,55,100,7882,8151
2026-09-17 23:50:42,54,99,7882,8151
2026-09-17 23:50:52,55,100,7882,8151
2026-09-17 23:51:02,54,100,7882,8151
2026-09-17 23:51:12,55,100,7882,8151
2026-09-17 23:51:22,54,100,7882,8151
2026-09-17 23:51:32,54,100,7882,8151
2026-09-17 23:51:43,54,100,7882,8151
2026-09-17 23:51:53,54,97,7882,8151
2026-09-17 23:52:03,54,100,7882,8151
2026-09-17 23:52:13,56,100,7882,8151
2026-09-17 23:52:23,56,100,7882,8151
2026-09-17 23:52:33,55,100,7882,8151
2026-09-17 23:52:43,55,99,7882,8151
2026-09-17 23:52:54,56,99,7882,8151
2026-09-17 23:53:04,55,100,7882,8151
2026-09-17 23:53:14,56,99,7882,8151
2026-09-17 23:53:24,55,100,7882,8151
2026-09-17 23:53:34,56,98,7882,8151
2026-09-17 23:53:44,56,95,7882,8151
2026-09-17 23:53:55,60,100,7882,8151
2026-09-17 23:54:05,56,100,7882,8151
2026-09-17 23:54:15,57,100,7882,8151
2026-09-17 23:54:25,56,99,7882,8151
2026-09-17 23:54:35,55,99,7882,8151
2026-09-17 23:54:45,56,100,7882,8151
2026-09-17 23:54:55,55,99,7882,8151
2026-09-17 23:55:06,55,100,7882,8151
2026-09-17 23:55:16,54,100,7882,8151
2026-09-17 23:55:26,55,100,7882,8151
2026-09-17 23:55:36,54,100,7882,8151
2026-09-17 23:55:46,54,100,7882,8151
2026-09-17 23:55:56,54,99,7882,8151
2026-09-17 23:56:06,54,99,7882,8151
2026-09-17 23:56:17,54,99,7882,8151
2026-09-17 23:56:27,54,100,7882,8151
2026-09-17 23:56:37,55,99,7882,8151
2026-09-17 23:56:47,57,98,7882,8151
2026-09-17 23:56:57,56,99,7882,8151
2026-09-17 23:57:07,55,100,7882,8151
2026-09-17 23:57:18,53,0,7882,8151
2026-09-17 23:57:28,56,100,7882,8151
2026-09-17 23:57:38,56,100,7882,8151
2026-09-17 23:57:48,57,100,7882,8151
2026-09-17 23:57:58,56,100,7882,8151
2026-09-17 23:58:08,57,99,7882,8151
2026-09-17 23:58:18,56,100,7882,8151
2026-09-17 23:58:29,56,100,7882,8151
2026-09-17 23:58:39,56,100,7882,8151
2026-09-17 23:58:49,56,100,7882,8151
2026-09-17 23:58:59,57,99,7882,8151
2026-09-17 23:59:09,55,99,7882,8151
2026-09-17 23:59:19,54,100,7882,8151
2026-09-17 23:59:30,55,100,7882,8151
2026-09-17 23:59:40,55,100,7882,8151
2026-09-17 23:59:50,54,100,7882,8151
2026-09-18 00:00:00,54,100,7882,8151
2026-09-18 00:00:10,54,100,7882,8151
2026-09-18 00:00:20,60,99,7882,8151
2026-09-18 00:00:30,54,100,7882,8151
2026-09-18 00:00:41,54,100,7882,8151
2026-09-18 00:00:51,54,100,7882,8151
2026-09-18 00:01:01,53,100,7882,8151
2026-09-18 00:01:11,55,99,7882,8151
2026-09-18 00:01:21,54,100,7882,8151
2026-09-18 00:01:31,55,99,7882,8151
2026-09-18 00:01:41,56,100,7882,8151
2026-09-18 00:01:52,55,100,7882,8151
2026-09-18 00:02:02,55,100,7882,8151
2026-09-18 00:02:12,55,100,7882,8151
2026-09-18 00:02:22,55,100,7882,8151
2026-09-18 00:02:32,56,100,7882,8151
2026-09-18 00:02:42,57,98,7882,8151
2026-09-18 00:02:52,64,97,7882,8151
2026-09-18 00:03:03,56,100,7882,8151
2026-09-18 00:03:13,57,98,7882,8151
2026-09-18 00:03:23,57,39,7882,8151
2026-09-18 00:03:33,56,100,7882,8151
2026-09-18 00:03:43,53,0,7882,8151
2026-09-18 00:03:53,56,100,7882,8151
2026-09-18 00:04:04,55,99,7882,8151
2026-09-18 00:04:14,57,99,7882,8151
2026-09-18 00:04:24,55,100,7882,8151
2026-09-18 00:04:34,54,100,7882,8151
2026-09-18 00:04:44,54,100,7882,8151
2026-09-18 00:04:54,54,98,7882,8151
2026-09-18 00:05:05,54,100,7882,8151
2026-09-18 00:05:15,54,97,7882,8151
2026-09-18 00:05:25,54,96,7882,8151
2026-09-18 00:05:35,54,100,7882,8151
2026-09-18 00:05:45,54,100,7882,8151
2026-09-18 00:05:55,63,96,7882,8151
2026-09-18 00:06:05,54,100,7882,8151
2026-09-18 00:06:16,57,98,7882,8151
2026-09-18 00:06:26,55,100,7882,8151
2026-09-18 00:06:36,52,0,7882,8151
2026-09-18 00:06:46,55,100,7882,8151
2026-09-18 00:06:56,53,0,7882,8151
2026-09-18 00:07:06,56,99,7882,8151
2026-09-18 00:07:17,57,100,7882,8151
2026-09-18 00:07:27,55,100,7882,8151
2026-09-18 00:07:37,55,100,7882,8151
2026-09-18 00:07:47,55,100,7882,8151
2026-09-18 00:07:57,55,99,7882,8151
2026-09-18 00:08:07,55,100,7882,8151
2026-09-18 00:08:17,54,100,7882,8151
2026-09-18 00:08:28,55,100,7882,8151
2026-09-18 00:08:38,55,100,7882,8151
2026-09-18 00:08:48,54,100,7882,8151
2026-09-18 00:08:58,51,0,7882,8151
2026-09-18 00:09:08,53,99,7882,8151
2026-09-18 00:09:18,55,100,7882,8151
2026-09-18 00:09:29,54,100,7882,8151
2026-09-18 00:09:39,60,99,7882,8151
2026-09-18 00:09:49,54,100,7882,8151
2026-09-18 00:09:59,54,99,7882,8151
2026-09-18 00:10:09,54,100,7882,8151
2026-09-18 00:10:19,59,96,7882,8151
2026-09-18 00:10:29,55,100,7882,8151
2026-09-18 00:10:40,55,100,7882,8151
2026-09-18 00:10:50,56,98,7882,8151
2026-09-18 00:11:00,55,100,7882,8151
2026-09-18 00:11:10,56,100,7882,8151
2026-09-18 00:11:20,56,99,7882,8151
2026-09-18 00:11:30,56,100,7882,8151
2026-09-18 00:11:40,55,100,7882,8151
2026-09-18 00:11:51,56,100,7882,8151
2026-09-18 00:12:01,55,100,7882,8151
2026-09-18 00:12:11,55,100,7882,8151
2026-09-18 00:12:21,61,98,7882,8151
2026-09-18 00:12:31,55,99,7882,8151
2026-09-18 00:12:41,60,71,7882,8151
2026-09-18 00:12:52,54,100,7882,8151
2026-09-18 00:13:02,54,100,7882,8151
2026-09-18 00:13:12,54,100,7882,8151
2026-09-18 00:13:22,54,100,7882,8151
2026-09-18 00:13:32,54,100,7882,8151
2026-09-18 00:13:42,54,99,7882,8151
2026-09-18 00:13:52,54,100,7882,8151
2026-09-18 00:14:03,55,100,7882,8151
2026-09-18 00:14:13,55,99,7882,8151
2026-09-18 00:14:23,55,100,7882,8151
2026-09-18 00:14:33,56,99,7882,8151
2026-09-18 00:14:43,55,100,7882,8151
2026-09-18 00:14:53,55,100,7882,8151
2026-09-18 00:15:04,55,100,7882,8151
2026-09-18 00:15:14,58,96,7882,8151
2026-09-18 00:15:24,55,100,7882,8151
2026-09-18 00:15:34,57,99,7882,8151
2026-09-18 00:15:44,56,100,7882,8151
2026-09-18 00:15:54,62,69,7882,8151
2026-09-18 00:16:05,56,100,7882,8151
2026-09-18 00:16:15,64,96,7882,8151
2026-09-18 00:16:25,55,100,7882,8151
2026-09-18 00:16:35,55,100,7882,8151
2026-09-18 00:16:45,54,100,7882,8151
2026-09-18 00:16:55,55,98,7882,8151
2026-09-18 00:17:05,54,100,7882,8151
2026-09-18 00:17:16,54,99,7882,8151
2026-09-18 00:17:26,54,100,7882,8151
2026-09-18 00:17:36,58,99,7882,8151
2026-09-18 00:17:46,54,100,7882,8151
2026-09-18 00:17:56,55,100,7882,8151
2026-09-18 00:18:06,54,100,7882,8151
2026-09-18 00:18:17,58,99,7882,8151
2026-09-18 00:18:27,54,100,7882,8151
2026-09-18 00:18:37,54,100,7882,8151
2026-09-18 00:18:47,55,100,7882,8151
2026-09-18 00:18:57,55,99,7882,8151
2026-09-18 00:19:07,55,99,7882,8151
2026-09-18 00:19:18,55,100,7882,8151
2026-09-18 00:19:28,55,100,7882,8151
2026-09-18 00:19:38,56,100,7882,8151
2026-09-18 00:19:48,55,100,7882,8151
2026-09-18 00:19:58,56,100,7882,8151
2026-09-18 00:20:08,56,100,7882,8151
2026-09-18 00:20:18,56,100,7882,8151
2026-09-18 00:20:29,57,100,7882,8151
2026-09-18 00:20:39,56,100,7882,8151
2026-09-18 00:20:49,56,100,7882,8151
2026-09-18 00:20:59,56,100,7882,8151
2026-09-18 00:21:09,56,100,7882,8151
2026-09-18 00:21:19,56,98,7882,8151
2026-09-18 00:21:30,56,100,7882,8151
2026-09-18 00:21:40,63,97,7882,8151
2026-09-18 00:21:50,55,100,7882,8151
2026-09-18 00:22:00,55,100,7882,8151
2026-09-18 00:22:10,55,100,7882,8151
2026-09-18 00:22:20,55,100,7882,8151
2026-09-18 00:22:30,54,100,7882,8151
2026-09-18 00:22:41,55,100,7882,8151
2026-09-18 00:22:51,54,100,7882,8151
2026-09-18 00:23:01,54,100,7882,8151
2026-09-18 00:23:11,53,99,7882,8151
2026-09-18 00:23:21,54,100,7882,8151
2026-09-18 00:23:31,53,100,7882,8151
2026-09-18 00:23:41,55,100,7882,8151
2026-09-18 00:23:52,54,100,7882,8151
2026-09-18 00:24:02,55,100,7882,8151
2026-09-18 00:24:12,56,99,7882,8151
2026-09-18 00:24:22,55,100,7882,8151
2026-09-18 00:24:32,56,100,7882,8151
2026-09-18 00:24:42,55,99,7882,8151
2026-09-18 00:24:52,56,98,7882,8151
2026-09-18 00:25:03,55,100,7882,8151
2026-09-18 00:25:13,55,99,7882,8151
2026-09-18 00:25:23,54,100,7882,8151
2026-09-18 00:25:33,52,0,7882,8151
2026-09-18 00:25:43,56,99,7882,8151
2026-09-18 00:25:53,54,99,7882,8151
2026-09-18 00:26:04,53,100,7882,8151
2026-09-18 00:26:14,54,100,7882,8151
2026-09-18 00:26:24,54,100,7882,8151
2026-09-18 00:26:34,54,100,7882,8151
2026-09-18 00:26:44,54,100,7882,8151
2026-09-18 00:26:54,55,96,7882,8151
2026-09-18 00:27:05,54,100,7882,8151
2026-09-18 00:27:15,54,100,7882,8151
2026-09-18 00:27:25,55,100,7882,8151
2026-09-18 00:27:35,55,0,7882,8151
2026-09-18 00:27:45,56,97,7882,8151
2026-09-18 00:27:55,56,100,7882,8151
2026-09-18 00:28:06,56,100,7882,8151
2026-09-18 00:28:16,57,100,7882,8151
2026-09-18 00:28:26,56,100,7882,8151
2026-09-18 00:28:36,56,100,7882,8151
2026-09-18 00:28:46,57,99,7882,8151
2026-09-18 00:28:56,56,100,7882,8151
2026-09-18 00:29:06,57,100,7882,8151
2026-09-18 00:29:17,56,100,7882,8151
2026-09-18 00:29:27,56,100,7882,8151
2026-09-18 00:29:37,56,100,7882,8151
2026-09-18 00:29:47,56,100,7882,8151
2026-09-18 00:29:57,56,99,7882,8151
2026-09-18 00:30:07,53,0,7882,8151
2026-09-18 00:30:18,56,100,7882,8151
2026-09-18 00:30:28,55,100,7882,8151
2026-09-18 00:30:38,55,100,7882,8151
2026-09-18 00:30:48,55,100,7882,8151
2026-09-18 00:30:58,54,100,7882,8151
2026-09-18 00:31:08,54,100,7882,8151
2026-09-18 00:31:18,58,98,7882,8151
2026-09-18 00:31:29,54,100,7882,8151
2026-09-18 00:31:39,55,100,7882,8151
2026-09-18 00:31:49,54,100,7882,8151
2026-09-18 00:31:59,55,100,7882,8151
2026-09-18 00:32:09,60,99,7882,8151
2026-09-18 00:32:19,63,97,7882,8151
2026-09-18 00:32:29,55,100,7882,8151
2026-09-18 00:32:40,56,100,7882,8151
2026-09-18 00:32:50,55,100,7882,8151
2026-09-18 00:33:00,56,98,7882,8151
2026-09-18 00:33:10,55,99,7882,8151
2026-09-18 00:33:20,55,99,7882,8151
2026-09-18 00:33:30,54,100,7882,8151
2026-09-18 00:33:41,55,100,7882,8151
2026-09-18 00:33:51,54,100,7882,8151
2026-09-18 00:34:01,57,95,7882,8151
2026-09-18 00:34:11,54,100,7882,8151
2026-09-18 00:34:21,54,100,7882,8151
2026-09-18 00:34:31,54,100,7882,8151
2026-09-18 00:34:41,55,98,7882,8151
2026-09-18 00:34:52,55,100,7882,8151
2026-09-18 00:35:02,55,100,7882,8151
2026-09-18 00:35:12,55,99,7882,8151
2026-09-18 00:35:22,56,100,7882,8151
2026-09-18 00:35:32,55,100,7882,8151
2026-09-18 00:35:42,55,100,7882,8151
2026-09-18 00:35:52,56,99,7882,8151
2026-09-18 00:36:03,55,100,7882,8151
2026-09-18 00:36:13,57,99,7882,8151
2026-09-18 00:36:23,54,100,7882,8151
2026-09-18 00:36:33,54,99,7882,8151
2026-09-18 00:36:43,54,100,7882,8151
2026-09-18 00:36:53,54,100,7882,8151
2026-09-18 00:37:03,54,100,7882,8151
2026-09-18 00:37:14,55,99,7882,8151
2026-09-18 00:37:24,54,100,7882,8151
2026-09-18 00:37:34,54,100,7882,8151
2026-09-18 00:37:44,55,100,7882,8151
2026-09-18 00:37:54,58,98,7882,8151
2026-09-18 00:38:04,55,100,7882,8151
2026-09-18 00:38:15,56,100,7882,8151
2026-09-18 00:38:25,55,100,7882,8151
2026-09-18 00:38:35,55,100,7882,8151
2026-09-18 00:38:45,55,100,7882,8151
2026-09-18 00:38:55,56,100,7882,8151
2026-09-18 00:39:05,56,99,7882,8151
2026-09-18 00:39:16,56,99,7882,8151
2026-09-18 00:39:26,56,100,7882,8151
2026-09-18 00:39:36,56,99,7882,8151
2026-09-18 00:39:46,56,100,7882,8151
2026-09-18 00:39:56,56,100,7882,8151
2026-09-18 00:40:06,56,7,7882,8151
2026-09-18 00:40:17,56,100,7882,8151
2026-09-18 00:40:27,55,99,7882,8151
2026-09-18 00:40:37,56,100,7882,8151
2026-09-18 00:40:47,57,99,7882,8151
2026-09-18 00:40:57,54,0,7882,8151
2026-09-18 00:41:07,57,99,7882,8151
2026-09-18 00:41:18,57,100,7882,8151
2026-09-18 00:41:28,56,100,7882,8151
2026-09-18 00:41:38,57,100,7882,8151
2026-09-18 00:41:48,55,100,7882,8151
2026-09-18 00:41:58,54,100,7882,8151
2026-09-18 00:42:08,55,100,7882,8151
2026-09-18 00:42:18,54,100,7882,8151
2026-09-18 00:42:29,55,100,7882,8151
2026-09-18 00:42:39,54,100,7882,8151
2026-09-18 00:42:49,55,93,7882,8151
2026-09-18 00:42:59,54,100,7882,8151
2026-09-18 00:43:09,54,100,7882,8151
2026-09-18 00:43:19,54,0,7882,8151
2026-09-18 00:43:30,54,100,7882,8151
2026-09-18 00:43:40,55,100,7882,8151
2026-09-18 00:43:50,61,99,7882,8151
2026-09-18 00:44:00,54,100,7882,8151
2026-09-18 00:44:10,54,100,7882,8151
2026-09-18 00:44:20,54,100,7882,8151
2026-09-18 00:44:30,54,100,7882,8151
2026-09-18 00:44:41,57,99,7882,8151
2026-09-18 00:44:51,55,100,7882,8151
2026-09-18 00:45:01,55,100,7882,8151
2026-09-18 00:45:11,55,100,7882,8151
2026-09-18 00:45:21,53,0,7882,8151
2026-09-18 00:45:31,56,99,7882,8151
2026-09-18 00:45:42,56,100,7882,8151
2026-09-18 00:45:52,56,100,7882,8151
2026-09-18 00:46:02,57,100,7882,8151
2026-09-18 00:46:12,56,100,7882,8151
2026-09-18 00:46:22,64,79,7882,8151
2026-09-18 00:46:32,57,100,7882,8151
2026-09-18 00:46:42,56,100,7882,8151
2026-09-18 00:46:53,57,99,7882,8151
2026-09-18 00:47:03,57,99,7882,8151
2026-09-18 00:47:13,56,98,7882,8151
2026-09-18 00:47:23,56,100,7882,8151
2026-09-18 00:47:33,56,100,7882,8151
2026-09-18 00:47:43,56,100,7882,8151
2026-09-18 00:47:54,55,0,7882,8151
2026-09-18 00:48:04,56,100,7882,8151
2026-09-18 00:48:14,57,100,7882,8151
2026-09-18 00:48:24,55,100,7882,8151
2026-09-18 00:48:34,55,100,7882,8151
2026-09-18 00:48:44,55,100,7882,8151
2026-09-18 00:48:54,54,100,7882,8151
2026-09-18 00:49:05,59,95,7882,8151
2026-09-18 00:49:15,53,100,7882,8151
2026-09-18 00:49:25,56,97,7882,8151
2026-09-18 00:49:35,55,99,7882,8151
2026-09-18 00:49:45,55,100,7882,8151
2026-09-18 00:49:55,56,99,7882,8151
2026-09-18 00:50:05,54,100,7882,8151
2026-09-18 00:50:16,52,0,7882,8151
2026-09-18 00:50:26,52,0,7882,8151
2026-09-18 00:50:36,55,100,7882,8151
2026-09-18 00:50:46,56,99,7882,8151
2026-09-18 00:50:56,57,97,7882,8151
2026-09-18 00:51:06,56,100,7882,8151
2026-09-18 00:51:17,56,99,7882,8151
2026-09-18 00:51:27,56,100,7882,8151
2026-09-18 00:51:37,57,100,7882,8151
2026-09-18 00:51:47,56,100,7882,8151
2026-09-18 00:51:57,56,100,7882,8151
2026-09-18 00:52:07,57,100,7882,8151
2026-09-18 00:52:17,63,99,7882,8151
2026-09-18 00:52:28,58,99,7882,8151
2026-09-18 00:52:38,59,99,7882,8151
2026-09-18 00:52:48,56,100,7882,8151
2026-09-18 00:52:58,56,100,7882,8151
2026-09-18 00:53:08,55,99,7882,8151
2026-09-18 00:53:18,55,100,7882,8151
2026-09-18 00:53:29,57,92,7882,8151
2026-09-18 00:53:39,55,100,7882,8151
2026-09-18 00:53:49,55,100,7882,8151
2026-09-18 00:53:59,56,99,7882,8151
2026-09-18 00:54:09,54,100,7882,8151
2026-09-18 00:54:19,55,100,7882,8151
2026-09-18 00:54:30,54,100,7882,8151
2026-09-18 00:54:40,53,100,7882,8151
2026-09-18 00:54:50,53,99,7882,8151
2026-09-18 00:55:00,53,100,7882,8151
2026-09-18 00:55:10,54,100,7882,8151
2026-09-18 00:55:20,55,100,7882,8151
2026-09-18 00:55:30,54,100,7882,8151
2026-09-18 00:55:41,54,100,7882,8151
2026-09-18 00:55:51,55,99,7882,8151
2026-09-18 00:56:01,56,100,7882,8151
2026-09-18 00:56:11,55,99,7882,8151
2026-09-18 00:56:21,55,99,7882,8151
2026-09-18 00:56:31,55,100,7882,8151
2026-09-18 00:56:42,54,100,7882,8151
2026-09-18 00:56:52,56,99,7882,8151
2026-09-18 00:57:02,54,100,7882,8151
2026-09-18 00:57:12,54,99,7882,8151
2026-09-18 00:57:22,54,100,7882,8151
2026-09-18 00:57:32,54,100,7882,8151
2026-09-18 00:57:43,54,100,7882,8151
2026-09-18 00:57:53,54,100,7882,8151
2026-09-18 00:58:03,54,100,7882,8151
2026-09-18 00:58:13,55,99,7882,8151
2026-09-18 00:58:23,54,99,7882,8151
2026-09-18 00:58:33,54,99,7882,8151
2026-09-18 00:58:43,54,100,7882,8151
2026-09-18 00:58:54,56,99,7882,8151
2026-09-18 00:59:04,55,100,7882,8151
2026-09-18 00:59:14,56,99,7882,8151
2026-09-18 00:59:24,57,98,7882,8151
2026-09-18 00:59:34,56,99,7882,8151
2026-09-18 00:59:44,55,100,7882,8151
2026-09-18 00:59:54,56,100,7882,8151
2026-09-18 01:00:05,57,98,7882,8151
2026-09-18 01:00:15,56,100,7882,8151
2026-09-18 01:00:25,56,99,7882,8151
2026-09-18 01:00:35,56,100,7882,8151
2026-09-18 01:00:45,57,99,7882,8151
2026-09-18 01:00:55,56,100,7882,8151
2026-09-18 01:01:06,54,0,7882,8151
2026-09-18 01:01:16,56,99,7882,8151
2026-09-18 01:01:26,61,100,7882,8151
2026-09-18 01:01:36,56,100,7882,8151
2026-09-18 01:01:46,55,100,7882,8151
2026-09-18 01:01:56,55,99,7882,8151
2026-09-18 01:02:07,55,99,7882,8151
2026-09-18 01:02:17,54,100,7882,8151
2026-09-18 01:02:27,60,99,7882,8151
2026-09-18 01:02:37,54,100,7882,8151
2026-09-18 01:02:47,54,100,7882,8151
2026-09-18 01:02:57,54,100,7882,8151
2026-09-18 01:03:07,54,99,7882,8151
2026-09-18 01:03:18,54,99,7882,8151
2026-09-18 01:03:28,62,96,7882,8151
2026-09-18 01:03:38,55,100,7882,8151
2026-09-18 01:03:48,56,98,7882,8151
2026-09-18 01:03:58,55,100,7882,8151
2026-09-18 01:04:08,52,0,7882,8151
2026-09-18 01:04:19,55,100,7882,8151
2026-09-18 01:04:29,55,99,7882,8151
2026-09-18 01:04:39,57,98,7882,8151
2026-09-18 01:04:49,55,100,7882,8151
2026-09-18 01:04:59,55,100,7882,8151
2026-09-18 01:05:09,55,100,7882,8151
2026-09-18 01:05:20,56,99,7882,8151
2026-09-18 01:05:30,60,99,7882,8151
2026-09-18 01:05:40,56,100,7882,8151
2026-09-18 01:05:50,56,100,7882,8151
2026-09-18 01:06:00,57,99,7882,8151
2026-09-18 01:06:10,56,100,7882,8151
2026-09-18 01:06:21,55,100,7882,8151
2026-09-18 01:06:31,55,100,7882,8151
2026-09-18 01:06:41,56,100,7882,8151
2026-09-18 01:06:51,58,97,7882,8151
2026-09-18 01:07:01,56,100,7882,8151
2026-09-18 01:07:11,56,100,7882,8151
2026-09-18 01:07:21,56,99,7882,8151
2026-09-18 01:07:32,56,100,7882,8151
2026-09-18 01:07:42,56,100,7882,8151
2026-09-18 01:07:52,56,100,7882,8151
2026-09-18 01:08:02,56,100,7882,8151
2026-09-18 01:08:12,58,99,7882,8151
2026-09-18 01:08:22,56,100,7882,8151
2026-09-18 01:08:33,56,100,7882,8151
2026-09-18 01:08:43,57,98,7882,8151
2026-09-18 01:08:53,55,99,7882,8151
2026-09-18 01:09:03,55,100,7882,8151
2026-09-18 01:09:13,52,0,7882,8151
2026-09-18 01:09:23,54,100,7882,8151
2026-09-18 01:09:34,54,100,7882,8151
2026-09-18 01:09:44,54,99,7882,8151
2026-09-18 01:09:54,53,100,7882,8151
2026-09-18 01:10:04,54,99,7882,8151
2026-09-18 01:10:14,54,99,7882,8151
2026-09-18 01:10:24,54,100,7882,8151
2026-09-18 01:10:34,55,100,7882,8151
2026-09-18 01:10:45,56,99,7882,8151
2026-09-18 01:10:55,56,99,7882,8151
2026-09-18 01:11:05,55,100,7882,8151
2026-09-18 01:11:15,56,100,7882,8151
2026-09-18 01:11:25,56,100,7882,8151
2026-09-18 01:11:35,55,100,7882,8151
2026-09-18 01:11:46,55,100,7882,8151
2026-09-18 01:11:56,53,9,7882,8151
2026-09-18 01:12:06,55,100,7882,8151
2026-09-18 01:12:16,63,98,7882,8151
2026-09-18 01:12:26,56,100,7882,8151
2026-09-18 01:12:36,56,100,7882,8151
2026-09-18 01:12:46,56,99,7882,8151
2026-09-18 01:12:57,56,100,7882,8151
2026-09-18 01:13:07,56,100,7882,8151
2026-09-18 01:13:17,56,99,7882,8151
2026-09-18 01:13:27,56,100,7882,8151
2026-09-18 01:13:37,56,100,7882,8151
2026-09-18 01:13:47,56,100,7882,8151
2026-09-18 01:13:58,56,100,7882,8151
2026-09-18 01:14:08,56,100,7882,8151
2026-09-18 01:14:18,56,100,7882,8151
2026-09-18 01:14:28,56,100,7882,8151
2026-09-18 01:14:38,62,98,7882,8151
2026-09-18 01:14:48,56,100,7882,8151
2026-09-18 01:14:58,56,100,7882,8151
2026-09-18 01:15:09,56,100,7882,8151
2026-09-18 01:15:19,61,98,7882,8151
2026-09-18 01:15:29,57,99,7882,8151
2026-09-18 01:15:39,54,0,7882,8151
2026-09-18 01:15:49,56,99,7882,8151
2026-09-18 01:16:00,56,100,7882,8151
2026-09-18 01:16:10,56,100,7882,8151
2026-09-18 01:16:20,56,100,7882,8151
2026-09-18 01:16:30,56,100,7882,8151
2026-09-18 01:16:40,56,100,7882,8151
2026-09-18 01:16:50,56,100,7882,8151
2026-09-18 01:17:00,56,100,7882,8151
2026-09-18 01:17:11,56,99,7882,8151
2026-09-18 01:17:21,56,100,7882,8151
2026-09-18 01:17:31,58,99,7882,8151
2026-09-18 01:17:41,56,100,7882,8151
2026-09-18 01:17:51,56,100,7882,8151
2026-09-18 01:18:01,56,100,7882,8151
2026-09-18 01:18:11,58,98,7882,8151
2026-09-18 01:18:22,56,100,7882,8151
2026-09-18 01:18:32,57,99,7882,8151
2026-09-18 01:18:42,57,100,7882,8151
2026-09-18 01:18:52,58,97,7882,8151
2026-09-18 01:19:02,57,99,7882,8151
2026-09-18 01:19:12,57,100,7882,8151
2026-09-18 01:19:23,56,100,7882,8151
2026-09-18 01:19:33,56,100,7882,8151
2026-09-18 01:19:43,54,0,7882,8151
2026-09-18 01:19:53,55,100,7882,8151
2026-09-18 01:20:03,55,100,7882,8151
2026-09-18 01:20:13,52,0,7882,8151
2026-09-18 01:20:24,54,100,7882,8151
2026-09-18 01:20:34,54,100,7882,8151
2026-09-18 01:20:44,54,99,7882,8151
2026-09-18 01:20:54,55,99,7882,8151
2026-09-18 01:21:04,53,99,7882,8151
2026-09-18 01:21:14,58,98,7882,8151
2026-09-18 01:21:25,54,100,7882,8151
2026-09-18 01:21:35,52,0,7882,8151
2026-09-18 01:21:45,56,100,7882,8151
2026-09-18 01:21:55,55,99,7882,8151
2026-09-18 01:22:05,55,99,7882,8151
2026-09-18 01:22:15,55,100,7882,8151
2026-09-18 01:22:26,55,100,7882,8151
2026-09-18 01:22:36,56,99,7882,8151
2026-09-18 01:22:46,56,100,7882,8151
2026-09-18 01:22:56,56,100,7882,8151
2026-09-18 01:23:06,56,100,7882,8151
2026-09-18 01:23:16,55,100,7882,8151
2026-09-18 01:23:27,64,94,7882,8151
2026-09-18 01:23:37,55,100,7882,8151
2026-09-18 01:23:47,56,100,7882,8151
2026-09-18 01:23:57,60,100,7882,8151
2026-09-18 01:24:07,55,100,7882,8151
2026-09-18 01:24:17,57,100,7882,8151
2026-09-18 01:24:28,56,100,7882,8151
2026-09-18 01:24:38,56,100,7882,8151
2026-09-18 01:24:48,57,100,7882,8151
2026-09-18 01:24:58,56,100,7882,8151
2026-09-18 01:25:08,56,100,7882,8151
2026-09-18 01:25:18,58,99,7882,8151
2026-09-18 01:25:28,55,100,7882,8151
2026-09-18 01:25:39,58,99,7882,8151
2026-09-18 01:25:49,54,100,7882,8151
2026-09-18 01:25:59,55,100,7882,8151
2026-09-18 01:26:09,56,99,7882,8151
2026-09-18 01:26:19,62,96,7882,8151
2026-09-18 01:26:29,54,100,7882,8151
2026-09-18 01:26:39,54,100,7882,8151
2026-09-18 01:26:49,53,100,7882,8151
2026-09-18 01:27:00,57,98,7882,8151
2026-09-18 01:27:10,54,99,7882,8151
2026-09-18 01:27:20,54,100,7882,8151
2026-09-18 01:27:30,54,100,7882,8151
2026-09-18 01:27:40,55,100,7882,8151
2026-09-18 01:27:50,55,100,7882,8151
2026-09-18 01:28:01,55,97,7882,8151
2026-09-18 01:28:11,56,100,7882,8151
2026-09-18 01:28:21,55,100,7882,8151
2026-09-18 01:28:31,56,100,7882,8151
2026-09-18 01:28:41,56,100,7882,8151
2026-09-18 01:28:51,56,100,7882,8151
2026-09-18 01:29:01,56,99,7882,8151
2026-09-18 01:29:12,56,100,7882,8151
2026-09-18 01:29:22,56,100,7882,8151
2026-09-18 01:29:32,62,100,7882,8151
2026-09-18 01:29:42,53,0,7882,8151
2026-09-18 01:29:52,57,94,7882,8151
2026-09-18 01:30:02,56,100,7882,8151
2026-09-18 01:30:13,58,100,7882,8151
2026-09-18 01:30:23,59,99,7882,8151
2026-09-18 01:30:33,56,99,7882,8151
2026-09-18 01:30:43,56,99,7882,8151
2026-09-18 01:30:53,55,100,7882,8151
2026-09-18 01:31:03,54,99,7882,8151
2026-09-18 01:31:13,54,100,7882,8151
2026-09-18 01:31:24,51,0,7882,8151
2026-09-18 01:31:34,54,100,7882,8151
2026-09-18 01:31:44,54,100,7882,8151
2026-09-18 01:31:54,55,100,7882,8151
2026-09-18 01:32:04,54,100,7882,8151
2026-09-18 01:32:14,55,100,7882,8151
2026-09-18 01:32:24,54,100,7882,8151
2026-09-18 01:32:35,55,100,7882,8151
2026-09-18 01:32:45,59,98,7882,8151
2026-09-18 01:32:55,55,100,7882,8151
2026-09-18 01:33:05,55,100,7882,8151
2026-09-18 01:33:15,61,96,7882,8151
2026-09-18 01:33:25,55,99,7882,8151
2026-09-18 01:33:36,56,99,7882,8151
2026-09-18 01:33:46,56,99,7882,8151
2026-09-18 01:33:56,55,100,7882,8151
2026-09-18 01:34:06,57,99,7882,8151
2026-09-18 01:34:16,55,100,7882,8151
2026-09-18 01:34:26,56,100,7882,8151
2026-09-18 01:34:36,55,100,7882,8151
2026-09-18 01:34:47,56,100,7882,8151
2026-09-18 01:34:57,57,99,7882,8151
2026-09-18 01:35:07,55,100,7882,8151
2026-09-18 01:35:17,53,0,7882,8151
2026-09-18 01:35:27,53,0,7882,8151
2026-09-18 01:35:37,55,100,7882,8151
2026-09-18 01:35:48,56,100,7882,8151
2026-09-18 01:35:58,57,100,7882,8151
2026-09-18 01:36:08,56,99,7882,8151
2026-09-18 01:36:18,56,100,7882,8151
2026-09-18 01:36:28,56,99,7882,8151
2026-09-18 01:36:38,56,100,7882,8151
2026-09-18 01:36:48,58,100,7882,8151
2026-09-18 01:36:59,56,100,7882,8151
2026-09-18 01:37:09,56,99,7882,8151
2026-09-18 01:37:19,57,98,7882,8151
2026-09-18 01:37:29,56,100,7882,8151
2026-09-18 01:37:39,57,100,7882,8151
2026-09-18 01:37:49,56,100,7882,8151
2026-09-18 01:38:00,56,100,7882,8151
2026-09-18 01:38:10,56,95,7882,8151
2026-09-18 01:38:20,56,99,7882,8151
2026-09-18 01:38:30,57,100,7882,8151
2026-09-18 01:38:40,56,99,7882,8151
2026-09-18 01:38:50,57,99,7882,8151
2026-09-18 01:39:00,56,100,7882,8151
2026-09-18 01:39:11,56,100,7882,8151
2026-09-18 01:39:21,57,99,7882,8151
2026-09-18 01:39:31,56,100,7882,8151
2026-09-18 01:39:41,56,100,7882,8151
2026-09-18 01:39:51,56,100,7882,8151
2026-09-18 01:40:01,55,100,7882,8151
2026-09-18 01:40:12,55,100,7882,8151
2026-09-18 01:40:22,55,100,7882,8151
2026-09-18 01:40:32,54,100,7882,8151
2026-09-18 01:40:42,52,0,7882,8151
2026-09-18 01:40:52,54,100,7882,8151
2026-09-18 01:41:02,57,99,7882,8151
2026-09-18 01:41:12,53,100,7882,8151
2026-09-18 01:41:23,54,100,7882,8151
2026-09-18 01:41:33,52,0,7882,8151
2026-09-18 01:41:43,54,0,7882,8151
2026-09-18 01:41:53,54,100,7882,8151
2026-09-18 01:42:03,55,100,7882,8151
2026-09-18 01:42:13,55,100,7882,8151
2026-09-18 01:42:24,55,100,7882,8151
2026-09-18 01:42:34,56,100,7882,8151
2026-09-18 01:42:44,56,100,7882,8151
2026-09-18 01:42:54,53,0,7882,8151
2026-09-18 01:43:04,56,99,7882,8151
2026-09-18 01:43:14,55,100,7882,8151
2026-09-18 01:43:25,55,100,7882,8151
2026-09-18 01:43:35,56,100,7882,8151
2026-09-18 01:43:45,60,96,7882,8151
2026-09-18 01:43:55,56,100,7882,8151
2026-09-18 01:44:05,55,100,7882,8151
2026-09-18 01:44:15,55,100,7882,8151
2026-09-18 01:44:26,58,100,7882,8151
2026-09-18 01:44:36,55,100,7882,8151
2026-09-18 01:44:46,52,0,7882,8151
2026-09-18 01:44:56,54,99,7882,8151
2026-09-18 01:45:06,54,100,7882,8151
2026-09-18 01:45:16,53,100,7882,8151
2026-09-18 01:45:27,54,100,7882,8151
2026-09-18 01:45:37,54,100,7882,8151
2026-09-18 01:45:47,55,100,7882,8151
2026-09-18 01:45:57,54,100,7882,8151
2026-09-18 01:46:07,56,100,7882,8151
2026-09-18 01:46:17,56,99,7882,8151
2026-09-18 01:46:27,55,100,7882,8151
2026-09-18 01:46:38,55,100,7882,8151
2026-09-18 01:46:48,55,98,7882,8151
2026-09-18 01:46:58,53,0,7882,8151
2026-09-18 01:47:08,56,100,7882,8151
2026-09-18 01:47:18,55,100,7882,8151
2026-09-18 01:47:28,56,98,7882,8151
2026-09-18 01:47:39,55,100,7882,8151
2026-09-18 01:47:49,56,100,7882,8151
2026-09-18 01:47:59,56,100,7882,8151
2026-09-18 01:48:09,56,99,7882,8151
2026-09-18 01:48:19,56,100,7882,8151
2026-09-18 01:48:29,56,100,7882,8151
2026-09-18 01:48:39,56,100,7882,8151
2026-09-18 01:48:50,56,99,7882,8151
2026-09-18 01:49:00,55,100,7882,8151
2026-09-18 01:49:10,60,95,7882,8151
2026-09-18 01:49:20,54,93,7882,8151
2026-09-18 01:49:30,54,100,7882,8151
2026-09-18 01:49:40,54,100,7882,8151
2026-09-18 01:49:51,54,100,7882,8151
2026-09-18 01:50:01,55,100,7882,8151
2026-09-18 01:50:11,55,98,7882,8151
2026-09-18 01:50:21,55,100,7882,8151
2026-09-18 01:50:31,58,98,7882,8151
2026-09-18 01:50:41,55,100,7882,8151
2026-09-18 01:50:52,65,96,7882,8151
2026-09-18 01:51:02,55,98,7882,8151
2026-09-18 01:51:12,55,100,7882,8151
2026-09-18 01:51:22,56,100,7882,8151
2026-09-18 01:51:32,55,100,7882,8151
2026-09-18 01:51:42,55,100,7882,8151
2026-09-18 01:51:53,56,99,7882,8151
2026-09-18 01:52:03,55,100,7882,8151
2026-09-18 01:52:13,55,100,7882,8151
2026-09-18 01:52:23,56,100,7882,8151
2026-09-18 01:52:33,55,100,7882,8151
2026-09-18 01:52:43,56,100,7882,8151
2026-09-18 01:52:53,65,95,7882,8151
2026-09-18 01:53:04,56,100,7882,8151
2026-09-18 01:53:14,56,99,7882,8151
2026-09-18 01:53:24,56,96,7882,8151
2026-09-18 01:53:34,56,100,7882,8151
2026-09-18 01:53:44,56,100,7882,8151
2026-09-18 01:53:54,58,98,7882,8151
2026-09-18 01:54:04,56,100,7882,8151
2026-09-18 01:54:15,57,100,7882,8151
2026-09-18 01:54:25,56,99,7882,8151
2026-09-18 01:54:35,53,0,7882,8151
2026-09-18 01:54:45,56,100,7882,8151
2026-09-18 01:54:55,54,0,7882,8151
2026-09-18 01:55:05,55,99,7882,8151
2026-09-18 01:55:16,55,100,7882,8151
2026-09-18 01:55:26,56,99,7882,8151
2026-09-18 01:55:36,54,100,7882,8151
2026-09-18 01:55:46,52,0,7882,8151
2026-09-18 01:55:56,54,100,7882,8151
2026-09-18 01:56:06,54,100,7882,8151
2026-09-18 01:56:17,52,0,7882,8151
2026-09-18 01:56:27,54,100,7882,8151
2026-09-18 01:56:37,54,100,7882,8151
2026-09-18 01:56:47,55,98,7882,8151
2026-09-18 01:56:57,55,100,7882,8151
2026-09-18 01:57:07,55,99,7882,8151
2026-09-18 01:57:17,55,99,7882,8151
2026-09-18 01:57:28,55,100,7882,8151
2026-09-18 01:57:38,53,0,7882,8151
2026-09-18 01:57:48,56,100,7882,8151
2026-09-18 01:57:58,55,100,7882,8151
2026-09-18 01:58:08,55,99,7882,8151
2026-09-18 01:58:18,55,100,7882,8151
2026-09-18 01:58:29,56,99,7882,8151
2026-09-18 01:58:39,55,100,7882,8151
2026-09-18 01:58:49,56,100,7882,8151
2026-09-18 01:58:59,55,100,7882,8151
2026-09-18 01:59:09,55,100,7882,8151
2026-09-18 01:59:19,55,100,7882,8151
2026-09-18 01:59:29,56,99,7882,8151
2026-09-18 01:59:40,57,98,7882,8151
2026-09-18 01:59:50,56,100,7882,8151
2026-09-18 02:00:00,56,100,7882,8151
2026-09-18 02:00:10,53,0,7882,8151
2026-09-18 02:00:20,55,100,7882,8151
2026-09-18 02:00:31,54,100,7882,8151
2026-09-18 02:00:41,54,99,7882,8151
2026-09-18 02:00:51,54,99,7882,8151
2026-09-18 02:01:01,55,99,7882,8151
2026-09-18 02:01:11,53,100,7882,8151
2026-09-18 02:01:21,54,99,7882,8151
2026-09-18 02:01:31,55,99,7882,8151
2026-09-18 02:01:42,58,97,7882,8151
2026-09-18 02:01:52,54,100,7882,8151
2026-09-18 02:02:02,54,100,7882,8151
2026-09-18 02:02:12,54,100,7882,8151
2026-09-18 02:02:22,55,100,7882,8151
2026-09-18 02:02:32,55,99,7882,8151
2026-09-18 02:02:43,56,100,7882,8151
2026-09-18 02:02:53,62,100,7882,8151
2026-09-18 02:03:03,55,100,7882,8151
2026-09-18 02:03:13,56,100,7882,8151
2026-09-18 02:03:23,55,99,7882,8151
2026-09-18 02:03:33,56,100,7882,8151
2026-09-18 02:03:43,55,100,7882,8151
2026-09-18 02:03:54,56,100,7882,8151
2026-09-18 02:04:04,56,100,7882,8151
2026-09-18 02:04:14,56,100,7882,8151
2026-09-18 02:04:24,55,100,7882,8151
2026-09-18 02:04:34,57,99,7882,8151
2026-09-18 02:04:44,56,100,7882,8151
2026-09-18 02:04:54,56,99,7882,8151
2026-09-18 02:05:05,56,100,7882,8151
2026-09-18 02:05:15,56,99,7882,8151
2026-09-18 02:05:25,57,99,7882,8151
2026-09-18 02:05:35,56,100,7882,8151
2026-09-18 02:05:45,63,94,7882,8151
2026-09-18 02:05:55,56,99,7882,8151
2026-09-18 02:06:06,56,100,7882,8151
2026-09-18 02:06:16,56,100,7882,8151
2026-09-18 02:06:26,55,0,7882,8151
2026-09-18 02:06:36,58,100,7882,8151
2026-09-18 02:06:46,56,100,7882,8151
2026-09-18 02:06:56,56,99,7882,8151
2026-09-18 02:07:06,56,100,7882,8151
2026-09-18 02:07:17,57,99,7882,8151
2026-09-18 02:07:27,57,100,7882,8151
2026-09-18 02:07:37,56,100,7882,8151
2026-09-18 02:07:47,56,100,7882,8151
2026-09-18 02:07:57,56,99,7882,8151
2026-09-18 02:08:07,56,100,7882,8151
2026-09-18 02:08:17,56,99,7882,8151
2026-09-18 02:08:28,56,99,7882,8151
2026-09-18 02:08:38,57,99,7882,8151
2026-09-18 02:08:48,63,99,7882,8151
2026-09-18 02:08:58,55,0,7882,8151
2026-09-18 02:09:08,56,94,7882,8151
2026-09-18 02:09:18,56,99,7882,8151
2026-09-18 02:09:29,56,99,7882,8151
2026-09-18 02:09:39,55,100,7882,8151
2026-09-18 02:09:49,55,99,7882,8151
2026-09-18 02:09:59,54,100,7882,8151
2026-09-18 02:10:09,54,100,7882,8151
2026-09-18 02:10:19,55,100,7882,8151
2026-09-18 02:10:29,54,98,7882,8151
2026-09-18 02:10:40,53,100,7882,8151
2026-09-18 02:10:50,54,99,7882,8151
2026-09-18 02:11:00,54,100,7882,8151
2026-09-18 02:11:10,54,100,7882,8151
2026-09-18 02:11:20,55,100,7882,8151
2026-09-18 02:11:30,62,98,7882,8151
2026-09-18 02:11:41,55,99,7882,8151
2026-09-18 02:11:51,55,100,7882,8151
2026-09-18 02:12:01,55,99,7882,8151
2026-09-18 02:12:11,55,97,7882,8151
2026-09-18 02:12:21,54,99,7882,8151
2026-09-18 02:12:31,54,100,7882,8151
2026-09-18 02:12:41,57,99,7882,8151
2026-09-18 02:12:52,54,98,7882,8151
2026-09-18 02:13:02,54,100,7882,8151
2026-09-18 02:13:12,52,0,7882,8151
2026-09-18 02:13:22,54,100,7882,8151
2026-09-18 02:13:32,54,100,7882,8151
2026-09-18 02:13:42,55,100,7882,8151
2026-09-18 02:13:53,55,100,7882,8151
2026-09-18 02:14:03,55,100,7882,8151
2026-09-18 02:14:13,56,100,7882,8151
2026-09-18 02:14:23,55,99,7882,8151
2026-09-18 02:14:33,55,100,7882,8151
2026-09-18 02:14:43,56,100,7882,8151
2026-09-18 02:14:54,62,99,7882,8151
2026-09-18 02:15:04,55,100,7882,8151
2026-09-18 02:15:14,54,100,7882,8151
2026-09-18 02:15:24,54,100,7882,8151
2026-09-18 02:15:34,54,100,7882,8151
2026-09-18 02:15:44,53,100,7882,8151
2026-09-18 02:15:54,55,100,7882,8151
2026-09-18 02:16:05,54,100,7882,8151
2026-09-18 02:16:15,51,0,7882,8151
2026-09-18 02:16:25,55,99,7882,8151
2026-09-18 02:16:35,54,100,7882,8151
2026-09-18 02:16:45,55,99,7882,8151
2026-09-18 02:16:55,55,99,7882,8151
2026-09-18 02:17:06,55,100,7882,8151
2026-09-18 02:17:16,55,99,7882,8151
2026-09-18 02:17:26,55,99,7882,8151
2026-09-18 02:17:36,55,100,7882,8151
2026-09-18 02:17:46,55,99,7882,8151
2026-09-18 02:17:56,57,99,7882,8151
2026-09-18 02:18:07,55,100,7882,8151
2026-09-18 02:18:17,55,100,7882,8151
2026-09-18 02:18:27,51,2,7882,8151
2026-09-18 02:18:37,54,100,7882,8151
2026-09-18 02:18:47,54,100,7882,8151
2026-09-18 02:18:57,55,99,7882,8151
2026-09-18 02:19:07,56,99,7882,8151
2026-09-18 02:19:18,54,100,7882,8151
2026-09-18 02:19:28,54,99,7882,8151
2026-09-18 02:19:38,55,100,7882,8151
2026-09-18 02:19:48,55,100,7882,8151
2026-09-18 02:19:58,55,100,7882,8151
2026-09-18 02:20:08,55,99,7882,8151
2026-09-18 02:20:18,55,99,7882,8151
2026-09-18 02:20:29,55,99,7882,8151
2026-09-18 02:20:39,56,100,7882,8151
2026-09-18 02:20:49,55,99,7882,8151
2026-09-18 02:20:59,56,100,7882,8151
2026-09-18 02:21:09,55,100,7882,8151
2026-09-18 02:21:19,53,0,7882,8151
2026-09-18 02:21:30,55,100,7882,8151
2026-09-18 02:21:40,56,99,7882,8151
2026-09-18 02:21:50,55,100,7882,8151
2026-09-18 02:22:00,55,79,7882,8151
2026-09-18 02:22:10,56,99,7882,8151
2026-09-18 02:22:20,56,100,7882,8151
2026-09-18 02:22:31,56,100,7882,8151
2026-09-18 02:22:41,56,100,7882,8151
2026-09-18 02:22:51,57,99,7882,8151
2026-09-18 02:23:01,58,99,7882,8151
2026-09-18 02:23:11,56,99,7882,8151
2026-09-18 02:23:21,55,100,7882,8151
2026-09-18 02:23:31,56,100,7882,8151
2026-09-18 02:23:42,56,100,7882,8151
2026-09-18 02:23:52,56,100,7882,8151
2026-09-18 02:24:02,57,99,7882,8151
2026-09-18 02:24:12,56,100,7882,8151
2026-09-18 02:24:22,57,99,7882,8151
2026-09-18 02:24:32,56,100,7882,8151
2026-09-18 02:24:43,56,100,7882,8151
2026-09-18 02:24:53,56,100,7882,8151
2026-09-18 02:25:03,56,100,7882,8151
2026-09-18 02:25:13,56,100,7882,8151
2026-09-18 02:25:23,56,99,7882,8151
2026-09-18 02:25:33,56,100,7882,8151
2026-09-18 02:25:43,56,100,7882,8151
2026-09-18 02:25:54,56,100,7882,8151
2026-09-18 02:26:04,56,100,7882,8151
2026-09-18 02:26:14,60,100,7882,8151
2026-09-18 02:26:24,56,100,7882,8151
2026-09-18 02:26:34,60,99,7882,8151
2026-09-18 02:26:44,56,100,7882,8151
2026-09-18 02:26:55,56,99,7882,8151
2026-09-18 02:27:05,56,100,7882,8151
2026-09-18 02:27:15,53,0,7882,8151
2026-09-18 02:27:25,57,100,7882,8151
2026-09-18 02:27:35,56,99,7882,8151
2026-09-18 02:27:45,56,100,7882,8151
2026-09-18 02:27:55,56,99,7882,8151
2026-09-18 02:28:06,56,100,7882,8151
2026-09-18 02:28:16,56,100,7882,8151
2026-09-18 02:28:26,61,99,7882,8151
2026-09-18 02:28:36,56,100,7882,8151
2026-09-18 02:28:46,57,99,7882,8151
2026-09-18 02:28:56,57,100,7882,8151
2026-09-18 02:29:06,56,100,7882,8151
2026-09-18 02:29:17,57,99,7882,8151
2026-09-18 02:29:27,61,94,7882,8151
2026-09-18 02:29:37,56,99,7882,8151
2026-09-18 02:29:47,56,100,7882,8151
2026-09-18 02:29:57,56,100,7882,8151
2026-09-18 02:30:07,57,98,7882,8151
2026-09-18 02:30:18,56,100,7882,8151
2026-09-18 02:30:28,56,99,7882,8151
2026-09-18 02:30:38,56,100,7882,8151
2026-09-18 02:30:48,56,99,7882,8151
2026-09-18 02:30:58,56,100,7882,8151
2026-09-18 02:31:08,56,100,7882,8151
2026-09-18 02:31:19,56,99,7882,8151
2026-09-18 02:31:29,56,100,7882,8151
2026-09-18 02:31:39,56,100,7882,8151
2026-09-18 02:31:49,56,99,7882,8151
2026-09-18 02:31:59,55,99,7882,8151
2026-09-18 02:32:09,54,100,7882,8151
2026-09-18 02:32:19,54,100,7882,8151
2026-09-18 02:32:30,54,99,7882,8151
2026-09-18 02:32:40,54,100,7882,8151
2026-09-18 02:32:50,54,0,7882,8151
2026-09-18 02:33:00,54,95,7882,8151
2026-09-18 02:33:10,54,100,7882,8151
2026-09-18 02:33:21,54,98,7882,8151
2026-09-18 02:33:31,54,99,7882,8151
2026-09-18 02:33:41,54,100,7882,8151
2026-09-18 02:33:51,54,100,7882,8151
2026-09-18 02:34:01,53,100,7882,8151
2026-09-18 02:34:11,54,100,7882,8151
2026-09-18 02:34:21,54,100,7882,8151
2026-09-18 02:34:32,51,0,7882,8151
2026-09-18 02:34:42,55,100,7882,8151
2026-09-18 02:34:52,54,100,7882,8151
2026-09-18 02:35:02,56,98,7882,8151
2026-09-18 02:35:12,54,100,7882,8151
2026-09-18 02:35:22,55,99,7882,8151
2026-09-18 02:35:33,55,99,7882,8151
2026-09-18 02:35:43,55,100,7882,8151
2026-09-18 02:35:53,56,100,7882,8151
2026-09-18 02:36:03,53,0,7882,8151
2026-09-18 02:36:13,55,100,7882,8151
2026-09-18 02:36:23,60,97,7882,8151
2026-09-18 02:36:34,55,100,7882,8151
2026-09-18 02:36:44,55,100,7882,8151
2026-09-18 02:36:54,56,100,7882,8151
2026-09-18 02:37:04,55,100,7882,8151
2026-09-18 02:37:14,56,98,7882,8151
2026-09-18 02:37:24,55,100,7882,8151
2026-09-18 02:37:34,58,99,7882,8151
2026-09-18 02:37:45,55,100,7882,8151
2026-09-18 02:37:55,55,100,7882,8151
2026-09-18 02:38:05,56,100,7882,8151
2026-09-18 02:38:15,56,100,7882,8151
2026-09-18 02:38:25,54,0,7882,8151
2026-09-18 02:38:35,54,0,7882,8151
2026-09-18 02:38:46,55,100,7882,8151
2026-09-18 02:38:56,55,100,7882,8151
2026-09-18 02:39:06,56,100,7882,8151
2026-09-18 02:39:16,56,100,7882,8151
2026-09-18 02:39:26,55,100,7882,8151
2026-09-18 02:39:36,56,100,7882,8151
2026-09-18 02:39:47,56,100,7882,8151
2026-09-18 02:39:57,60,96,7882,8151
2026-09-18 02:40:07,56,100,7882,8151
2026-09-18 02:40:17,56,100,7882,8151
2026-09-18 02:40:27,56,99,7882,8151
2026-09-18 02:40:37,56,100,7882,8151
2026-09-18 02:40:47,56,100,7882,8151
2026-09-18 02:40:58,59,98,7882,8151
2026-09-18 02:41:08,55,100,7882,8151
2026-09-18 02:41:18,55,99,7882,8151
2026-09-18 02:41:28,54,100,7882,8151
2026-09-18 02:41:38,54,100,7882,8151
2026-09-18 02:41:48,55,100,7882,8151
2026-09-18 02:41:59,61,98,7882,8151
2026-09-18 02:42:09,54,100,7882,8151
2026-09-18 02:42:19,55,100,7882,8151
2026-09-18 02:42:29,55,100,7882,8151
2026-09-18 02:42:39,64,97,7882,8151
2026-09-18 02:42:49,55,100,7882,8151
2026-09-18 02:42:59,52,0,7882,8151
2026-09-18 02:43:10,55,100,7882,8151
2026-09-18 02:43:20,54,100,7882,8151
2026-09-18 02:43:30,55,100,7882,8151
2026-09-18 02:43:40,55,100,7882,8151
2026-09-18 02:43:50,60,98,7882,8151
2026-09-18 02:44:00,55,100,7882,8151
2026-09-18 02:44:11,55,100,7882,8151
2026-09-18 02:44:21,55,100,7882,8151
2026-09-18 02:44:31,55,100,7882,8151
2026-09-18 02:44:41,57,100,7882,8151
2026-09-18 02:44:51,56,99,7882,8151
2026-09-18 02:45:01,55,100,7882,8151
2026-09-18 02:45:12,55,100,7882,8151
2026-09-18 02:45:22,56,100,7882,8151
2026-09-18 02:45:32,55,100,7882,8151
2026-09-18 02:45:42,55,100,7882,8151
2026-09-18 02:45:52,56,99,7882,8151
2026-09-18 02:46:02,57,99,7882,8151
2026-09-18 02:46:12,56,100,7882,8151
2026-09-18 02:46:23,56,100,7882,8151
2026-09-18 02:46:33,55,99,7882,8151
2026-09-18 02:46:43,56,100,7882,8151
2026-09-18 02:46:53,55,100,7882,8151
2026-09-18 02:47:03,57,99,7882,8151
2026-09-18 02:47:13,55,100,7882,8151
2026-09-18 02:47:24,56,99,7882,8151
2026-09-18 02:47:34,56,100,7882,8151
2026-09-18 02:47:44,55,100,7882,8151
2026-09-18 02:47:54,57,100,7882,8151
2026-09-18 02:48:04,56,100,7882,8151
2026-09-18 02:48:14,56,100,7882,8151
2026-09-18 02:48:24,54,0,7882,8151
2026-09-18 02:48:35,56,99,7882,8151
2026-09-18 02:48:45,56,100,7882,8151
2026-09-18 02:48:55,64,97,7882,8151
2026-09-18 02:49:05,56,98,7882,8151
2026-09-18 02:49:15,56,100,7882,8151
2026-09-18 02:49:25,56,100,7882,8151
2026-09-18 02:49:35,56,100,7882,8151
2026-09-18 02:49:46,56,100,7882,8151
2026-09-18 02:49:56,56,100,7882,8151
2026-09-18 02:50:06,57,100,7882,8151
2026-09-18 02:50:16,56,100,7882,8151
2026-09-18 02:50:26,55,100,7882,8151
2026-09-18 02:50:36,57,99,7882,8151
2026-09-18 02:50:46,55,100,7882,8151
2026-09-18 02:50:57,55,100,7882,8151
2026-09-18 02:51:07,57,57,7882,8151
2026-09-18 02:51:17,54,100,7882,8151
2026-09-18 02:51:27,55,100,7882,8151
2026-09-18 02:51:37,54,100,7882,8151
2026-09-18 02:51:47,54,100,7882,8151
2026-09-18 02:51:58,53,100,7882,8151
2026-09-18 02:52:08,54,100,7882,8151
2026-09-18 02:52:18,54,99,7882,8151
2026-09-18 02:52:28,61,95,7882,8151
2026-09-18 02:52:38,55,99,7882,8151
2026-09-18 02:52:48,55,95,7882,8151
2026-09-18 02:52:59,54,100,7882,8151
2026-09-18 02:53:09,55,100,7882,8151
2026-09-18 02:53:19,55,100,7882,8151
2026-09-18 02:53:29,55,100,7882,8151
2026-09-18 02:53:39,55,100,7882,8151
2026-09-18 02:53:49,55,100,7882,8151
2026-09-18 02:53:59,55,100,7882,8151
2026-09-18 02:54:10,55,100,7882,8151
2026-09-18 02:54:20,62,100,7882,8151
2026-09-18 02:54:30,56,99,7882,8151
2026-09-18 02:54:40,55,99,7882,8151
2026-09-18 02:54:50,56,100,7882,8151
2026-09-18 02:55:00,56,99,7882,8151
2026-09-18 02:55:10,55,100,7882,8151
2026-09-18 02:55:21,55,100,7882,8151
2026-09-18 02:55:31,56,100,7882,8151
2026-09-18 02:55:41,55,100,7882,8151
2026-09-18 02:55:51,55,99,7882,8151
2026-09-18 02:56:01,56,100,7882,8151
2026-09-18 02:56:11,58,99,7882,8151
2026-09-18 02:56:22,56,100,7882,8151
2026-09-18 02:56:32,56,99,7882,8151
2026-09-18 02:56:42,55,100,7882,8151
2026-09-18 02:56:52,56,100,7882,8151
2026-09-18 02:57:02,56,100,7882,8151
2026-09-18 02:57:12,55,100,7882,8151
2026-09-18 02:57:22,56,100,7882,8151
2026-09-18 02:57:33,55,100,7882,8151
2026-09-18 02:57:43,55,100,7882,8151
2026-09-18 02:57:53,56,100,7882,8151
2026-09-18 02:58:03,56,100,7882,8151
2026-09-18 02:58:13,56,100,7882,8151
2026-09-18 02:58:23,55,100,7882,8151
2026-09-18 02:58:33,54,100,7882,8151
2026-09-18 02:58:44,54,100,7882,8151
2026-09-18 02:58:54,55,94,7882,8151
2026-09-18 02:59:04,54,100,7882,8151
2026-09-18 02:59:14,53,100,7882,8151
2026-09-18 02:59:24,54,100,7882,8151
2026-09-18 02:59:34,54,99,7882,8151
2026-09-18 02:59:44,54,100,7882,8151
2026-09-18 02:59:55,54,99,7882,8151
2026-09-18 03:00:05,56,100,7882,8151
2026-09-18 03:00:15,54,100,7882,8151
2026-09-18 03:00:25,56,99,7882,8151
2026-09-18 03:00:35,55,100,7882,8151
2026-09-18 03:00:45,56,99,7882,8151
2026-09-18 03:00:56,55,98,7882,8151
2026-09-18 03:01:06,54,100,7882,8151
2026-09-18 03:01:16,54,100,7882,8151
2026-09-18 03:01:26,53,100,7882,8151
2026-09-18 03:01:36,52,41,7882,8151
2026-09-18 03:01:46,54,100,7882,8151
2026-09-18 03:01:57,54,100,7882,8151
2026-09-18 03:02:07,55,99,7882,8151
2026-09-18 03:02:17,54,100,7882,8151
2026-09-18 03:02:27,55,100,7882,8151
2026-09-18 03:02:37,54,100,7882,8151
2026-09-18 03:02:47,54,100,7882,8151
2026-09-18 03:02:57,55,100,7882,8151
2026-09-18 03:03:08,52,0,7882,8151
2026-09-18 03:03:18,54,100,7882,8151
2026-09-18 03:03:28,62,97,7882,8151
2026-09-18 03:03:38,53,100,7882,8151
2026-09-18 03:03:48,53,98,7882,8151
2026-09-18 03:03:58,55,99,7882,8151
2026-09-18 03:04:08,54,100,7882,8151
2026-09-18 03:04:19,55,99,7882,8151
2026-09-18 03:04:29,54,100,7882,8151
2026-09-18 03:04:39,55,100,7882,8151
2026-09-18 03:04:49,54,100,7882,8151
2026-09-18 03:04:59,55,100,7882,8151
2026-09-18 03:05:09,55,98,7882,8151
2026-09-18 03:05:19,55,99,7882,8151
2026-09-18 03:05:30,52,0,7882,8151
2026-09-18 03:05:40,52,0,7882,8151
2026-09-18 03:05:50,55,100,7882,8151
2026-09-18 03:06:00,55,100,7882,8151
2026-09-18 03:06:10,55,98,7882,8151
2026-09-18 03:06:21,55,100,7882,8151
2026-09-18 03:06:31,55,100,7882,8151
2026-09-18 03:06:41,56,100,7882,8151
2026-09-18 03:06:51,55,100,7882,8151
2026-09-18 03:07:01,56,100,7882,8151
2026-09-18 03:07:11,55,100,7882,8151
2026-09-18 03:07:21,56,100,7882,8151
2026-09-18 03:07:32,55,100,7882,8151
2026-09-18 03:07:42,56,100,7882,8151
2026-09-18 03:07:52,55,100,7882,8151
2026-09-18 03:08:02,55,100,7882,8151
2026-09-18 03:08:12,54,100,7882,8151
2026-09-18 03:08:22,54,100,7882,8151
2026-09-18 03:08:32,53,100,7882,8151
2026-09-18 03:08:43,54,99,7882,8151
2026-09-18 03:08:53,54,99,7882,8151
2026-09-18 03:09:03,54,100,7882,8151
2026-09-18 03:09:13,54,100,7882,8151
2026-09-18 03:09:23,54,100,7882,8151
2026-09-18 03:09:33,56,100,7882,8151
2026-09-18 03:09:43,56,100,7882,8151
2026-09-18 03:09:54,55,100,7882,8151
2026-09-18 03:10:04,52,0,7882,8151
2026-09-18 03:10:14,55,100,7882,8151
2026-09-18 03:10:24,52,0,7882,8151
2026-09-18 03:10:34,55,100,7882,8151
2026-09-18 03:10:44,55,100,7882,8151
2026-09-18 03:10:55,57,99,7882,8151
2026-09-18 03:11:05,55,100,7882,8151
2026-09-18 03:11:15,55,100,7882,8151
2026-09-18 03:11:25,55,100,7882,8151
2026-09-18 03:11:35,56,99,7882,8151
2026-09-18 03:11:45,56,100,7882,8151
2026-09-18 03:11:56,56,99,7882,8151
2026-09-18 03:12:06,55,100,7882,8151
2026-09-18 03:12:16,62,100,7882,8151
2026-09-18 03:12:26,55,100,7882,8151
2026-09-18 03:12:36,55,100,7882,8151
2026-09-18 03:12:46,55,100,7882,8151
2026-09-18 03:12:56,56,100,7882,8151
2026-09-18 03:13:07,58,99,7882,8151
2026-09-18 03:13:17,56,100,7882,8151
2026-09-18 03:13:27,56,99,7882,8151
2026-09-18 03:13:37,56,100,7882,8151
2026-09-18 03:13:47,55,100,7882,8151
2026-09-18 03:13:57,55,100,7882,8151
2026-09-18 03:14:07,56,99,7882,8151
2026-09-18 03:14:18,59,99,7882,8151
2026-09-18 03:14:28,55,99,7882,8151
2026-09-18 03:14:38,55,100,7882,8151
2026-09-18 03:14:48,55,99,7882,8151
2026-09-18 03:14:58,59,97,7882,8151
2026-09-18 03:15:08,56,100,7882,8151
2026-09-18 03:15:19,55,100,7882,8151
2026-09-18 03:15:29,53,0,7882,8151
2026-09-18 03:15:39,55,100,7882,8151
2026-09-18 03:15:49,55,100,7882,8151
2026-09-18 03:15:59,56,100,7882,8151
2026-09-18 03:16:09,55,100,7882,8151
2026-09-18 03:16:19,56,100,7882,8151
2026-09-18 03:16:30,56,100,7882,8151
2026-09-18 03:16:40,58,99,7882,8151
2026-09-18 03:16:50,57,99,7882,8151
2026-09-18 03:17:00,56,100,7882,8151
2026-09-18 03:17:10,55,100,7882,8151
2026-09-18 03:17:20,55,99,7882,8151
2026-09-18 03:17:31,54,100,7882,8151
2026-09-18 03:17:41,55,99,7882,8151
2026-09-18 03:17:51,53,100,7882,8151
2026-09-18 03:18:01,53,100,7882,8151
2026-09-18 03:18:11,59,99,7882,8151
2026-09-18 03:18:21,53,100,7882,8151
2026-09-18 03:18:32,55,99,7882,8151
2026-09-18 03:18:42,54,100,7882,8151
2026-09-18 03:18:52,54,100,7882,8151
2026-09-18 03:19:02,55,100,7882,8151
2026-09-18 03:19:12,54,100,7882,8151
2026-09-18 03:19:22,55,99,7882,8151
2026-09-18 03:19:32,55,100,7882,8151
2026-09-18 03:19:43,55,100,7882,8151
2026-09-18 03:19:53,55,96,7882,8151
2026-09-18 03:20:03,56,99,7882,8151
2026-09-18 03:20:13,55,100,7882,8151
2026-09-18 03:20:23,56,100,7882,8151
2026-09-18 03:20:33,55,100,7882,8151
2026-09-18 03:20:44,55,100,7882,8151
2026-09-18 03:20:54,55,100,7882,8151
2026-09-18 03:21:04,55,100,7882,8151
2026-09-18 03:21:14,55,100,7882,8151
2026-09-18 03:21:24,56,100,7882,8151
2026-09-18 03:21:34,56,100,7882,8151
2026-09-18 03:21:45,55,100,7882,8151
2026-09-18 03:21:55,56,100,7882,8151
2026-09-18 03:22:05,56,99,7882,8151
2026-09-18 03:22:15,55,100,7882,8151
2026-09-18 03:22:25,55,100,7882,8151
2026-09-18 03:22:35,56,100,7882,8151
2026-09-18 03:22:45,55,100,7882,8151
2026-09-18 03:22:56,55,98,7882,8151
2026-09-18 03:23:06,55,100,7882,8151
2026-09-18 03:23:16,56,100,7882,8151
2026-09-18 03:23:26,56,100,7882,8151
2026-09-18 03:23:36,56,100,7882,8151
2026-09-18 03:23:46,56,100,7882,8151
2026-09-18 03:23:57,56,99,7882,8151
2026-09-18 03:24:07,55,100,7882,8151
2026-09-18 03:24:17,58,99,7882,8151
2026-09-18 03:24:27,55,100,7882,8151
2026-09-18 03:24:37,55,100,7882,8151
2026-09-18 03:24:47,55,100,7882,8151
2026-09-18 03:24:57,55,98,7882,8151
2026-09-18 03:25:08,56,100,7882,8151
2026-09-18 03:25:18,56,100,7882,8151
2026-09-18 03:25:28,56,99,7882,8151
2026-09-18 03:25:38,56,100,7882,8151
2026-09-18 03:25:48,58,99,7882,8151
2026-09-18 03:25:58,58,99,7882,8151
2026-09-18 03:26:09,56,100,7882,8151
2026-09-18 03:26:19,55,100,7882,8151
2026-09-18 03:26:29,62,99,7882,8151
2026-09-18 03:26:39,56,100,7882,8151
2026-09-18 03:26:49,57,100,7882,8151
2026-09-18 03:26:59,55,100,7882,8151
2026-09-18 03:27:09,56,99,7882,8151
2026-09-18 03:27:20,55,100,7882,8151
2026-09-18 03:27:30,63,97,7882,8151
2026-09-18 03:27:40,56,100,7882,8151
2026-09-18 03:27:50,56,99,7882,8151
2026-09-18 03:28:00,56,100,7882,8151
2026-09-18 03:28:10,56,100,7882,8151
2026-09-18 03:28:21,55,99,7882,8151
2026-09-18 03:28:31,56,100,7882,8151
2026-09-18 03:28:41,55,100,7882,8151
2026-09-18 03:28:51,55,100,7882,8151
2026-09-18 03:29:01,55,100,7882,8151
2026-09-18 03:29:11,58,99,7882,8151
2026-09-18 03:29:21,55,100,7882,8151
2026-09-18 03:29:32,56,100,7882,8151
2026-09-18 03:29:42,55,100,7882,8151
2026-09-18 03:29:52,55,100,7882,8151
2026-09-18 03:30:02,55,100,7882,8151
2026-09-18 03:30:12,55,100,7882,8151
2026-09-18 03:30:22,55,99,7882,8151
2026-09-18 03:30:32,57,100,7882,8151
2026-09-18 03:30:43,55,100,7882,8151
2026-09-18 03:30:53,59,99,7882,8151
2026-09-18 03:31:03,55,100,7882,8151
2026-09-18 03:31:13,55,100,7882,8151
2026-09-18 03:31:23,57,99,7878,8151
2026-09-18 03:31:33,56,99,7878,8151
2026-09-18 03:31:44,61,99,7878,8151
2026-09-18 03:31:54,56,100,7878,8151
2026-09-18 03:32:04,55,100,7878,8151
2026-09-18 03:32:14,60,98,7878,8151
2026-09-18 03:32:24,55,100,7878,8151
2026-09-18 03:32:34,52,0,7878,8151
2026-09-18 03:32:45,53,48,7878,8151
2026-09-18 03:32:55,56,100,7878,8151
2026-09-18 03:33:05,55,98,7878,8151
2026-09-18 03:33:15,57,97,7878,8151
2026-09-18 03:33:25,56,100,7878,8151
2026-09-18 03:33:35,55,100,7878,8151
2026-09-18 03:33:45,55,100,7878,8151
2026-09-18 03:33:56,55,100,7878,8151
2026-09-18 03:34:06,56,100,7878,8151
2026-09-18 03:34:16,57,99,7878,8151
2026-09-18 03:34:26,55,100,7878,8151
2026-09-18 03:34:36,55,100,7878,8151
2026-09-18 03:34:46,55,100,7878,8151
2026-09-18 03:34:56,54,99,7878,8151
2026-09-18 03:35:07,54,100,7878,8151
2026-09-18 03:35:17,53,100,7878,8151
2026-09-18 03:35:27,54,100,7878,8151
2026-09-18 03:35:37,54,99,7878,8151
2026-09-18 03:35:47,54,100,7878,8151
2026-09-18 03:35:57,55,98,7878,8151
2026-09-18 03:36:07,54,100,7878,8151
2026-09-18 03:36:18,54,100,7878,8151
2026-09-18 03:36:28,55,100,7878,8151
2026-09-18 03:36:38,55,100,7878,8151
2026-09-18 03:36:48,56,99,7878,8151
2026-09-18 03:36:58,55,100,7878,8151
2026-09-18 03:37:08,52,50,7878,8151
2026-09-18 03:37:19,55,100,7878,8151
2026-09-18 03:37:29,54,100,7878,8151
2026-09-18 03:37:39,55,100,7878,8151
2026-09-18 03:37:49,55,100,7878,8151
2026-09-18 03:37:59,56,99,7878,8151
2026-09-18 03:38:09,55,100,7878,8151
2026-09-18 03:38:20,55,100,7878,8151
2026-09-18 03:38:30,55,100,7878,8151
2026-09-18 03:38:40,55,100,7878,8151
2026-09-18 03:38:50,62,94,7878,8151
2026-09-18 03:39:00,56,98,7878,8151
2026-09-18 03:39:10,55,100,7878,8151
2026-09-18 03:39:20,55,100,7878,8151
2026-09-18 03:39:31,54,100,7878,8151
2026-09-18 03:39:41,54,100,7878,8151
2026-09-18 03:39:51,53,100,7878,8151
2026-09-18 03:40:01,54,99,7878,8151
2026-09-18 03:40:11,55,100,7878,8151
2026-09-18 03:40:21,54,100,7878,8151
2026-09-18 03:40:31,54,100,7878,8151
2026-09-18 03:40:42,55,100,7878,8151
2026-09-18 03:40:52,54,100,7878,8151
2026-09-18 03:41:02,54,100,7878,8151
2026-09-18 03:41:12,55,100,7878,8151
2026-09-18 03:41:22,55,100,7878,8151
2026-09-18 03:41:32,55,99,7878,8151
2026-09-18 03:41:42,55,100,7878,8151
2026-09-18 03:41:53,55,99,7878,8151
2026-09-18 03:42:03,62,98,7878,8151
2026-09-18 03:42:13,55,99,7878,8151
2026-09-18 03:42:23,55,100,7878,8151
2026-09-18 03:42:33,52,0,7878,8151
2026-09-18 03:42:43,55,100,7878,8151
2026-09-18 03:42:54,55,100,7878,8151
2026-09-18 03:43:04,55,100,7878,8151
2026-09-18 03:43:14,55,100,7878,8151
2026-09-18 03:43:24,55,100,7878,8151
2026-09-18 03:43:34,55,100,7878,8151
2026-09-18 03:43:44,61,98,7878,8151
2026-09-18 03:43:55,55,100,7878,8151
2026-09-18 03:44:05,55,100,7878,8151
2026-09-18 03:44:15,56,100,7878,8151
2026-09-18 03:44:25,56,100,7878,8151
2026-09-18 03:44:35,55,100,7878,8151
2026-09-18 03:44:45,56,100,7878,8151
2026-09-18 03:44:55,55,100,7878,8151
2026-09-18 03:45:06,55,100,7878,8151
2026-09-18 03:45:16,54,43,7878,8151
2026-09-18 03:45:26,55,100,7878,8151
2026-09-18 03:45:36,56,100,7878,8151
2026-09-18 03:45:46,62,100,7878,8151
2026-09-18 03:45:56,55,100,7878,8151
2026-09-18 03:46:07,55,100,7878,8151
2026-09-18 03:46:17,55,100,7878,8151
2026-09-18 03:46:27,55,99,7878,8151
2026-09-18 03:46:37,55,100,7878,8151
2026-09-18 03:46:47,56,100,7878,8151
2026-09-18 03:46:57,55,99,7878,8151
2026-09-18 03:47:07,55,100,7878,8151
2026-09-18 03:47:18,56,100,7878,8151
2026-09-18 03:47:28,56,100,7878,8151
2026-09-18 03:47:38,55,99,7878,8151
2026-09-18 03:47:48,55,100,7878,8151
2026-09-18 03:47:58,55,100,7878,8151
2026-09-18 03:48:09,56,100,7878,8151
2026-09-18 03:48:19,55,100,7878,8151
2026-09-18 03:48:29,55,100,7878,8151
2026-09-18 03:48:39,55,100,7878,8151
2026-09-18 03:48:49,55,100,7878,8151
2026-09-18 03:48:59,54,100,7878,8151
2026-09-18 03:49:10,55,100,7878,8151
2026-09-18 03:49:20,54,100,7878,8151
2026-09-18 03:49:30,54,100,7878,8151
2026-09-18 03:49:40,54,100,7878,8151
2026-09-18 03:49:50,54,100,7878,8151
2026-09-18 03:50:00,54,100,7878,8151
2026-09-18 03:50:11,63,99,7878,8151
2026-09-18 03:50:21,54,99,7878,8151
2026-09-18 03:50:31,54,100,7878,8151
2026-09-18 03:50:41,54,100,7878,8151
2026-09-18 03:50:51,54,99,7878,8151
2026-09-18 03:51:01,54,100,7878,8151
2026-09-18 03:51:12,54,100,7878,8151
2026-09-18 03:51:22,55,100,7878,8151
2026-09-18 03:51:32,54,100,7878,8151
2026-09-18 03:51:42,56,99,7878,8151
2026-09-18 03:51:52,54,100,7878,8151
2026-09-18 03:52:02,55,100,7878,8151
2026-09-18 03:52:13,54,100,7878,8151
2026-09-18 03:52:23,57,98,7878,8151
2026-09-18 03:52:33,54,100,7878,8151
2026-09-18 03:52:43,54,100,7878,8151
2026-09-18 03:52:53,54,100,7878,8151
2026-09-18 03:53:03,52,0,7878,8151
2026-09-18 03:53:14,55,100,7878,8151
2026-09-18 03:53:24,56,99,7878,8151
2026-09-18 03:53:34,55,100,7878,8151
2026-09-18 03:53:44,55,100,7878,8151
2026-09-18 03:53:54,55,100,7878,8151
2026-09-18 03:54:04,55,100,7878,8151
2026-09-18 03:54:14,55,100,7878,8151
2026-09-18 03:54:25,55,100,7878,8151
2026-09-18 03:54:35,55,100,7878,8151
2026-09-18 03:54:45,55,15,7878,8151
2026-09-18 03:54:55,55,100,7878,8151
2026-09-18 03:55:05,55,100,7878,8151
2026-09-18 03:55:15,55,100,7878,8151
2026-09-18 03:55:26,55,100,7878,8151
2026-09-18 03:55:36,55,100,7878,8151
2026-09-18 03:55:46,55,100,7878,8151
2026-09-18 03:55:56,55,100,7878,8151
2026-09-18 03:56:06,55,99,7878,8151
2026-09-18 03:56:16,55,100,7878,8151
2026-09-18 03:56:26,56,98,7878,8151
2026-09-18 03:56:37,55,100,7878,8151
2026-09-18 03:56:47,56,100,7878,8151
2026-09-18 03:56:57,55,100,7878,8151
2026-09-18 03:57:07,55,100,7878,8151
2026-09-18 03:57:17,56,100,7878,8151
2026-09-18 03:57:27,55,100,7878,8151
2026-09-18 03:57:37,55,100,7878,8151
2026-09-18 03:57:48,55,99,7878,8151
2026-09-18 03:57:58,55,100,7878,8151
2026-09-18 03:58:08,55,100,7878,8151
2026-09-18 03:58:18,56,100,7878,8151
2026-09-18 03:58:28,57,100,7878,8151
2026-09-18 03:58:38,56,100,7878,8151
2026-09-18 03:58:48,55,100,7878,8151
2026-09-18 03:58:59,56,100,7878,8151
2026-09-18 03:59:09,55,100,7878,8151
2026-09-18 03:59:19,56,99,7878,8151
2026-09-18 03:59:29,56,100,7878,8151
2026-09-18 03:59:39,55,99,7878,8151
2026-09-18 03:59:49,55,99,7878,8151
2026-09-18 04:00:00,55,100,7878,8151
2026-09-18 04:00:10,55,100,7878,8151
2026-09-18 04:00:20,55,100,7878,8151
2026-09-18 04:00:30,59,30,7878,8151
2026-09-18 04:00:40,55,100,7878,8151
2026-09-18 04:00:50,55,100,7878,8151
2026-09-18 04:01:01,56,97,7878,8151
2026-09-18 04:01:11,55,100,7878,8151
2026-09-18 04:01:21,58,100,7878,8151
2026-09-18 04:01:31,54,100,7878,8151
2026-09-18 04:01:41,55,100,7878,8151
2026-09-18 04:01:51,56,99,7878,8151
2026-09-18 04:02:01,54,99,7878,8151
2026-09-18 04:02:12,53,100,7878,8151
2026-09-18 04:02:22,54,99,7878,8151
2026-09-18 04:02:32,53,100,7878,8151
2026-09-18 04:02:42,54,99,7878,8151
2026-09-18 04:02:52,54,100,7878,8151
2026-09-18 04:03:02,55,100,7878,8151
2026-09-18 04:03:12,55,94,7878,8151
2026-09-18 04:03:23,54,99,7878,8151
2026-09-18 04:03:33,54,99,7878,8151
2026-09-18 04:03:43,55,100,7878,8151
2026-09-18 04:03:53,56,99,7878,8151
2026-09-18 04:04:03,55,100,7878,8151
2026-09-18 04:04:13,55,100,7878,8151
2026-09-18 04:04:23,52,0,7878,8151
2026-09-18 04:04:34,55,100,7878,8151
2026-09-18 04:04:44,55,100,7878,8151
2026-09-18 04:04:54,55,100,7878,8151
2026-09-18 04:05:04,55,100,7878,8151
2026-09-18 04:05:14,57,100,7878,8151
2026-09-18 04:05:24,55,100,7878,8151
2026-09-18 04:05:35,55,100,7878,8151
2026-09-18 04:05:45,55,99,7878,8151
2026-09-18 04:05:55,55,100,7878,8151
2026-09-18 04:06:05,53,0,7878,8151
2026-09-18 04:06:15,56,100,7878,8151
2026-09-18 04:06:25,55,96,7878,8151
2026-09-18 04:06:35,55,100,7878,8151
2026-09-18 04:06:46,55,100,7878,8151
2026-09-18 04:06:56,56,100,7878,8151
2026-09-18 04:07:06,56,99,7878,8151
2026-09-18 04:07:16,55,100,7878,8151
2026-09-18 04:07:26,57,97,7878,8151
2026-09-18 04:07:36,55,100,7878,8151
2026-09-18 04:07:46,54,100,7878,8151
2026-09-18 04:07:57,54,100,7878,8151
2026-09-18 04:08:07,54,99,7878,8151
2026-09-18 04:08:17,53,100,7878,8151
2026-09-18 04:08:27,54,99,7878,8151
2026-09-18 04:08:37,54,100,7878,8151
2026-09-18 04:08:47,54,99,7878,8151
2026-09-18 04:08:58,54,99,7878,8151
2026-09-18 04:09:08,54,100,7878,8151
2026-09-18 04:09:18,58,97,7878,8151
2026-09-18 04:09:28,55,100,7878,8151
2026-09-18 04:09:38,55,100,7878,8151
2026-09-18 04:09:48,54,100,7878,8151
2026-09-18 04:09:59,54,100,7878,8151
2026-09-18 04:10:09,55,100,7878,8151
2026-09-18 04:10:19,54,0,7878,8151
2026-09-18 04:10:29,55,100,7878,8151
2026-09-18 04:10:39,55,100,7878,8151
2026-09-18 04:10:49,56,99,7878,8151
2026-09-18 04:11:00,55,100,7878,8151
2026-09-18 04:11:10,55,100,7878,8151
2026-09-18 04:11:20,55,100,7878,8151
2026-09-18 04:11:30,63,100,7878,8151
2026-09-18 04:11:40,55,99,7878,8151
2026-09-18 04:11:50,56,99,7878,8151
2026-09-18 04:12:00,56,100,7878,8151
2026-09-18 04:12:11,55,100,7878,8151
2026-09-18 04:12:21,55,100,7878,8151
2026-09-18 04:12:31,54,64,7878,8151
2026-09-18 04:12:41,55,100,7878,8151
2026-09-18 04:12:51,56,100,7878,8151
2026-09-18 04:13:01,55,100,7878,8151
2026-09-18 04:13:11,54,100,7878,8151
2026-09-18 04:13:22,54,99,7878,8151
2026-09-18 04:13:32,54,100,7878,8151
2026-09-18 04:13:42,54,100,7878,8151
2026-09-18 04:13:52,59,96,7878,8151
2026-09-18 04:14:02,54,100,7878,8151
2026-09-18 04:14:12,54,100,7878,8151
2026-09-18 04:14:22,62,99,7878,8151
2026-09-18 04:14:33,54,100,7878,8151
2026-09-18 04:14:43,54,100,7878,8151
2026-09-18 04:14:53,54,99,7878,8151
2026-09-18 04:15:03,54,100,7878,8151
2026-09-18 04:15:13,54,100,7878,8151
2026-09-18 04:15:23,54,100,7878,8151
2026-09-18 04:15:34,55,100,7878,8151
2026-09-18 04:15:44,55,100,7878,8151
2026-09-18 04:15:54,55,100,7878,8151
2026-09-18 04:16:04,55,100,7878,8151
2026-09-18 04:16:14,56,99,7878,8151
2026-09-18 04:16:24,55,100,7878,8151
2026-09-18 04:16:34,56,100,7878,8151
2026-09-18 04:16:45,55,100,7878,8151
2026-09-18 04:16:55,55,99,7878,8151
2026-09-18 04:17:05,55,100,7878,8151
2026-09-18 04:17:15,55,100,7878,8151
2026-09-18 04:17:25,55,100,7878,8151
2026-09-18 04:17:35,55,100,7878,8151
2026-09-18 04:17:45,55,100,7878,8151
2026-09-18 04:17:56,55,100,7878,8151
2026-09-18 04:18:06,55,100,7878,8151
2026-09-18 04:18:16,55,100,7878,8151
2026-09-18 04:18:26,55,100,7878,8151
2026-09-18 04:18:36,55,100,7878,8151
2026-09-18 04:18:46,55,99,7878,8151
2026-09-18 04:18:56,55,100,7878,8151
2026-09-18 04:19:07,61,98,7878,8151
2026-09-18 04:19:17,56,100,7878,8151
2026-09-18 04:19:27,55,100,7878,8151
2026-09-18 04:19:37,55,100,7878,8151
2026-09-18 04:19:47,56,99,7878,8151
2026-09-18 04:19:57,55,100,7878,8151
2026-09-18 04:20:08,64,94,7878,8151
2026-09-18 04:20:18,56,100,7878,8151
2026-09-18 04:20:28,56,99,7878,8151
2026-09-18 04:20:38,55,100,7878,8151
2026-09-18 04:20:48,57,100,7878,8151
2026-09-18 04:20:58,60,100,7878,8151
2026-09-18 04:21:08,55,99,7878,8151
2026-09-18 04:21:19,55,100,7878,8151
2026-09-18 04:21:29,56,100,7878,8151
2026-09-18 04:21:39,55,100,7878,8151
2026-09-18 04:21:49,56,99,7878,8151
2026-09-18 04:21:59,55,99,7878,8151
2026-09-18 04:22:10,55,100,7878,8151
2026-09-18 04:22:20,55,100,7878,8151
2026-09-18 04:22:30,59,99,7878,8151
2026-09-18 04:22:40,56,99,7878,8151
2026-09-18 04:22:50,57,98,7878,8151
2026-09-18 04:23:00,55,100,7878,8151
2026-09-18 04:23:10,57,98,7878,8151
2026-09-18 04:23:21,55,100,7878,8151
2026-09-18 04:23:31,56,100,7878,8151
2026-09-18 04:23:41,58,99,7878,8151
2026-09-18 04:23:51,55,100,7878,8151
2026-09-18 04:24:01,55,100,7878,8151
2026-09-18 04:24:11,55,100,7878,8151
2026-09-18 04:24:22,55,100,7878,8151
2026-09-18 04:24:32,55,100,7878,8151
2026-09-18 04:24:42,55,100,7878,8151
2026-09-18 04:24:52,55,99,7878,8151
2026-09-18 04:25:02,53,100,7878,8151
2026-09-18 04:25:12,54,100,7878,8151
2026-09-18 04:25:22,54,100,7878,8151
2026-09-18 04:25:33,54,100,7878,8151
2026-09-18 04:25:43,55,100,7878,8151
2026-09-18 04:25:53,55,99,7878,8151
2026-09-18 04:26:03,52,0,7878,8151
2026-09-18 04:26:13,54,100,7878,8151
2026-09-18 04:26:23,54,100,7878,8151
2026-09-18 04:26:34,56,100,7878,8151
2026-09-18 04:26:44,55,100,7878,8151
2026-09-18 04:26:54,54,99,7878,8151
2026-09-18 04:27:04,54,100,7878,8151
2026-09-18 04:27:14,55,100,7878,8151
2026-09-18 04:27:24,55,100,7878,8151
2026-09-18 04:27:35,52,0,7878,8151
2026-09-18 04:27:45,55,100,7878,8151
2026-09-18 04:27:55,55,100,7878,8151
2026-09-18 04:28:05,55,99,7878,8151
2026-09-18 04:28:15,55,100,7878,8151
2026-09-18 04:28:25,55,100,7878,8151
2026-09-18 04:28:36,55,100,7878,8151
2026-09-18 04:28:46,56,99,7878,8151
2026-09-18 04:28:56,56,99,7878,8151
2026-09-18 04:29:06,55,100,7878,8151
2026-09-18 04:29:16,55,100,7878,8151
2026-09-18 04:29:26,55,98,7878,8151
2026-09-18 04:29:37,55,100,7878,8151
2026-09-18 04:29:47,55,99,7878,8151
2026-09-18 04:29:57,55,100,7878,8151
2026-09-18 04:30:07,59,95,7878,8151
2026-09-18 04:30:17,56,98,7878,8151
2026-09-18 04:30:27,56,100,7878,8151
2026-09-18 04:30:37,55,100,7878,8151
2026-09-18 04:30:48,56,98,7878,8151
2026-09-18 04:30:58,57,97,7878,8151
2026-09-18 04:31:08,55,100,7878,8151
2026-09-18 04:31:18,55,100,7878,8151
2026-09-18 04:31:28,55,100,7878,8151
2026-09-18 04:31:38,55,100,7878,8151
2026-09-18 04:31:49,55,100,7878,8151
2026-09-18 04:31:59,55,100,7878,8151
2026-09-18 04:32:09,55,99,7878,8151
2026-09-18 04:32:19,54,100,7878,8151
2026-09-18 04:32:29,55,100,7878,8151
2026-09-18 04:32:39,55,100,7878,8151
2026-09-18 04:32:50,55,100,7878,8151
2026-09-18 04:33:00,55,100,7878,8151
2026-09-18 04:33:10,54,100,7878,8151
2026-09-18 04:33:20,53,0,7878,8151
2026-09-18 04:33:30,54,98,7878,8151
2026-09-18 04:33:40,54,100,7878,8151
2026-09-18 04:33:51,53,100,7878,8151
2026-09-18 04:34:01,54,99,7878,8151
2026-09-18 04:34:11,54,99,7878,8151
2026-09-18 04:34:21,54,100,7878,8151
2026-09-18 04:34:31,54,0,7878,8151
2026-09-18 04:34:41,55,99,7878,8151
2026-09-18 04:34:52,54,100,7878,8151
2026-09-18 04:35:02,54,100,7878,8151
2026-09-18 04:35:12,54,100,7878,8151
2026-09-18 04:35:22,53,0,7878,8151
2026-09-18 04:35:32,55,100,7878,8151
2026-09-18 04:35:42,55,99,7878,8151
2026-09-18 04:35:53,54,99,7878,8151
2026-09-18 04:36:03,57,97,7878,8151
2026-09-18 04:36:13,54,100,7878,8151
2026-09-18 04:36:23,52,0,7878,8151
2026-09-18 04:36:33,55,99,7878,8151
2026-09-18 04:36:43,62,96,7878,8151
2026-09-18 04:36:53,55,100,7878,8151
2026-09-18 04:37:04,54,100,7878,8151
2026-09-18 04:37:14,56,100,7878,8151
2026-09-18 04:37:24,57,99,7878,8151
2026-09-18 04:37:34,60,99,7878,8151
2026-09-18 04:37:44,56,99,7878,8151
2026-09-18 04:37:54,56,100,7878,8151
2026-09-18 04:38:04,55,100,7878,8151
2026-09-18 04:38:15,55,100,7878,8151
2026-09-18 04:38:25,55,99,7878,8151
2026-09-18 04:38:35,52,0,7878,8151
2026-09-18 04:38:45,55,100,7878,8151
2026-09-18 04:38:55,53,99,7878,8151
2026-09-18 04:39:05,54,98,7878,8151
2026-09-18 04:39:16,54,100,7878,8151
2026-09-18 04:39:26,54,100,7878,8151
2026-09-18 04:39:36,54,100,7878,8151
2026-09-18 04:39:46,55,99,7878,8151
2026-09-18 04:39:56,55,99,7878,8151
2026-09-18 04:40:06,54,100,7878,8151
2026-09-18 04:40:16,55,100,7878,8151
2026-09-18 04:40:27,55,99,7878,8151
2026-09-18 04:40:37,54,100,7878,8151
2026-09-18 04:40:47,56,97,7878,8151
2026-09-18 04:40:57,55,99,7878,8151
2026-09-18 04:41:07,56,99,7878,8151
2026-09-18 04:41:17,55,99,7878,8151
2026-09-18 04:41:27,54,100,7878,8151
2026-09-18 04:41:38,54,100,7878,8151
2026-09-18 04:41:48,55,99,7878,8151
2026-09-18 04:41:58,54,100,7878,8151
2026-09-18 04:42:08,55,100,7878,8151
2026-09-18 04:42:18,57,98,7878,8151
2026-09-18 04:42:28,55,100,7878,8151
2026-09-18 04:42:38,55,100,7878,8151
2026-09-18 04:42:49,55,100,7878,8151
2026-09-18 04:42:59,59,99,7878,8151
2026-09-18 04:43:09,55,100,7878,8151
2026-09-18 04:43:19,54,30,7878,8151
2026-09-18 04:43:29,56,99,7878,8151
2026-09-18 04:43:39,55,99,7878,8151
2026-09-18 04:43:50,55,100,7878,8151
2026-09-18 04:44:00,55,99,7878,8151
2026-09-18 04:44:10,55,99,7878,8151
2026-09-18 04:44:20,55,99,7878,8151
2026-09-18 04:44:30,55,100,7878,8151
2026-09-18 04:44:40,55,100,7878,8151
2026-09-18 04:44:50,55,99,7878,8151
2026-09-18 04:45:01,55,99,7878,8151
2026-09-18 04:45:11,55,100,7878,8151
2026-09-18 04:45:21,55,99,7878,8151
2026-09-18 04:45:31,56,99,7878,8151
2026-09-18 04:45:41,55,100,7878,8151
2026-09-18 04:45:51,59,98,7878,8151
2026-09-18 04:46:02,54,100,7878,8151
2026-09-18 04:46:12,56,100,7878,8151
2026-09-18 04:46:22,55,100,7878,8151
2026-09-18 04:46:32,56,100,7878,8151
2026-09-18 04:46:42,55,100,7878,8151
2026-09-18 04:46:52,55,100,7878,8151
2026-09-18 04:47:02,55,100,7878,8151
2026-09-18 04:47:13,52,0,7878,8151
2026-09-18 04:47:23,57,98,7878,8151
2026-09-18 04:47:33,55,100,7878,8151
2026-09-18 04:47:43,55,100,7878,8151
2026-09-18 04:47:53,57,99,7878,8151
2026-09-18 04:48:03,55,100,7878,8151
2026-09-18 04:48:14,55,100,7878,8151
2026-09-18 04:48:24,56,99,7878,8151
2026-09-18 04:48:34,55,100,7878,8151
2026-09-18 04:48:44,55,100,7878,8151
2026-09-18 04:48:54,52,0,7878,8151
2026-09-18 04:49:04,57,100,7878,8151
2026-09-18 04:49:15,60,97,7878,8151
2026-09-18 04:49:25,56,100,7878,8151
2026-09-18 04:49:35,55,100,7878,8151
2026-09-18 04:49:45,55,100,7878,8151
2026-09-18 04:49:55,55,100,7878,8151
2026-09-18 04:50:05,55,100,7878,8151
2026-09-18 04:50:15,57,99,7878,8151
2026-09-18 04:50:26,55,100,7878,8151
2026-09-18 04:50:36,52,0,7878,8151
2026-09-18 04:50:46,58,99,7878,8151
2026-09-18 04:50:56,53,92,7878,8151
2026-09-18 04:51:06,55,100,7878,8151
2026-09-18 04:51:16,55,100,7878,8151
2026-09-18 04:51:27,55,100,7878,8151
2026-09-18 04:51:37,55,100,7878,8151
2026-09-18 04:51:47,56,100,7878,8151
2026-09-18 04:51:57,55,97,7878,8151
2026-09-18 04:52:07,55,99,7878,8151
2026-09-18 04:52:17,55,100,7878,8151
2026-09-18 04:52:27,57,99,7878,8151
2026-09-18 04:52:38,56,99,7878,8151
2026-09-18 04:52:48,52,0,7878,8151
2026-09-18 04:52:58,54,100,7878,8151
2026-09-18 04:53:08,54,100,7878,8151
2026-09-18 04:53:18,54,100,7878,8151
2026-09-18 04:53:28,55,100,7878,8151
2026-09-18 04:53:39,52,0,7878,8151
2026-09-18 04:53:49,58,100,7878,8151
2026-09-18 04:53:59,57,100,7878,8151
2026-09-18 04:54:09,55,100,7878,8151
2026-09-18 04:54:19,56,100,7878,8151
2026-09-18 04:54:29,55,100,7878,8151
2026-09-18 04:54:40,55,100,7878,8151
2026-09-18 04:54:50,55,100,7878,8151
2026-09-18 04:55:00,55,100,7878,8151
2026-09-18 04:55:10,59,99,7878,8151
2026-09-18 04:55:20,55,100,7878,8151
2026-09-18 04:55:30,55,99,7878,8151
2026-09-18 04:55:41,54,100,7878,8151
2026-09-18 04:55:51,55,100,7878,8151
2026-09-18 04:56:01,53,0,7878,8151
2026-09-18 04:56:11,54,100,7878,8151
2026-09-18 04:56:21,62,97,7878,8151
2026-09-18 04:56:31,53,99,7878,8151
2026-09-18 04:56:42,54,100,7878,8151
2026-09-18 04:56:52,54,100,7878,8151
2026-09-18 04:57:02,53,100,7878,8151
2026-09-18 04:57:12,51,0,7878,8151
2026-09-18 04:57:22,55,99,7878,8151
2026-09-18 04:57:32,54,100,7878,8151
2026-09-18 04:57:43,59,100,7878,8151
2026-09-18 04:57:53,54,100,7878,8151
2026-09-18 04:58:03,55,33,7878,8151
2026-09-18 04:58:13,55,100,7878,8151
2026-09-18 04:58:23,54,100,7878,8151
2026-09-18 04:58:33,55,100,7878,8151
2026-09-18 04:58:44,54,100,7878,8151
2026-09-18 04:58:54,55,100,7878,8151
2026-09-18 04:59:04,59,98,7878,8151
2026-09-18 04:59:14,54,100,7878,8151
2026-09-18 04:59:24,54,100,7878,8151
2026-09-18 04:59:34,55,99,7878,8151
2026-09-18 04:59:44,56,99,7878,8151
2026-09-18 04:59:55,55,100,7878,8151
2026-09-18 05:00:05,55,99,7878,8151
2026-09-18 05:00:15,54,100,7878,8151
2026-09-18 05:00:25,52,0,7878,8151
2026-09-18 05:00:35,56,99,7878,8151
2026-09-18 05:00:45,55,100,7878,8151
2026-09-18 05:00:56,55,100,7878,8151
2026-09-18 05:01:06,55,100,7878,8151
2026-09-18 05:01:16,55,100,7878,8151
2026-09-18 05:01:26,55,100,7878,8151
2026-09-18 05:01:36,52,0,7878,8151
2026-09-18 05:01:46,55,100,7878,8151
2026-09-18 05:01:56,55,100,7878,8151
2026-09-18 05:02:07,55,99,7878,8151
2026-09-18 05:02:17,54,100,7878,8151
2026-09-18 05:02:27,52,0,7878,8151
2026-09-18 05:02:37,55,100,7878,8151
2026-09-18 05:02:47,55,100,7878,8151
2026-09-18 05:02:57,55,100,7878,8151
2026-09-18 05:03:08,61,99,7878,8151
2026-09-18 05:03:18,55,99,7878,8151
2026-09-18 05:03:28,54,100,7878,8151
2026-09-18 05:03:38,55,99,7878,8151
2026-09-18 05:03:48,56,100,7878,8151
2026-09-18 05:03:58,54,100,7878,8151
2026-09-18 05:04:09,54,100,7878,8151
2026-09-18 05:04:19,55,100,7878,8151
2026-09-18 05:04:29,56,100,7878,8151
2026-09-18 05:04:39,55,100,7878,8151
2026-09-18 05:04:49,56,99,7878,8151
2026-09-18 05:04:59,55,100,7878,8151
2026-09-18 05:05:09,58,98,7878,8151
2026-09-18 05:05:20,55,100,7878,8151
2026-09-18 05:05:30,55,100,7878,8151
2026-09-18 05:05:40,55,100,7878,8151
2026-09-18 05:05:50,59,99,7878,8151
2026-09-18 05:06:00,55,100,7878,8151
2026-09-18 05:06:10,55,98,7878,8151
2026-09-18 05:06:21,61,96,7878,8151
2026-09-18 05:06:31,58,99,7878,8151
2026-09-18 05:06:41,55,100,7878,8151
2026-09-18 05:06:51,56,100,7878,8151
2026-09-18 05:07:01,55,100,7878,8151
2026-09-18 05:07:11,55,99,7878,8151
2026-09-18 05:07:21,54,100,7878,8151
2026-09-18 05:07:32,54,100,7878,8151
2026-09-18 05:07:42,53,100,7878,8151
2026-09-18 05:07:52,55,100,7878,8151
2026-09-18 05:08:02,54,100,7878,8151
2026-09-18 05:08:12,53,100,7878,8151
2026-09-18 05:08:22,54,100,7878,8151
2026-09-18 05:08:33,53,100,7878,8151
2026-09-18 05:08:43,53,100,7878,8151
2026-09-18 05:08:53,54,100,7878,8151
2026-09-18 05:09:03,54,100,7878,8151
2026-09-18 05:09:13,54,100,7878,8151
2026-09-18 05:09:23,55,100,7878,8151
2026-09-18 05:09:33,54,100,7878,8151
2026-09-18 05:09:44,54,100,7878,8151
2026-09-18 05:09:54,55,100,7878,8151
2026-09-18 05:10:04,55,100,7878,8151
2026-09-18 05:10:14,54,99,7878,8151
2026-09-18 05:10:24,58,81,7878,8151
2026-09-18 05:10:34,55,99,7878,8151
2026-09-18 05:10:45,54,99,7878,8151
2026-09-18 05:10:55,54,100,7878,8151
2026-09-18 05:11:05,55,100,7878,8151
2026-09-18 05:11:15,55,99,7878,8151
2026-09-18 05:11:25,55,95,7878,8151
2026-09-18 05:11:35,54,100,7878,8151
2026-09-18 05:11:45,54,100,7878,8151
2026-09-18 05:11:56,55,99,7878,8151
2026-09-18 05:12:06,55,100,7878,8151
2026-09-18 05:12:16,55,100,7878,8151
2026-09-18 05:12:26,55,100,7878,8151
2026-09-18 05:12:36,54,100,7878,8151
2026-09-18 05:12:46,55,100,7878,8151
2026-09-18 05:12:57,61,100,7878,8151
2026-09-18 05:13:07,54,100,7878,8151
2026-09-18 05:13:17,57,98,7878,8151
2026-09-18 05:13:27,55,100,7878,8151
2026-09-18 05:13:37,57,99,7878,8151
2026-09-18 05:13:47,55,99,7878,8151
2026-09-18 05:13:57,55,99,7878,8151
2026-09-18 05:14:08,55,100,7878,8151
2026-09-18 05:14:18,52,0,7878,8151
2026-09-18 05:14:28,55,100,7878,8151
2026-09-18 05:14:38,55,100,7878,8151
2026-09-18 05:14:48,54,100,7878,8151
2026-09-18 05:14:58,61,97,7878,8151
2026-09-18 05:15:08,55,100,7878,8151
2026-09-18 05:15:19,55,100,7878,8151
2026-09-18 05:15:29,55,100,7878,8151
2026-09-18 05:15:39,55,99,7878,8151
2026-09-18 05:15:49,55,100,7878,8151
2026-09-18 05:15:59,52,0,7878,8151
2026-09-18 05:16:09,55,100,7878,8151
2026-09-18 05:16:20,55,99,7878,8151
2026-09-18 05:16:30,54,100,7878,8151
2026-09-18 05:16:40,53,100,7878,8151
2026-09-18 05:16:50,53,100,7878,8151
2026-09-18 05:17:00,53,100,7878,8151
2026-09-18 05:17:10,54,100,7878,8151
2026-09-18 05:17:20,60,99,7878,8151
2026-09-18 05:17:31,55,100,7878,8151
2026-09-18 05:17:41,51,0,7878,8151
2026-09-18 05:17:51,54,99,7878,8151
2026-09-18 05:18:01,51,0,7878,8151
2026-09-18 05:18:11,54,99,7878,8151
2026-09-18 05:18:21,54,100,7878,8151
2026-09-18 05:18:32,54,100,7878,8151
2026-09-18 05:18:42,54,100,7878,8151
2026-09-18 05:18:52,55,98,7878,8151
2026-09-18 05:19:02,55,99,7878,8151
2026-09-18 05:19:12,54,99,7878,8151
2026-09-18 05:19:22,54,100,7878,8151
2026-09-18 05:19:33,56,99,7878,8151
2026-09-18 05:19:43,61,99,7878,8151
2026-09-18 05:19:53,52,0,7878,8151
2026-09-18 05:20:03,55,100,7878,8151
2026-09-18 05:20:13,54,100,7878,8151
2026-09-18 05:20:23,54,100,7878,8151
2026-09-18 05:20:34,54,100,7878,8151
2026-09-18 05:20:44,54,99,7878,8151
2026-09-18 05:20:54,54,100,7878,8151
2026-09-18 05:21:04,55,98,7878,8151
2026-09-18 05:21:14,54,100,7878,8151
2026-09-18 05:21:24,55,99,7878,8151
2026-09-18 05:21:34,55,99,7878,8151
2026-09-18 05:21:45,54,100,7878,8151
2026-09-18 05:21:55,55,100,7878,8151
2026-09-18 05:22:05,54,100,7878,8151
2026-09-18 05:22:15,55,98,7878,8151
2026-09-18 05:22:25,61,100,7878,8151
2026-09-18 05:22:35,56,99,7878,8151
2026-09-18 05:22:45,54,100,7878,8151
2026-09-18 05:22:56,55,99,7878,8151
2026-09-18 05:23:06,54,100,7878,8151
2026-09-18 05:23:16,55,100,7878,8151
2026-09-18 05:23:26,56,99,7878,8151
2026-09-18 05:23:36,55,99,7878,8151
2026-09-18 05:23:46,55,99,7878,8151
2026-09-18 05:23:56,55,100,7878,8151
2026-09-18 05:24:07,54,100,7878,8151
2026-09-18 05:24:17,54,100,7878,8151
2026-09-18 05:24:27,60,99,7878,8151
2026-09-18 05:24:37,54,99,7878,8151
2026-09-18 05:24:47,53,100,7878,8151
2026-09-18 05:24:57,54,100,7878,8151
2026-09-18 05:25:07,52,0,7878,8151
2026-09-18 05:25:18,55,99,7878,8151
2026-09-18 05:25:28,54,100,7878,8151
2026-09-18 05:25:38,54,100,7878,8151
2026-09-18 05:25:48,54,100,7878,8151
2026-09-18 05:25:58,54,100,7878,8151
2026-09-18 05:26:08,58,98,7878,8151
2026-09-18 05:26:19,55,99,7878,8151
2026-09-18 05:26:29,54,100,7878,8151
2026-09-18 05:26:39,54,100,7878,8151
2026-09-18 05:26:49,54,100,7878,8151
2026-09-18 05:26:59,56,100,7878,8151
2026-09-18 05:27:09,54,100,7878,8151
2026-09-18 05:27:19,54,100,7878,8151
2026-09-18 05:27:30,54,100,7878,8151
2026-09-18 05:27:40,55,0,7878,8151
2026-09-18 05:27:50,55,100,7878,8151
2026-09-18 05:28:00,54,100,7878,8151
2026-09-18 05:28:10,54,100,7878,8151
2026-09-18 05:28:20,54,99,7878,8151
2026-09-18 05:28:30,55,99,7878,8151
2026-09-18 05:28:41,54,100,7878,8151
2026-09-18 05:28:51,54,100,7878,8151
2026-09-18 05:29:01,54,100,7878,8151
2026-09-18 05:29:11,59,97,7878,8151
2026-09-18 05:29:21,55,99,7878,8151
2026-09-18 05:29:31,54,100,7878,8151
2026-09-18 05:29:41,55,100,7878,8151
2026-09-18 05:29:52,54,100,7878,8151
2026-09-18 05:30:02,55,100,7878,8151
2026-09-18 05:30:12,61,97,7878,8151
2026-09-18 05:30:22,55,100,7878,8151
2026-09-18 05:30:32,54,100,7878,8151
2026-09-18 05:30:42,55,100,7878,8151
2026-09-18 05:30:53,55,100,7878,8151
2026-09-18 05:31:03,54,99,7878,8151
2026-09-18 05:31:13,61,100,7878,8151
2026-09-18 05:31:23,54,100,7878,8151
2026-09-18 05:31:33,56,99,7878,8151
2026-09-18 05:31:43,55,99,7878,8151
2026-09-18 05:31:53,53,4,7878,8151
2026-09-18 05:32:04,55,100,7878,8151
2026-09-18 05:32:14,55,100,7878,8151
2026-09-18 05:32:24,55,99,7878,8151
2026-09-18 05:32:34,55,100,7878,8151
2026-09-18 05:32:44,55,100,7878,8151
2026-09-18 05:32:54,56,99,7878,8151
2026-09-18 05:33:05,55,100,7878,8151
2026-09-18 05:33:15,55,100,7878,8151
2026-09-18 05:33:25,55,100,7878,8151
2026-09-18 05:33:35,55,100,7878,8151
2026-09-18 05:33:45,55,99,7878,8151
2026-09-18 05:33:55,55,100,7878,8151
2026-09-18 05:34:05,55,99,7878,8151
2026-09-18 05:34:15,62,95,7878,8151
2026-09-18 05:34:26,55,100,7878,8151
2026-09-18 05:34:36,56,99,7878,8151
2026-09-18 05:34:46,55,99,7878,8151
2026-09-18 05:34:56,52,0,7878,8151
2026-09-18 05:35:06,55,99,7878,8151
2026-09-18 05:35:17,55,100,7878,8151
2026-09-18 05:35:27,57,99,7878,8151
2026-09-18 05:35:37,55,100,7878,8151
2026-09-18 05:35:47,54,100,7878,8151
2026-09-18 05:35:57,55,99,7878,8151
2026-09-18 05:36:07,58,100,7878,8151
2026-09-18 05:36:17,55,100,7878,8151
2026-09-18 05:36:28,55,100,7878,8151
2026-09-18 05:36:38,55,100,7878,8151
2026-09-18 05:36:48,61,98,7878,8151
2026-09-18 05:36:58,54,100,7878,8151
2026-09-18 05:37:08,53,100,7878,8151
2026-09-18 05:37:18,53,100,7878,8151
2026-09-18 05:37:28,54,100,7878,8151
2026-09-18 05:37:39,57,98,7878,8151
2026-09-18 05:37:49,54,100,7878,8151
2026-09-18 05:37:59,54,100,7878,8151
2026-09-18 05:38:09,54,99,7878,8151
2026-09-18 05:38:19,54,100,7878,8151
2026-09-18 05:38:29,54,99,7878,8151
2026-09-18 05:38:39,54,100,7878,8151
2026-09-18 05:38:50,55,100,7878,8151
2026-09-18 05:39:00,56,99,7878,8151
2026-09-18 05:39:10,54,100,7878,8151
2026-09-18 05:39:20,54,100,7878,8151
2026-09-18 05:39:30,56,97,7878,8151
2026-09-18 05:39:40,55,99,7878,8151
2026-09-18 05:39:50,54,100,7878,8151
2026-09-18 05:40:01,52,0,7878,8151
2026-09-18 05:40:11,54,100,7878,8151
2026-09-18 05:40:21,54,100,7878,8151
2026-09-18 05:40:31,55,100,7878,8151
2026-09-18 05:40:41,54,100,7878,8151
2026-09-18 05:40:51,55,99,7878,8151
2026-09-18 05:41:02,55,100,7878,8151
2026-09-18 05:41:12,55,100,7878,8151
2026-09-18 05:41:22,55,100,7878,8151
2026-09-18 05:41:32,54,100,7878,8151
2026-09-18 05:41:42,56,98,7878,8151
2026-09-18 05:41:52,55,100,7878,8151
2026-09-18 05:42:02,53,72,7878,8151
2026-09-18 05:42:13,56,99,7878,8151
2026-09-18 05:42:23,54,100,7878,8151
2026-09-18 05:42:33,54,100,7878,8151
2026-09-18 05:42:43,59,98,7878,8151
2026-09-18 05:42:53,54,100,7878,8151
2026-09-18 05:43:03,61,98,7878,8151
2026-09-18 05:43:13,56,100,7878,8151
2026-09-18 05:43:24,54,100,7878,8151
2026-09-18 05:43:34,55,100,7878,8151
2026-09-18 05:43:44,55,100,7878,8151
2026-09-18 05:43:54,54,99,7878,8151
2026-09-18 05:44:04,55,100,7878,8151
2026-09-18 05:44:14,54,100,7878,8151
2026-09-18 05:44:25,55,100,7878,8151
2026-09-18 05:44:35,55,99,7878,8151
2026-09-18 05:44:45,55,99,7878,8151
2026-09-18 05:44:55,56,95,7878,8151
2026-09-18 05:45:05,54,100,7878,8151
2026-09-18 05:45:15,58,96,7878,8151
2026-09-18 05:45:25,59,100,7878,8151
2026-09-18 05:45:36,54,100,7878,8151
2026-09-18 05:45:46,54,100,7878,8151
2026-09-18 05:45:56,54,100,7878,8151
2026-09-18 05:46:06,56,99,7878,8151
2026-09-18 05:46:16,54,100,7878,8151
2026-09-18 05:46:26,55,99,7878,8151
2026-09-18 05:46:36,55,100,7878,8151
2026-09-18 05:46:47,54,100,7878,8151
2026-09-18 05:46:57,55,100,7878,8151
2026-09-18 05:47:07,57,97,7878,8151
2026-09-18 05:47:17,54,100,7878,8151
2026-09-18 05:47:27,55,100,7878,8151
2026-09-18 05:47:37,55,100,7878,8151
2026-09-18 05:47:47,55,99,7878,8151
2026-09-18 05:47:58,55,99,7878,8151
2026-09-18 05:48:08,55,98,7878,8151
2026-09-18 05:48:18,54,100,7878,8151
2026-09-18 05:48:28,55,100,7878,8151
2026-09-18 05:48:38,54,100,7878,8151
2026-09-18 05:48:48,54,100,7878,8151
2026-09-18 05:48:58,54,100,7878,8151
2026-09-18 05:49:09,55,100,7878,8151
2026-09-18 05:49:19,54,99,7878,8151
2026-09-18 05:49:29,54,100,7878,8151
2026-09-18 05:49:39,55,100,7878,8151
2026-09-18 05:49:49,60,99,7878,8151
2026-09-18 05:49:59,55,99,7878,8151
2026-09-18 05:50:09,55,100,7878,8151
2026-09-18 05:50:20,55,99,7878,8151
2026-09-18 05:50:30,57,99,7878,8151
2026-09-18 05:50:40,55,100,7878,8151
2026-09-18 05:50:50,56,100,7878,8151
2026-09-18 05:51:00,55,100,7878,8151
2026-09-18 05:51:10,54,100,7878,8151
2026-09-18 05:51:20,55,100,7878,8151
2026-09-18 05:51:31,52,0,7878,8151
2026-09-18 05:51:41,55,99,7878,8151
2026-09-18 05:51:51,55,99,7878,8151
2026-09-18 05:52:01,56,100,7878,8151
2026-09-18 05:52:11,55,100,7878,8151
2026-09-18 05:52:21,55,100,7878,8151
2026-09-18 05:52:31,61,97,7878,8151
2026-09-18 05:52:42,54,100,7878,8151
2026-09-18 05:52:52,55,99,7878,8151
2026-09-18 05:53:02,54,100,7878,8151
2026-09-18 05:53:12,53,57,7878,8151
2026-09-18 05:53:22,55,100,7878,8151
2026-09-18 05:53:32,55,100,7878,8151
2026-09-18 05:53:42,56,99,7878,8151
2026-09-18 05:53:53,54,100,7878,8151
2026-09-18 05:54:03,55,100,7878,8151
2026-09-18 05:54:13,54,100,7878,8151
2026-09-18 05:54:23,54,100,7878,8151
2026-09-18 05:54:33,55,100,7878,8151
2026-09-18 05:54:43,55,100,7878,8151
2026-09-18 05:54:53,54,98,7878,8151
2026-09-18 05:55:04,54,100,7878,8151
2026-09-18 05:55:14,54,100,7878,8151
2026-09-18 05:55:24,54,100,7878,8151
2026-09-18 05:55:34,54,99,7878,8151
2026-09-18 05:55:44,53,100,7878,8151
2026-09-18 05:55:54,58,98,7878,8151
2026-09-18 05:56:04,54,100,7878,8151
2026-09-18 05:56:15,55,98,7878,8151
2026-09-18 05:56:25,54,100,7878,8151
2026-09-18 05:56:35,54,100,7878,8151
2026-09-18 05:56:45,56,100,7878,8151
2026-09-18 05:56:55,54,100,7878,8151
2026-09-18 05:57:05,53,100,7878,8151
2026-09-18 05:57:16,53,99,7878,8151
2026-09-18 05:57:26,54,100,7878,8151
2026-09-18 05:57:36,54,100,7878,8151
2026-09-18 05:57:46,62,94,7878,8151
2026-09-18 05:57:56,54,100,7878,8151
2026-09-18 05:58:06,54,99,7878,8151
2026-09-18 05:58:16,54,100,7878,8151
2026-09-18 05:58:27,55,100,7878,8151
2026-09-18 05:58:37,57,100,7878,8151
2026-09-18 05:58:47,54,100,7878,8151
2026-09-18 05:58:57,55,100,7878,8151
2026-09-18 05:59:07,56,98,7878,8151
2026-09-18 05:59:17,54,99,7878,8151
2026-09-18 05:59:27,54,100,7878,8151
2026-09-18 05:59:38,55,100,7878,8151
2026-09-18 05:59:48,55,99,7878,8151
2026-09-18 05:59:58,59,100,7878,8151
2026-09-18 06:00:08,55,100,7878,8151
2026-09-18 06:00:18,55,100,7878,8151
2026-09-18 06:00:28,55,100,7878,8151
2026-09-18 06:00:38,63,96,7878,8151
2026-09-18 06:00:49,55,100,7878,8151
2026-09-18 06:00:59,55,100,7878,8151
2026-09-18 06:01:09,56,100,7878,8151
2026-09-18 06:01:19,55,100,7878,8151
