timestamp,temp_c,util_pct,mem_used_mib,mem_total_mib
2026-09-18 12:40:40,57,49,6138,8151
2026-09-18 12:40:50,55,0,6138,8151
2026-09-18 12:41:00,55,0,6138,8151
2026-09-18 12:41:10,54,0,6138,8151
2026-09-18 12:41:20,54,27,6138,8151
2026-09-18 12:41:31,53,0,6138,8151
2026-09-18 12:41:41,53,0,6138,8151
2026-09-18 12:41:51,52,0,6138,8151
2026-09-18 12:42:01,51,0,6138,8151
2026-09-18 12:42:11,51,0,6138,8151
2026-09-18 12:42:22,50,0,6138,8151
2026-09-18 12:42:32,56,34,6138,8151
2026-09-18 12:42:42,53,17,6138,8151
2026-09-18 12:42:52,54,1,6138,8151
2026-09-18 12:43:02,54,0,6138,8151
2026-09-18 12:43:13,54,0,6138,8151
2026-09-18 12:43:23,57,81,6138,8151
2026-09-18 12:43:33,54,0,6138,8151
2026-09-18 12:43:43,56,21,6138,8151
2026-09-18 12:43:54,59,35,6138,8151
2026-09-18 12:44:04,55,20,6138,8151
2026-09-18 12:44:14,61,98,6138,8151
2026-09-18 12:44:24,52,0,6138,8151
2026-09-18 12:44:34,51,0,6138,8151
2026-09-18 12:44:44,51,0,6138,8151
2026-09-18 12:44:55,51,0,6138,8151
2026-09-18 12:45:05,50,0,6138,8151
2026-09-18 12:45:15,54,0,6138,8151
2026-09-18 12:45:25,54,0,6138,8151
2026-09-18 12:45:35,56,54,6138,8151
2026-09-18 12:45:46,55,36,6138,8151
2026-09-18 12:45:56,53,0,6138,8151
2026-09-18 12:46:06,55,16,6138,8151
2026-09-18 12:46:16,56,73,6138,8151
2026-09-18 12:46:27,56,18,6138,8151
2026-09-18 12:46:37,55,79,6138,8151
2026-09-18 12:46:47,54,19,6138,8151
2026-09-18 12:46:57,52,0,6138,8151
2026-09-18 12:47:07,52,0,6138,8151
2026-09-18 12:47:18,51,0,6138,8151
2026-09-18 12:47:28,51,0,6138,8151
2026-09-18 12:47:38,50,0,6138,8151
2026-09-18 12:47:48,50,0,6138,8151
2026-09-18 12:47:58,55,100,6138,8151
2026-09-18 12:48:08,54,0,6138,8151
2026-09-18 12:48:19,53,0,6138,8151
2026-09-18 12:48:29,53,0,6138,8151
2026-09-18 12:48:39,55,19,6138,8151
2026-09-18 12:48:49,56,33,6138,8151
2026-09-18 12:49:00,60,37,6138,8151
2026-09-18 12:49:10,54,0,6138,8151
2026-09-18 12:49:20,54,26,6138,8151
2026-09-18 12:49:30,53,30,6138,8151
2026-09-18 12:49:40,55,97,6138,8151
2026-09-18 12:49:51,52,0,6138,8151
2026-09-18 12:50:01,51,0,6138,8151
2026-09-18 12:50:11,51,0,6138,8151
2026-09-18 12:50:21,50,0,6138,8151
2026-09-18 12:50:31,50,0,6138,8151
2026-09-18 12:50:41,59,33,6138,8151
2026-09-18 12:50:52,53,0,6138,8151
2026-09-18 12:51:02,54,0,6138,8151
2026-09-18 12:51:12,55,27,6138,8151
2026-09-18 12:51:22,59,35,6138,8151
2026-09-18 12:51:33,59,33,6138,8151
2026-09-18 12:51:43,55,0,6138,8151
2026-09-18 12:51:53,54,4,6138,8151
2026-09-18 12:52:03,55,18,6138,8151
2026-09-18 12:52:13,53,0,6138,8151
2026-09-18 12:52:24,53,0,6138,8151
2026-09-18 12:52:34,52,0,6138,8151
2026-09-18 12:52:44,51,0,6138,8151
2026-09-18 12:52:54,51,0,6138,8151
2026-09-18 12:53:04,50,0,6138,8151
2026-09-18 12:53:15,55,95,6138,8151
2026-09-18 12:53:25,54,20,6138,8151
2026-09-18 12:53:35,53,0,6138,8151
2026-09-18 12:53:45,53,0,6138,8151
2026-09-18 12:53:55,54,10,6138,8151
2026-09-18 12:54:06,53,0,6138,8151
2026-09-18 12:54:16,56,0,6138,8151
2026-09-18 12:54:26,56,0,6138,8151
2026-09-18 12:54:36,54,52,6138,8151
2026-09-18 12:54:46,53,4,6138,8151
2026-09-18 12:54:57,53,28,6138,8151
2026-09-18 12:55:07,53,19,6138,8151
2026-09-18 12:55:17,51,0,6138,8151
2026-09-18 12:55:27,51,0,6138,8151
2026-09-18 12:55:37,51,0,6138,8151
2026-09-18 12:55:47,50,0,6138,8151
2026-09-18 12:55:58,54,13,6138,8151
2026-09-18 12:56:08,55,36,6138,8151
2026-09-18 12:56:18,53,0,6138,8151
2026-09-18 12:56:28,54,0,6138,8151
2026-09-18 12:56:39,54,17,6138,8151
2026-09-18 12:56:49,55,12,6138,8151
2026-09-18 12:56:59,55,22,6138,8151
2026-09-18 12:57:09,55,5,6138,8151
2026-09-18 12:57:19,55,30,6138,8151
2026-09-18 12:57:30,53,28,6138,8151
2026-09-18 12:57:40,52,0,6138,8151
2026-09-18 12:57:50,52,0,6138,8151
2026-09-18 12:58:00,51,0,6138,8151
2026-09-18 12:58:10,51,0,6138,8151
2026-09-18 12:58:20,50,0,6138,8151
2026-09-18 12:58:31,50,0,6138,8151
2026-09-18 12:58:41,54,0,6138,8151
2026-09-18 12:58:51,53,21,6138,8151
2026-09-18 12:59:01,53,0,6138,8151
2026-09-18 12:59:11,56,35,6138,8151
2026-09-18 12:59:22,56,36,6138,8151
2026-09-18 12:59:32,58,65,6138,8151
2026-09-18 12:59:42,53,0,6138,8151
2026-09-18 12:59:52,54,0,6138,8151
2026-09-18 13:00:03,54,0,6138,8151
2026-09-18 13:00:13,53,29,6138,8151
2026-09-18 13:00:23,55,39,6138,8151
2026-09-18 13:00:33,52,0,6138,8151
2026-09-18 13:00:43,51,0,6138,8151
2026-09-18 13:00:53,51,0,6138,8151
2026-09-18 13:01:04,50,0,6138,8151
2026-09-18 13:01:14,50,0,6138,8151
2026-09-18 13:01:24,53,26,6138,8151
2026-09-18 13:01:34,54,7,6138,8151
2026-09-18 13:01:44,53,25,6138,8151
2026-09-18 13:01:55,53,0,6138,8151
2026-09-18 13:02:05,53,0,6138,8151
2026-09-18 13:02:15,54,61,6138,8151
2026-09-18 13:02:25,58,0,6138,8151
2026-09-18 13:02:35,56,0,6138,8151
2026-09-18 13:02:46,55,90,6138,8151
2026-09-18 13:02:56,53,27,6138,8151
2026-09-18 13:03:06,53,21,6138,8151
2026-09-18 13:03:16,56,22,6138,8151
2026-09-18 13:03:26,51,0,6138,8151
2026-09-18 13:03:37,50,0,6138,8151
2026-09-18 13:03:47,50,0,6138,8151
2026-09-18 13:03:57,50,0,6138,8151
2026-09-18 13:04:07,54,7,6138,8151
2026-09-18 13:04:17,54,24,6138,8151
2026-09-18 13:04:27,53,4,6138,8151
2026-09-18 13:04:38,53,0,6138,8151
2026-09-18 13:04:48,59,35,6138,8151
2026-09-18 13:04:58,54,0,6138,8151
2026-09-18 13:05:08,55,38,6138,8151
2026-09-18 13:05:19,54,0,6138,8151
2026-09-18 13:05:29,54,16,6138,8151
2026-09-18 13:05:39,54,17,6138,8151
2026-09-18 13:05:49,55,30,6138,8151
2026-09-18 13:05:59,55,98,6138,8151
2026-09-18 13:06:10,51,0,6138,8151
2026-09-18 13:06:20,50,0,6138,8151
2026-09-18 13:06:30,51,0,6138,8151
2026-09-18 13:06:40,50,0,6138,8151
2026-09-18 13:06:50,54,10,6138,8151
2026-09-18 13:07:00,53,0,6138,8151
2026-09-18 13:07:11,60,78,6138,8151
2026-09-18 13:07:21,54,0,6138,8151
2026-09-18 13:07:31,57,59,6138,8151
2026-09-18 13:07:41,56,82,6138,8151
2026-09-18 13:07:52,58,61,6138,8151
2026-09-18 13:08:02,55,20,6138,8151
2026-09-18 13:08:12,60,88,6138,8151
2026-09-18 13:08:22,53,32,6138,8151
2026-09-18 13:08:32,53,17,6138,8151
2026-09-18 13:08:43,52,0,6138,8151
2026-09-18 13:08:53,51,0,6138,8151
2026-09-18 13:09:03,50,0,6138,8151
2026-09-18 13:09:13,51,0,6138,8151
2026-09-18 13:09:23,53,100,6138,8151
2026-09-18 13:09:33,53,0,6138,8151
2026-09-18 13:09:44,55,16,6138,8151
2026-09-18 13:09:54,53,0,6138,8151
2026-09-18 13:10:04,54,34,6138,8151
2026-09-18 13:10:14,54,28,6138,8151
2026-09-18 13:10:24,54,0,6138,8151
2026-09-18 13:10:35,55,17,6138,8151
2026-09-18 13:10:45,58,0,6138,8151
2026-09-18 13:10:55,53,27,6138,8151
2026-09-18 13:11:05,53,30,6138,8151
2026-09-18 13:11:15,53,21,6138,8151
2026-09-18 13:11:26,52,0,6138,8151
2026-09-18 13:11:36,51,0,6138,8151
2026-09-18 13:11:46,51,0,6138,8151
2026-09-18 13:11:56,50,0,6138,8151
2026-09-18 13:12:06,50,0,6138,8151
2026-09-18 13:12:16,55,43,6138,8151
2026-09-18 13:12:27,58,68,6138,8151
2026-09-18 13:12:37,56,48,6138,8151
2026-09-18 13:12:47,55,18,6138,8151
2026-09-18 13:12:57,54,0,6138,8151
2026-09-18 13:13:08,56,34,6138,8151
2026-09-18 13:13:18,57,75,6138,8151
2026-09-18 13:13:28,58,65,6138,8151
2026-09-18 13:13:38,53,0,6138,8151
2026-09-18 13:13:48,60,96,6138,8151
2026-09-18 13:13:58,60,81,6138,8151
2026-09-18 13:14:09,52,0,6138,8151
2026-09-18 13:14:19,51,0,6138,8151
2026-09-18 13:14:29,50,0,6138,8151
2026-09-18 13:14:39,50,0,6138,8151
2026-09-18 13:14:49,50,0,6138,8151
2026-09-18 13:14:59,55,83,6138,8151
2026-09-18 13:15:10,53,0,6138,8151
2026-09-18 13:15:20,56,37,6138,8151
2026-09-18 13:15:30,55,40,6138,8151
2026-09-18 13:15:40,55,99,6138,8151
2026-09-18 13:15:51,56,44,6138,8151
2026-09-18 13:16:01,56,93,6138,8151
2026-09-18 13:16:11,56,96,6138,8151
2026-09-18 13:16:21,58,61,6138,8151
2026-09-18 13:16:31,60,99,6138,8151
2026-09-18 13:16:42,57,80,6138,8151
2026-09-18 13:16:52,52,0,6138,8151
2026-09-18 13:17:02,51,0,6138,8151
2026-09-18 13:17:12,51,0,6138,8151
2026-09-18 13:17:22,50,0,6138,8151
2026-09-18 13:17:32,53,73,6138,8151
2026-09-18 13:17:43,53,0,6138,8151
2026-09-18 13:17:53,55,21,6138,8151
2026-09-18 13:18:03,53,0,6138,8151
2026-09-18 13:18:13,55,3,6138,8151
2026-09-18 13:18:23,54,36,6138,8151
2026-09-18 13:18:34,55,34,6138,8151
2026-09-18 13:18:44,54,0,6138,8151
2026-09-18 13:18:54,55,0,6138,8151
2026-09-18 13:19:04,53,0,6138,8151
2026-09-18 13:19:14,53,7,6138,8151
2026-09-18 13:19:25,53,28,6138,8151
2026-09-18 13:19:35,51,0,6138,8151
2026-09-18 13:19:45,50,0,6138,8151
2026-09-18 13:19:55,50,0,6138,8151
2026-09-18 13:20:05,50,0,6138,8151
2026-09-18 13:20:15,54,36,6138,8151
2026-09-18 13:20:26,53,0,6138,8151
2026-09-18 13:20:36,53,0,6138,8151
2026-09-18 13:20:46,53,0,6138,8151
2026-09-18 13:20:56,54,3,6138,8151
2026-09-18 13:21:07,53,0,6138,8151
2026-09-18 13:21:17,55,92,6138,8151
2026-09-18 13:21:27,54,24,6138,8151
2026-09-18 13:21:37,58,61,6138,8151
2026-09-18 13:21:47,53,0,6138,8151
2026-09-18 13:21:58,52,0,6138,8151
2026-09-18 13:22:08,52,0,6138,8151
2026-09-18 13:22:18,51,0,6138,8151
2026-09-18 13:22:28,50,0,6138,8151
2026-09-18 13:22:38,50,0,6138,8151
2026-09-18 13:22:48,49,0,6138,8151
2026-09-18 13:22:59,53,27,6138,8151
2026-09-18 13:23:09,54,8,6138,8151
2026-09-18 13:23:19,53,0,6138,8151
2026-09-18 13:23:29,58,37,6138,8151
2026-09-18 13:23:39,54,34,6138,8151
2026-09-18 13:23:50,56,87,6138,8151
2026-09-18 13:24:00,55,22,6138,8151
2026-09-18 13:24:10,55,90,6138,8151
2026-09-18 13:24:20,57,79,6138,8151
2026-09-18 13:24:30,53,29,6138,8151
2026-09-18 13:24:41,52,0,6138,8151
2026-09-18 13:24:51,52,0,6138,8151
2026-09-18 13:25:01,51,0,6138,8151
2026-09-18 13:25:11,50,0,6138,8151
2026-09-18 13:25:21,50,0,6138,8151
2026-09-18 13:25:32,49,0,6138,8151
2026-09-18 13:25:42,53,33,6138,8151
2026-09-18 13:25:52,54,37,6138,8151
2026-09-18 13:26:02,54,9,6138,8151
2026-09-18 13:26:12,54,89,6138,8151
2026-09-18 13:26:23,54,36,6138,8151
2026-09-18 13:26:33,61,35,6138,8151
2026-09-18 13:26:43,60,71,6138,8151
2026-09-18 13:26:53,57,76,6138,8151
2026-09-18 13:27:03,54,21,6138,8151
2026-09-18 13:27:14,53,26,6138,8151
2026-09-18 13:27:24,52,28,6138,8151
2026-09-18 13:27:34,52,0,6138,8151
2026-09-18 13:27:44,51,0,6138,8151
2026-09-18 13:27:54,50,0,6138,8151
2026-09-18 13:28:04,50,0,6138,8151
2026-09-18 13:28:15,51,100,6138,8151
2026-09-18 13:28:25,54,0,6138,8151
2026-09-18 13:28:35,56,87,6138,8151
2026-09-18 13:28:45,53,0,6138,8151
2026-09-18 13:28:55,54,0,6138,8151
2026-09-18 13:29:06,56,73,6138,8151
2026-09-18 13:29:16,54,12,6138,8151
2026-09-18 13:29:26,58,38,6138,8151
2026-09-18 13:29:36,54,0,6138,8151
2026-09-18 13:29:46,54,20,6138,8151
2026-09-18 13:29:57,54,16,6138,8151
2026-09-18 13:30:07,54,18,6138,8151
2026-09-18 13:30:17,51,0,6138,8151
2026-09-18 13:30:27,51,0,6138,8151
2026-09-18 13:30:37,51,0,6138,8151
2026-09-18 13:30:47,50,0,6138,8151
2026-09-18 13:30:58,49,0,6138,8151
2026-09-18 13:31:08,54,1,6138,8151
2026-09-18 13:31:18,53,0,6138,8151
2026-09-18 13:31:28,53,0,6138,8151
2026-09-18 13:31:39,55,33,6138,8151
2026-09-18 13:31:49,54,0,6138,8151
2026-09-18 13:31:59,54,4,6138,8151
2026-09-18 13:32:09,58,75,6138,8151
2026-09-18 13:32:19,54,96,6138,8151
2026-09-18 13:32:30,59,96,6138,8151
2026-09-18 13:32:40,53,22,6138,8151
2026-09-18 13:32:50,52,27,6138,8151
2026-09-18 13:33:00,51,0,6138,8151
2026-09-18 13:33:10,51,0,6138,8151
2026-09-18 13:33:20,50,0,6138,8151
2026-09-18 13:33:31,50,0,6138,8151
2026-09-18 13:33:41,49,0,6138,8151
2026-09-18 13:33:51,53,0,6138,8151
2026-09-18 13:34:01,53,0,6138,8151
2026-09-18 13:34:11,54,3,6138,8151
2026-09-18 13:34:22,55,38,6138,8151
2026-09-18 13:34:32,56,36,6138,8151
2026-09-18 13:34:42,55,32,6138,8151
2026-09-18 13:34:52,60,34,6138,8151
2026-09-18 13:35:03,57,66,6138,8151
2026-09-18 13:35:13,53,0,6138,8151
2026-09-18 13:35:23,53,23,6138,8151
2026-09-18 13:35:33,55,37,6138,8151
2026-09-18 13:35:43,51,0,6138,8151
2026-09-18 13:35:53,51,0,6138,8151
2026-09-18 13:36:04,50,0,6138,8151
2026-09-18 13:36:14,50,0,6138,8151
2026-09-18 13:36:24,55,51,6138,8151
2026-09-18 13:36:34,54,21,6138,8151
2026-09-18 13:36:44,60,35,6138,8151
2026-09-18 13:36:55,55,58,6138,8151
2026-09-18 13:37:05,53,0,6138,8151
2026-09-18 13:37:15,54,16,6138,8151
2026-09-18 13:37:25,54,10,6138,8151
2026-09-18 13:37:36,54,0,6138,8151
2026-09-18 13:37:46,56,100,6138,8151
2026-09-18 13:37:56,53,19,6138,8151
2026-09-18 13:38:06,52,26,6138,8151
2026-09-18 13:38:16,53,16,6138,8151
2026-09-18 13:38:26,51,0,6138,8151
2026-09-18 13:38:37,50,0,6138,8151
2026-09-18 13:38:47,50,0,6138,8151
2026-09-18 13:38:57,50,0,6138,8151
2026-09-18 13:39:07,52,3,6138,8151
2026-09-18 13:39:17,54,0,6138,8151
2026-09-18 13:39:28,53,0,6138,8151
2026-09-18 13:39:38,54,0,6138,8151
2026-09-18 13:39:48,53,0,6138,8151
2026-09-18 13:39:58,57,26,6138,8151
2026-09-18 13:40:08,53,0,6138,8151
2026-09-18 13:40:19,55,0,6138,8151
2026-09-18 13:40:29,54,0,6138,8151
2026-09-18 13:40:39,53,30,6138,8151
2026-09-18 13:40:49,52,30,6138,8151
2026-09-18 13:40:59,52,23,6138,8151
2026-09-18 13:41:10,51,0,6138,8151
2026-09-18 13:41:20,50,0,6138,8151
2026-09-18 13:41:30,50,0,6138,8151
2026-09-18 13:41:40,50,0,6138,8151
2026-09-18 13:41:50,53,76,6138,8151
2026-09-18 13:42:00,53,0,6138,8151
2026-09-18 13:42:11,53,0,6138,8151
2026-09-18 13:42:21,55,29,6138,8151
2026-09-18 13:42:31,54,0,6138,8151
2026-09-18 13:42:41,53,32,6138,8151
2026-09-18 13:42:52,53,0,6138,8151
2026-09-18 13:43:02,58,67,6138,8151
2026-09-18 13:43:12,55,13,6138,8151
2026-09-18 13:43:22,52,3,6138,8151
2026-09-18 13:43:32,60,69,6138,8151
2026-09-18 13:43:43,52,25,6138,8151
2026-09-18 13:43:53,51,0,6138,8151
2026-09-18 13:44:03,50,0,6138,8151
2026-09-18 13:44:13,50,0,6138,8151
2026-09-18 13:44:23,49,0,6138,8151
2026-09-18 13:44:33,53,0,6138,8151
2026-09-18 13:44:44,53,0,6138,8151
2026-09-18 13:44:54,56,53,6138,8151
2026-09-18 13:45:04,55,35,6138,8151
2026-09-18 13:45:14,53,0,6138,8151
2026-09-18 13:45:25,54,0,6138,8151
2026-09-18 13:45:35,54,35,6138,8151
2026-09-18 13:45:45,57,35,6138,8151
2026-09-18 13:45:55,57,60,6138,8151
2026-09-18 13:46:05,53,23,6138,8151
2026-09-18 13:46:16,52,23,6138,8151
2026-09-18 13:46:26,52,0,6138,8151
2026-09-18 13:46:36,51,0,6138,8151
2026-09-18 13:46:46,50,0,6138,8151
2026-09-18 13:46:56,50,0,6138,8151
2026-09-18 13:47:06,49,0,6138,8151
2026-09-18 13:47:16,55,7,6138,8151
2026-09-18 13:47:27,53,50,6138,8151
2026-09-18 13:47:37,54,76,6138,8151
2026-09-18 13:47:47,54,98,6138,8151
2026-09-18 13:47:57,53,52,6138,8151
2026-09-18 13:48:08,53,0,6138,8151
2026-09-18 13:48:18,53,34,6138,8151
2026-09-18 13:48:28,53,0,6138,8151
2026-09-18 13:48:38,54,42,6138,8151
2026-09-18 13:48:48,53,20,6138,8151
2026-09-18 13:48:59,52,0,6138,8151
2026-09-18 13:49:09,52,0,6138,8151
2026-09-18 13:49:19,51,0,6138,8151
2026-09-18 13:49:29,50,0,6138,8151
2026-09-18 13:49:39,50,0,6138,8151
2026-09-18 13:49:49,49,0,6138,8151
2026-09-18 13:50:00,56,67,6138,8151
2026-09-18 13:50:10,54,15,6138,8151
2026-09-18 13:50:20,55,100,6138,8151
2026-09-18 13:50:30,53,10,6138,8151
2026-09-18 13:50:40,53,2,6138,8151
2026-09-18 13:50:51,58,37,6138,8151
2026-09-18 13:51:01,54,0,6138,8151
2026-09-18 13:51:11,54,11,6138,8151
2026-09-18 13:51:21,55,21,6138,8151
2026-09-18 13:51:32,52,7,6138,8151
2026-09-18 13:51:42,52,0,6138,8151
2026-09-18 13:51:52,52,0,6138,8151
2026-09-18 13:52:02,51,0,6138,8151
2026-09-18 13:52:12,50,0,6138,8151
2026-09-18 13:52:22,50,0,6138,8151
2026-09-18 13:52:33,49,0,6138,8151
2026-09-18 13:52:43,52,0,6148,8151
2026-09-18 13:52:53,53,0,6148,8151
2026-09-18 13:53:03,54,35,6148,8151
2026-09-18 13:53:13,56,60,6148,8151
2026-09-18 13:53:24,53,0,6148,8151
2026-09-18 13:53:34,57,70,6148,8151
2026-09-18 13:53:44,54,18,6148,8151
2026-09-18 13:53:54,53,0,6148,8151
2026-09-18 13:54:05,55,89,6148,8151
2026-09-18 13:54:15,52,0,6148,8151
2026-09-18 13:54:25,52,0,6148,8151
2026-09-18 13:54:35,53,19,6148,8151
2026-09-18 13:54:46,51,0,6148,8151
2026-09-18 13:54:56,50,0,6148,8151
2026-09-18 13:55:06,50,0,6148,8151
2026-09-18 13:55:16,49,0,6148,8151
2026-09-18 13:55:26,49,0,6148,8151
2026-09-18 13:55:36,57,62,6148,8151
2026-09-18 13:55:46,54,0,6148,8151
2026-09-18 13:55:57,53,84,6148,8151
2026-09-18 13:56:07,53,0,6148,8151
2026-09-18 13:56:17,52,0,6148,8151
2026-09-18 13:56:27,58,39,6148,8151
2026-09-18 13:56:38,55,52,6148,8151
2026-09-18 13:56:48,53,43,6148,8151
2026-09-18 13:56:58,54,19,6148,8151
2026-09-18 13:57:08,52,21,6148,8151
2026-09-18 13:57:18,52,22,6148,8151
2026-09-18 13:57:29,51,22,6148,8151
2026-09-18 13:57:39,51,0,6148,8151
2026-09-18 13:57:49,50,0,6148,8151
2026-09-18 13:57:59,50,0,6148,8151
2026-09-18 13:58:09,49,0,6148,8151
2026-09-18 13:58:19,49,0,6148,8151
2026-09-18 13:58:29,58,72,6148,8151
2026-09-18 13:58:40,53,0,6148,8151
2026-09-18 13:58:50,52,0,6148,8151
2026-09-18 13:59:00,53,0,6148,8151
2026-09-18 13:59:10,53,0,6148,8151
2026-09-18 13:59:21,55,40,6148,8151
2026-09-18 13:59:31,53,0,6148,8151
2026-09-18 13:59:41,57,34,6148,8151
2026-09-18 13:59:51,52,27,6148,8151
2026-09-18 14:00:01,52,0,6148,8151
2026-09-18 14:00:12,53,18,6148,8151
2026-09-18 14:00:22,51,0,6148,8151
2026-09-18 14:00:32,50,0,6148,8151
2026-09-18 14:00:42,50,0,6148,8151
2026-09-18 14:00:52,49,0,6148,8151
2026-09-18 14:01:03,49,0,6148,8151
2026-09-18 14:01:13,51,25,6148,8151
2026-09-18 14:01:23,53,0,6148,8151
2026-09-18 14:01:33,54,39,6148,8151
2026-09-18 14:01:43,53,0,6148,8151
2026-09-18 14:01:54,55,86,6148,8151
2026-09-18 14:02:04,60,74,6148,8151
2026-09-18 14:02:14,53,7,6148,8151
2026-09-18 14:02:24,53,0,6148,8151
2026-09-18 14:02:34,55,41,6148,8151
2026-09-18 14:02:45,52,27,6148,8151
2026-09-18 14:02:55,52,11,6148,8151
2026-09-18 14:03:05,51,0,6148,8151
2026-09-18 14:03:15,51,0,6148,8151
2026-09-18 14:03:25,50,0,6148,8151
2026-09-18 14:03:36,50,0,6148,8151
2026-09-18 14:03:46,49,0,6148,8151
2026-09-18 14:03:56,49,0,6148,8151
2026-09-18 14:04:06,57,36,6148,8151
2026-09-18 14:04:16,52,0,6148,8151
2026-09-18 14:04:26,52,22,6148,8151
2026-09-18 14:04:37,53,44,6148,8151
2026-09-18 14:04:47,54,25,6148,8151
2026-09-18 14:04:57,52,0,6148,8151
2026-09-18 14:05:07,56,39,6148,8151
2026-09-18 14:05:18,57,54,6148,8151
2026-09-18 14:05:28,52,24,6148,8151
2026-09-18 14:05:38,52,0,6148,8151
2026-09-18 14:05:48,51,22,6148,8151
2026-09-18 14:05:58,51,0,6148,8151
2026-09-18 14:06:08,50,0,6148,8151
2026-09-18 14:06:19,50,0,6148,8151
2026-09-18 14:06:29,49,0,6148,8151
2026-09-18 14:06:39,49,0,6148,8151
2026-09-18 14:06:49,51,0,6148,8151
2026-09-18 14:06:59,58,39,6148,8151
2026-09-18 14:07:09,53,0,6148,8151
2026-09-18 14:07:20,56,37,6148,8151
2026-09-18 14:07:30,52,0,6148,8151
2026-09-18 14:07:40,56,81,6148,8151
2026-09-18 14:07:50,52,15,6148,8151
2026-09-18 14:08:01,53,10,6148,8151
2026-09-18 14:08:11,52,27,6148,8151
2026-09-18 14:08:21,52,28,6148,8151
2026-09-18 14:08:31,55,52,6148,8151
2026-09-18 14:08:41,52,20,6148,8151
2026-09-18 14:08:51,50,0,6148,8151
2026-09-18 14:09:02,50,0,6148,8151
2026-09-18 14:09:12,50,0,6148,8151
2026-09-18 14:09:22,49,0,6148,8151
2026-09-18 14:09:32,49,0,6148,8151
2026-09-18 14:09:42,56,66,6148,8151
2026-09-18 14:09:52,52,11,6148,8151
2026-09-18 14:10:03,52,0,6148,8151
2026-09-18 14:10:13,52,0,6148,8151
2026-09-18 14:10:23,53,0,6148,8151
2026-09-18 14:10:33,54,45,6148,8151
2026-09-18 14:10:44,52,22,6148,8151
2026-09-18 14:10:54,53,0,6148,8151
2026-09-18 14:11:04,52,24,6148,8151
2026-09-18 14:11:14,55,0,6148,8151
2026-09-18 14:11:24,54,2,6148,8151
2026-09-18 14:11:35,51,0,6148,8151
2026-09-18 14:11:45,50,0,6148,8151
2026-09-18 14:11:55,50,0,6148,8151
2026-09-18 14:12:05,50,0,6148,8151
2026-09-18 14:12:15,49,0,6148,8151
2026-09-18 14:12:25,56,0,6148,8151
2026-09-18 14:12:36,54,77,6148,8151
2026-09-18 14:12:46,55,91,6148,8151
2026-09-18 14:12:56,56,36,6148,8151
2026-09-18 14:13:06,52,32,6148,8151
2026-09-18 14:13:17,53,0,6148,8151
2026-09-18 14:13:27,55,80,6148,8151
2026-09-18 14:13:37,54,8,6148,8151
2026-09-18 14:13:47,52,0,6148,8151
2026-09-18 14:13:57,52,23,6148,8151
2026-09-18 14:14:08,52,0,6148,8151
2026-09-18 14:14:18,51,0,6148,8151
2026-09-18 14:14:28,50,0,6148,8151
2026-09-18 14:14:38,50,0,6148,8151
2026-09-18 14:14:48,50,0,6148,8151
2026-09-18 14:14:58,49,0,6148,8151
2026-09-18 14:15:08,51,0,6148,8151
2026-09-18 14:15:19,53,0,6148,8151
2026-09-18 14:15:29,53,0,6148,8151
2026-09-18 14:15:39,54,2,6148,8151
2026-09-18 14:15:49,52,0,6148,8151
2026-09-18 14:16:00,54,12,6148,8151
2026-09-18 14:16:10,53,0,6148,8151
2026-09-18 14:16:20,54,0,6148,8151
2026-09-18 14:16:30,53,26,6148,8151
2026-09-18 14:16:40,54,20,6148,8151
2026-09-18 14:16:50,52,0,6148,8151
2026-09-18 14:17:01,51,0,6148,8151
2026-09-18 14:17:11,50,0,6148,8151
2026-09-18 14:17:21,50,0,6148,8151
2026-09-18 14:17:31,50,0,6148,8151
2026-09-18 14:17:41,49,0,6148,8151
2026-09-18 14:17:51,49,0,6148,8151
2026-09-18 14:18:02,54,34,6148,8151
2026-09-18 14:18:12,52,0,6148,8151
2026-09-18 14:18:22,52,1,6148,8151
2026-09-18 14:18:32,56,0,6148,8151
2026-09-18 14:18:43,54,90,6148,8151
2026-09-18 14:18:53,53,0,6148,8151
2026-09-18 14:19:03,53,10,6148,8151
2026-09-18 14:19:13,54,79,6148,8151
2026-09-18 14:19:23,52,23,6148,8151
2026-09-18 14:19:34,52,28,6148,8151
2026-09-18 14:19:44,53,91,6148,8151
2026-09-18 14:19:54,50,0,6148,8151
2026-09-18 14:20:04,50,0,6148,8151
2026-09-18 14:20:14,50,0,6148,8151
2026-09-18 14:20:24,49,0,6148,8151
2026-09-18 14:20:35,49,0,6148,8151
2026-09-18 14:20:45,55,36,6148,8151
2026-09-18 14:20:55,52,0,6148,8151
2026-09-18 14:21:05,52,27,6148,8151
2026-09-18 14:21:15,52,0,6148,8151
2026-09-18 14:21:26,55,53,6148,8151
2026-09-18 14:21:36,53,0,6148,8151
2026-09-18 14:21:46,54,13,6148,8151
2026-09-18 14:21:56,54,0,6148,8151
2026-09-18 14:22:07,52,24,6148,8151
2026-09-18 14:22:17,52,25,6148,8151
2026-09-18 14:22:27,58,84,6148,8151
2026-09-18 14:22:37,51,0,6148,8151
2026-09-18 14:22:47,50,0,6148,8151
2026-09-18 14:22:57,50,0,6148,8151
2026-09-18 14:23:07,49,0,6148,8151
2026-09-18 14:23:18,49,0,6148,8151
2026-09-18 14:23:28,54,100,6148,8151
2026-09-18 14:23:38,54,25,6148,8151
2026-09-18 14:23:48,54,19,6148,8151
2026-09-18 14:23:58,52,0,6148,8151
2026-09-18 14:24:09,54,20,6148,8151
2026-09-18 14:24:19,53,0,6148,8151
2026-09-18 14:24:29,52,9,6148,8151
2026-09-18 14:24:39,55,91,6148,8151
2026-09-18 14:24:50,54,30,6148,8151
2026-09-18 14:25:00,52,0,6148,8151
2026-09-18 14:25:10,52,22,6148,8151
2026-09-18 14:25:20,51,0,6148,8151
2026-09-18 14:25:30,50,0,6148,8151
2026-09-18 14:25:40,50,0,6148,8151
2026-09-18 14:25:51,49,0,6148,8151
2026-09-18 14:26:01,49,0,6148,8151
2026-09-18 14:26:11,52,0,6148,8151
2026-09-18 14:26:21,53,74,6148,8151
2026-09-18 14:26:31,53,26,6148,8151
2026-09-18 14:26:42,52,0,6148,8151
2026-09-18 14:26:52,52,0,6148,8151
2026-09-18 14:27:02,55,0,6148,8151
2026-09-18 14:27:12,53,69,6148,8151
2026-09-18 14:27:22,55,60,6148,8151
2026-09-18 14:27:33,52,0,6148,8151
2026-09-18 14:27:43,52,27,6148,8151
2026-09-18 14:27:53,57,65,6148,8151
2026-09-18 14:28:03,51,0,6148,8151
2026-09-18 14:28:13,50,0,6148,8151
2026-09-18 14:28:24,50,0,6148,8151
2026-09-18 14:28:34,49,0,6148,8151
2026-09-18 14:28:44,49,0,6148,8151
2026-09-18 14:28:54,54,65,6148,8151
2026-09-18 14:29:04,53,0,6148,8151
2026-09-18 14:29:14,53,15,6148,8151
2026-09-18 14:29:25,53,0,6148,8151
2026-09-18 14:29:35,53,0,6148,8151
2026-09-18 14:29:45,53,0,6148,8151
2026-09-18 14:29:55,54,0,6148,8151
2026-09-18 14:30:05,55,86,6148,8151
2026-09-18 14:30:16,53,23,6148,8151
2026-09-18 14:30:26,53,18,6148,8151
2026-09-18 14:30:36,59,82,6148,8151
2026-09-18 14:30:46,51,0,6148,8151
2026-09-18 14:30:56,50,0,6148,8151
2026-09-18 14:31:07,50,0,6148,8151
2026-09-18 14:31:17,50,0,6148,8151
2026-09-18 14:31:27,49,0,6148,8151
2026-09-18 14:31:37,52,92,6148,8151
2026-09-18 14:31:47,54,0,6148,8151
2026-09-18 14:31:57,55,89,6148,8151
2026-09-18 14:32:08,53,0,6148,8151
2026-09-18 14:32:18,56,81,6148,8151
2026-09-18 14:32:28,61,33,6148,8151
2026-09-18 14:32:38,53,0,6148,8151
2026-09-18 14:32:49,54,28,6148,8151
2026-09-18 14:32:59,53,0,6148,8151
2026-09-18 14:33:09,52,0,6148,8151
2026-09-18 14:33:19,52,23,6148,8151
2026-09-18 14:33:29,52,19,6148,8151
2026-09-18 14:33:40,51,0,6148,8151
2026-09-18 14:33:50,50,0,6148,8151
2026-09-18 14:34:00,50,0,6148,8151
2026-09-18 14:34:10,50,0,6148,8151
2026-09-18 14:34:20,49,0,6148,8151
2026-09-18 14:34:30,57,63,6148,8151
2026-09-18 14:34:41,53,1,6148,8151
2026-09-18 14:34:51,57,61,6148,8151
2026-09-18 14:35:01,53,0,6148,8151
2026-09-18 14:35:11,52,0,6148,8151
2026-09-18 14:35:22,53,0,6148,8151
2026-09-18 14:35:32,57,51,6148,8151
2026-09-18 14:35:42,53,10,6148,8151
2026-09-18 14:35:52,52,0,6148,8151
2026-09-18 14:36:02,52,20,6148,8151
2026-09-18 14:36:13,52,0,6148,8151
2026-09-18 14:36:23,51,0,6148,8151
2026-09-18 14:36:33,50,0,6148,8151
2026-09-18 14:36:43,50,0,6148,8151
2026-09-18 14:36:53,50,0,6148,8151
2026-09-18 14:37:03,49,0,6148,8151
2026-09-18 14:37:14,49,0,6148,8151
2026-09-18 14:37:24,53,0,6148,8151
2026-09-18 14:37:34,53,0,6148,8151
2026-09-18 14:37:44,56,66,6148,8151
2026-09-18 14:37:54,55,36,6148,8151
2026-09-18 14:38:05,52,0,6148,8151
2026-09-18 14:38:15,55,42,6148,8151
2026-09-18 14:38:25,56,36,6148,8151
2026-09-18 14:38:35,55,58,6148,8151
2026-09-18 14:38:45,60,84,6148,8151
2026-09-18 14:38:56,52,18,6148,8151
2026-09-18 14:39:06,52,28,6148,8151
2026-09-18 14:39:16,51,0,6148,8151
2026-09-18 14:39:26,50,0,6148,8151
2026-09-18 14:39:36,50,0,6148,8151
2026-09-18 14:39:46,49,0,6148,8151
2026-09-18 14:39:57,49,0,6148,8151
2026-09-18 14:40:07,56,0,6148,8151
2026-09-18 14:40:17,53,69,6148,8151
2026-09-18 14:40:27,56,45,6148,8151
2026-09-18 14:40:38,56,0,6148,8151
2026-09-18 14:40:48,53,37,6148,8151
2026-09-18 14:40:58,56,0,6148,8151
2026-09-18 14:41:08,53,2,6148,8151
2026-09-18 14:41:18,54,33,6148,8151
2026-09-18 14:41:29,52,30,6148,8151
2026-09-18 14:41:39,52,22,6148,8151
2026-09-18 14:41:49,52,17,6148,8151
2026-09-18 14:41:59,51,0,6148,8151
2026-09-18 14:42:09,50,0,6148,8151
2026-09-18 14:42:20,50,0,6148,8151
2026-09-18 14:42:30,50,0,6148,8151
2026-09-18 14:42:40,49,0,6148,8151
2026-09-18 14:42:50,53,3,6148,8151
2026-09-18 14:43:00,61,36,6148,8151
2026-09-18 14:43:11,53,0,6148,8151
2026-09-18 14:43:21,54,21,6148,8151
2026-09-18 14:43:31,55,41,6148,8151
2026-09-18 14:43:41,53,0,6148,8151
2026-09-18 14:43:51,53,0,6148,8151
2026-09-18 14:44:02,53,0,6148,8151
2026-09-18 14:44:12,52,0,6148,8151
2026-09-18 14:44:22,52,9,6148,8151
2026-09-18 14:44:32,52,0,6148,8151
2026-09-18 14:44:43,51,0,6148,8151
2026-09-18 14:44:53,50,0,6148,8151
2026-09-18 14:45:03,50,0,6148,8151
2026-09-18 14:45:13,50,0,6148,8151
2026-09-18 14:45:23,49,0,6148,8151
2026-09-18 14:45:33,56,57,6148,8151
2026-09-18 14:45:44,53,0,6148,8151
2026-09-18 14:45:54,52,0,6148,8151
2026-09-18 14:46:04,54,43,6148,8151
2026-09-18 14:46:14,52,0,6148,8151
2026-09-18 14:46:24,54,0,6148,8151
2026-09-18 14:46:35,55,39,6148,8151
2026-09-18 14:46:45,53,0,6148,8151
2026-09-18 14:46:55,52,27,6148,8151
2026-09-18 14:47:05,57,95,6148,8151
2026-09-18 14:47:15,54,19,6148,8151
2026-09-18 14:47:26,51,0,6148,8151
2026-09-18 14:47:36,50,0,6148,8151
2026-09-18 14:47:46,50,0,6148,8151
2026-09-18 14:47:56,50,0,6148,8151
2026-09-18 14:48:06,49,0,6148,8151
2026-09-18 14:48:16,54,0,6148,8151
2026-09-18 14:48:27,53,33,6148,8151
2026-09-18 14:48:37,61,0,6148,8151
2026-09-18 14:48:47,53,58,6148,8151
2026-09-18 14:48:57,56,0,6148,8151
2026-09-18 14:49:08,57,0,6148,8151
2026-09-18 14:49:18,53,0,6148,8151
2026-09-18 14:49:28,53,20,6148,8151
2026-09-18 14:49:38,53,27,6148,8151
2026-09-18 14:49:48,53,17,6148,8151
2026-09-18 14:49:59,55,94,6148,8151
2026-09-18 14:50:09,51,0,6148,8151
2026-09-18 14:50:19,50,0,6148,8151
2026-09-18 14:50:29,50,0,6148,8151
2026-09-18 14:50:39,50,0,6148,8151
2026-09-18 14:50:49,49,0,6148,8151
2026-09-18 14:51:00,52,0,6148,8151
2026-09-18 14:51:10,54,1,6148,8151
2026-09-18 14:51:20,52,9,6148,8151
2026-09-18 14:51:30,52,0,6148,8151
2026-09-18 14:51:41,56,56,6148,8151
2026-09-18 14:51:51,53,8,6148,8151
2026-09-18 14:52:01,53,0,6148,8151
2026-09-18 14:52:11,54,0,6148,8151
2026-09-18 14:52:22,53,31,6148,8151
2026-09-18 14:52:32,52,28,6148,8151
2026-09-18 14:52:42,54,32,6148,8151
2026-09-18 14:52:52,51,0,6148,8151
2026-09-18 14:53:02,50,0,6148,8151
2026-09-18 14:53:12,50,0,6148,8151
2026-09-18 14:53:23,50,0,6148,8151
2026-09-18 14:53:33,49,0,6148,8151
2026-09-18 14:53:43,55,37,6148,8151
2026-09-18 14:53:53,53,10,6148,8151
2026-09-18 14:54:03,52,0,6148,8151
2026-09-18 14:54:14,54,22,6148,8151
2026-09-18 14:54:24,57,72,6148,8151
2026-09-18 14:54:34,55,35,6148,8151
2026-09-18 14:54:44,56,80,6148,8151
2026-09-18 14:54:55,54,12,6148,8151
2026-09-18 14:55:05,53,29,6148,8151
2026-09-18 14:55:15,52,0,6148,8151
2026-09-18 14:55:25,52,27,6148,8151
2026-09-18 14:55:35,52,0,6148,8151
2026-09-18 14:55:46,50,0,6148,8151
2026-09-18 14:55:56,50,0,6148,8151
2026-09-18 14:56:06,50,0,6148,8151
2026-09-18 14:56:16,49,0,6148,8151
2026-09-18 14:56:26,49,0,6148,8151
2026-09-18 14:56:36,54,83,6148,8151
2026-09-18 14:56:47,58,36,6148,8151
2026-09-18 14:56:57,53,14,6148,8151
2026-09-18 14:57:07,53,7,6148,8151
2026-09-18 14:57:17,54,0,6148,8151
2026-09-18 14:57:28,54,20,6148,8151
2026-09-18 14:57:38,55,99,6148,8151
2026-09-18 14:57:48,54,0,6148,8151
2026-09-18 14:57:58,52,0,6148,8151
2026-09-18 14:58:08,52,0,6148,8151
2026-09-18 14:58:19,53,18,6148,8151
2026-09-18 14:58:29,51,0,6148,8151
2026-09-18 14:58:39,50,0,6148,8151
2026-09-18 14:58:49,50,0,6148,8151
2026-09-18 14:58:59,50,0,6148,8151
2026-09-18 14:59:10,49,0,6148,8151
2026-09-18 14:59:20,54,16,6148,8151
2026-09-18 14:59:30,54,16,6148,8151
2026-09-18 14:59:40,53,0,6148,8151
2026-09-18 14:59:50,55,35,6148,8151
2026-09-18 15:00:01,53,2,6148,8151
2026-09-18 15:00:11,54,7,6148,8151
2026-09-18 15:00:21,61,73,6148,8151
2026-09-18 15:00:31,54,7,6148,8151
2026-09-18 15:00:42,52,24,6148,8151
2026-09-18 15:00:52,53,16,6148,8151
2026-09-18 15:01:02,52,0,6148,8151
2026-09-18 15:01:12,51,0,6148,8151
2026-09-18 15:01:22,50,0,6148,8151
2026-09-18 15:01:33,50,0,6148,8151
2026-09-18 15:01:43,50,0,6148,8151
2026-09-18 15:01:53,49,0,6148,8151
2026-09-18 15:02:03,55,0,6148,8151
2026-09-18 15:02:13,53,0,6148,8151
2026-09-18 15:02:24,53,37,6148,8151
2026-09-18 15:02:34,53,47,6148,8151
2026-09-18 15:02:44,57,0,6148,8151
2026-09-18 15:02:54,54,19,6148,8151
2026-09-18 15:03:05,56,0,6148,8151
2026-09-18 15:03:15,53,3,6148,8151
2026-09-18 15:03:25,52,28,6148,8151
2026-09-18 15:03:35,55,7,6148,8151
2026-09-18 15:03:46,52,19,6148,8151
2026-09-18 15:03:56,52,0,6148,8151
2026-09-18 15:04:06,51,0,6148,8151
2026-09-18 15:04:16,50,0,6148,8151
2026-09-18 15:04:26,50,0,6148,8151
2026-09-18 15:04:36,50,0,6148,8151
2026-09-18 15:04:47,59,74,6148,8151
2026-09-18 15:04:57,53,0,6148,8151
2026-09-18 15:05:07,57,55,6148,8151
2026-09-18 15:05:17,53,0,6148,8151
2026-09-18 15:05:28,57,63,6148,8151
2026-09-18 15:05:38,53,0,6148,8151
2026-09-18 15:05:48,55,40,6148,8151
2026-09-18 15:05:58,53,0,6148,8151
2026-09-18 15:06:09,53,0,6148,8151
2026-09-18 15:06:19,52,16,6148,8151
2026-09-18 15:06:29,52,23,6148,8151
2026-09-18 15:06:39,55,53,6148,8151
2026-09-18 15:06:49,52,1,6194,8151
2026-09-18 15:07:00,51,0,6148,8151
2026-09-18 15:07:10,51,0,6148,8151
2026-09-18 15:07:20,50,0,6148,8151
2026-09-18 15:07:30,49,0,6148,8151
2026-09-18 15:07:40,55,83,6148,8151
2026-09-18 15:07:50,53,0,6148,8151
2026-09-18 15:08:01,53,0,6148,8151
2026-09-18 15:08:11,57,71,6148,8151
2026-09-18 15:08:21,56,86,6148,8151
2026-09-18 15:08:32,55,37,6148,8151
2026-09-18 15:08:42,54,4,6148,8151
2026-09-18 15:08:52,53,0,6148,8151
2026-09-18 15:09:02,55,19,6148,8151
2026-09-18 15:09:12,52,0,6148,8151
2026-09-18 15:09:23,52,31,6148,8151
2026-09-18 15:09:33,51,0,6148,8151
2026-09-18 15:09:43,51,0,6148,8151
2026-09-18 15:09:53,51,0,6148,8151
2026-09-18 15:10:03,50,0,6148,8151
2026-09-18 15:10:14,49,0,6148,8151
2026-09-18 15:10:24,53,100,6148,8151
2026-09-18 15:10:34,60,0,6148,8151
2026-09-18 15:10:44,54,13,6148,8151
2026-09-18 15:10:54,52,0,6148,8151
2026-09-18 15:11:05,53,0,6148,8151
2026-09-18 15:11:15,53,0,6148,8151
2026-09-18 15:11:25,53,0,6148,8151
2026-09-18 15:11:35,53,0,6148,8151
2026-09-18 15:11:46,53,26,6148,8151
2026-09-18 15:11:56,52,0,6148,8151
2026-09-18 15:12:06,53,16,6148,8151
2026-09-18 15:12:16,52,0,6148,8151
2026-09-18 15:12:26,51,0,6148,8151
2026-09-18 15:12:36,50,0,6148,8151
2026-09-18 15:12:47,50,0,6148,8151
2026-09-18 15:12:57,49,0,6148,8151
2026-09-18 15:13:07,51,0,6148,8151
2026-09-18 15:13:17,53,20,6148,8151
2026-09-18 15:13:27,53,0,6148,8151
2026-09-18 15:13:38,52,22,6148,8151
2026-09-18 15:13:48,52,12,6148,8151
2026-09-18 15:13:58,53,0,6148,8151
2026-09-18 15:14:08,60,35,6148,8151
2026-09-18 15:14:19,55,31,6148,8151
2026-09-18 15:14:29,52,0,6148,8151
2026-09-18 15:14:39,52,0,6148,8151
2026-09-18 15:14:49,52,0,6148,8151
2026-09-18 15:15:00,51,0,6148,8151
2026-09-18 15:15:10,50,0,6148,8151
2026-09-18 15:15:20,50,0,6148,8151
2026-09-18 15:15:30,50,0,6148,8151
2026-09-18 15:15:40,49,0,6148,8151
2026-09-18 15:15:50,49,0,6148,8151
2026-09-18 15:16:01,54,0,6148,8151
2026-09-18 15:16:11,58,35,6148,8151
2026-09-18 15:16:21,52,0,6148,8151
2026-09-18 15:16:31,57,69,6148,8151
2026-09-18 15:16:42,56,82,6148,8151
2026-09-18 15:16:52,53,13,6148,8151
2026-09-18 15:17:02,53,30,6148,8151
2026-09-18 15:17:12,53,24,6148,8151
2026-09-18 15:17:23,52,24,6148,8151
2026-09-18 15:17:33,52,20,6148,8151
2026-09-18 15:17:43,52,0,6148,8151
2026-09-18 15:17:53,51,0,6148,8151
2026-09-18 15:18:03,50,0,6148,8151
2026-09-18 15:18:13,50,0,6148,8151
2026-09-18 15:18:24,49,0,6148,8151
2026-09-18 15:18:34,49,0,6148,8151
2026-09-18 15:18:44,53,4,6148,8151
2026-09-18 15:18:54,53,0,6148,8151
2026-09-18 15:19:04,54,21,6148,8151
2026-09-18 15:19:15,58,36,6148,8151
2026-09-18 15:19:25,53,0,6148,8151
2026-09-18 15:19:35,55,95,6148,8151
2026-09-18 15:19:45,53,3,6148,8151
2026-09-18 15:19:56,53,0,6148,8151
2026-09-18 15:20:06,53,19,6148,8151
2026-09-18 15:20:16,52,32,6148,8151
2026-09-18 15:20:26,53,17,6148,8151
2026-09-18 15:20:36,51,0,6148,8151
2026-09-18 15:20:47,50,0,6148,8151
2026-09-18 15:20:57,50,0,6148,8151
2026-09-18 15:21:07,49,0,6148,8151
2026-09-18 15:21:17,49,0,6148,8151
2026-09-18 15:21:27,53,0,6148,8151
2026-09-18 15:21:37,53,0,6148,8151
2026-09-18 15:21:48,53,0,6148,8151
2026-09-18 15:21:58,53,5,6148,8151
2026-09-18 15:22:08,52,0,6148,8151
2026-09-18 15:22:18,53,0,6148,8151
2026-09-18 15:22:29,54,18,6148,8151
2026-09-18 15:22:39,53,0,6148,8151
2026-09-18 15:22:49,55,84,6148,8151
2026-09-18 15:22:59,55,53,6148,8151
2026-09-18 15:23:10,52,0,6148,8151
2026-09-18 15:23:20,51,0,6148,8151
2026-09-18 15:23:30,50,0,6148,8151
2026-09-18 15:23:40,50,0,6148,8151
2026-09-18 15:23:50,49,0,6148,8151
2026-09-18 15:24:00,52,97,6148,8151
2026-09-18 15:24:11,55,35,6148,8151
2026-09-18 15:24:21,54,34,6148,8151
2026-09-18 15:24:31,53,0,6148,8151
2026-09-18 15:24:42,54,100,6148,8151
2026-09-18 15:24:52,54,37,6148,8151
2026-09-18 15:25:02,53,0,6148,8151
2026-09-18 15:25:12,53,0,6148,8151
2026-09-18 15:25:23,55,2,6148,8151
2026-09-18 15:25:33,52,33,6148,8151
2026-09-18 15:25:43,52,23,6148,8151
2026-09-18 15:25:53,52,0,6148,8151
2026-09-18 15:26:03,51,0,6148,8151
2026-09-18 15:26:13,50,0,6148,8151
2026-09-18 15:26:24,50,0,6148,8151
2026-09-18 15:26:34,49,0,6148,8151
2026-09-18 15:26:44,54,41,6148,8151
2026-09-18 15:26:54,54,0,6148,8151
2026-09-18 15:27:04,53,0,6148,8151
2026-09-18 15:27:15,55,76,6148,8151
2026-09-18 15:27:25,53,32,6148,8151
2026-09-18 15:27:35,55,36,6148,8151
2026-09-18 15:27:45,54,0,6148,8151
2026-09-18 15:27:56,56,71,6148,8151
2026-09-18 15:28:06,53,29,6148,8151
2026-09-18 15:28:16,52,2,6148,8151
2026-09-18 15:28:26,57,94,6148,8151
2026-09-18 15:28:37,52,0,6148,8151
2026-09-18 15:28:47,51,0,6148,8151
2026-09-18 15:28:57,50,0,6148,8151
2026-09-18 15:29:07,50,0,6148,8151
2026-09-18 15:29:17,49,0,6148,8151
2026-09-18 15:29:27,52,9,6148,8151
2026-09-18 15:29:38,53,0,6148,8151
2026-09-18 15:29:48,53,0,6148,8151
2026-09-18 15:29:58,57,56,6148,8151
2026-09-18 15:30:08,55,35,6148,8151
2026-09-18 15:30:19,53,20,6148,8151
2026-09-18 15:30:29,57,81,6148,8151
2026-09-18 15:30:39,56,71,6148,8151
2026-09-18 15:30:49,53,31,6148,8151
2026-09-18 15:31:00,52,0,6148,8151
2026-09-18 15:31:10,52,0,6148,8151
2026-09-18 15:31:20,51,0,6148,8151
2026-09-18 15:31:30,50,0,6148,8151
2026-09-18 15:31:40,50,0,6148,8151
2026-09-18 15:31:51,50,0,6148,8151
2026-09-18 15:32:01,49,0,6148,8151
2026-09-18 15:32:11,49,0,6148,8151
2026-09-18 15:32:21,53,28,6148,8151
2026-09-18 15:32:31,52,0,6148,8151
2026-09-18 15:32:41,53,25,6148,8151
2026-09-18 15:32:52,52,0,6148,8151
2026-09-18 15:33:02,56,0,6148,8151
2026-09-18 15:33:12,53,0,6148,8151
2026-09-18 15:33:22,53,0,6148,8151
2026-09-18 15:33:33,60,43,6148,8151
2026-09-18 15:33:43,53,19,6148,8151
2026-09-18 15:33:53,53,19,6148,8151
2026-09-18 15:34:03,54,0,6148,8151
2026-09-18 15:34:13,51,0,6148,8151
2026-09-18 15:34:24,50,0,6148,8151
2026-09-18 15:34:34,50,0,6148,8151
2026-09-18 15:34:44,49,0,6148,8151
2026-09-18 15:34:54,52,100,6148,8151
2026-09-18 15:35:04,55,39,6148,8151
2026-09-18 15:35:15,53,0,6148,8151
2026-09-18 15:35:25,53,0,6148,8151
2026-09-18 15:35:35,53,0,6148,8151
2026-09-18 15:35:45,53,0,6148,8151
2026-09-18 15:35:56,57,68,6148,8151
2026-09-18 15:36:06,54,0,6148,8151
2026-09-18 15:36:16,53,0,6148,8151
2026-09-18 15:36:26,54,17,6148,8151
2026-09-18 15:36:37,52,0,6148,8151
2026-09-18 15:36:47,52,28,6148,8151
2026-09-18 15:36:57,51,0,6148,8151
2026-09-18 15:37:07,50,0,6148,8151
2026-09-18 15:37:17,50,0,6148,8151
2026-09-18 15:37:27,49,0,6148,8151
2026-09-18 15:37:38,49,0,6148,8151
2026-09-18 15:37:48,52,0,6148,8151
2026-09-18 15:37:58,55,38,6148,8151
2026-09-18 15:38:08,57,36,6148,8151
2026-09-18 15:38:18,55,58,6148,8151
2026-09-18 15:38:29,60,36,6148,8151
2026-09-18 15:38:39,53,15,6148,8151
2026-09-18 15:38:49,55,35,6148,8151
2026-09-18 15:38:59,54,28,6148,8151
2026-09-18 15:39:10,55,19,6148,8151
2026-09-18 15:39:20,55,95,6148,8151
2026-09-18 15:39:30,52,0,6148,8151
2026-09-18 15:39:40,51,0,6148,8151
2026-09-18 15:39:50,50,0,6148,8151
2026-09-18 15:40:01,50,0,6148,8151
2026-09-18 15:40:11,50,0,6148,8151
2026-09-18 15:40:21,49,0,6148,8151
2026-09-18 15:40:31,54,34,6148,8151
2026-09-18 15:40:41,53,4,6148,8151
2026-09-18 15:40:52,53,9,6148,8151
2026-09-18 15:41:02,56,39,6148,8151
2026-09-18 15:41:12,54,34,6148,8151
2026-09-18 15:41:22,54,35,6148,8151
2026-09-18 15:41:33,54,64,6148,8151
2026-09-18 15:41:43,55,80,6148,8151
2026-09-18 15:41:53,52,0,6148,8151
2026-09-18 15:42:03,52,26,6148,8151
2026-09-18 15:42:13,52,30,6148,8151
2026-09-18 15:42:24,51,0,6148,8151
2026-09-18 15:42:34,50,0,6148,8151
2026-09-18 15:42:44,50,0,6148,8151
2026-09-18 15:42:54,50,0,6148,8151
2026-09-18 15:43:04,49,0,6148,8151
2026-09-18 15:43:14,49,0,6148,8151
2026-09-18 15:43:25,54,0,6148,8151
2026-09-18 15:43:35,55,31,6148,8151
2026-09-18 15:43:45,53,0,6148,8151
2026-09-18 15:43:55,55,49,6148,8151
2026-09-18 15:44:06,52,0,6148,8151
2026-09-18 15:44:16,53,0,6148,8151
2026-09-18 15:44:26,54,18,6148,8151
2026-09-18 15:44:36,53,0,6148,8151
2026-09-18 15:44:47,58,93,6148,8151
2026-09-18 15:44:57,52,31,6148,8151
2026-09-18 15:45:07,53,20,6148,8151
2026-09-18 15:45:17,51,0,6148,8151
2026-09-18 15:45:27,51,0,6148,8151
2026-09-18 15:45:38,50,0,6148,8151
2026-09-18 15:45:48,50,0,6148,8151
2026-09-18 15:45:58,49,0,6148,8151
2026-09-18 15:46:08,55,83,6148,8151
2026-09-18 15:46:19,52,0,6148,8151
2026-09-18 15:46:29,54,20,6148,8151
2026-09-18 15:46:39,54,93,6148,8151
2026-09-18 15:46:49,52,0,6148,8151
2026-09-18 15:47:00,54,20,6148,8151
2026-09-18 15:47:10,58,24,6148,8151
2026-09-18 15:47:20,52,0,6148,8151
2026-09-18 15:47:30,52,31,6148,8151
2026-09-18 15:47:41,52,28,6148,8151
2026-09-18 15:47:51,51,25,6148,8151
2026-09-18 15:48:01,51,0,6148,8151
2026-09-18 15:48:11,50,0,6148,8151
2026-09-18 15:48:21,49,0,6148,8151
2026-09-18 15:48:31,50,0,6148,8151
2026-09-18 15:48:42,58,48,6148,8151
2026-09-18 15:48:52,52,15,6148,8151
2026-09-18 15:49:02,52,18,6148,8151
2026-09-18 15:49:12,52,0,6148,8151
2026-09-18 15:49:23,52,0,6148,8151
2026-09-18 15:49:33,52,0,6148,8151
2026-09-18 15:49:43,53,0,6148,8151
2026-09-18 15:49:53,54,25,6148,8151
2026-09-18 15:50:04,52,0,6148,8151
2026-09-18 15:50:14,52,0,6148,8151
2026-09-18 15:50:24,55,79,6148,8151
2026-09-18 15:50:34,51,0,6148,8151
2026-09-18 15:50:44,50,0,6148,8151
2026-09-18 15:50:55,50,0,6148,8151
2026-09-18 15:51:05,50,0,6148,8151
2026-09-18 15:51:15,55,36,6148,8151
2026-09-18 15:51:25,53,0,6148,8151
2026-09-18 15:51:35,52,0,6148,8151
2026-09-18 15:51:46,52,0,6148,8151
2026-09-18 15:51:56,52,0,6148,8151
2026-09-18 15:52:06,52,0,6148,8151
2026-09-18 15:52:16,53,1,6148,8151
2026-09-18 15:52:27,52,0,6148,8151
2026-09-18 15:52:37,53,5,6148,8151
2026-09-18 15:52:47,53,17,6148,8151
2026-09-18 15:52:57,52,23,6148,8151
2026-09-18 15:53:07,51,0,6148,8151
2026-09-18 15:53:18,50,0,6148,8151
2026-09-18 15:53:28,50,0,6148,8151
2026-09-18 15:53:38,50,0,6148,8151
2026-09-18 15:53:48,54,36,6148,8151
2026-09-18 15:53:58,55,53,6148,8151
2026-09-18 15:54:09,52,0,6148,8151
2026-09-18 15:54:19,52,0,6148,8151
2026-09-18 15:54:29,54,43,6148,8151
2026-09-18 15:54:39,54,24,6148,8151
2026-09-18 15:54:50,53,35,6148,8151
2026-09-18 15:55:00,60,70,6148,8151
2026-09-18 15:55:10,52,0,6148,8151
2026-09-18 15:55:20,53,17,6148,8151
2026-09-18 15:55:31,52,0,6148,8151
2026-09-18 15:55:41,51,0,6148,8151
2026-09-18 15:55:51,50,0,6148,8151
2026-09-18 15:56:01,50,0,6148,8151
2026-09-18 15:56:11,50,0,6148,8151
2026-09-18 15:56:21,51,100,6148,8151
2026-09-18 15:56:32,52,0,6148,8151
2026-09-18 15:56:42,53,37,6148,8151
2026-09-18 15:56:52,53,79,6148,8151
2026-09-18 15:57:02,52,0,6148,8151
2026-09-18 15:57:13,53,0,6148,8151
2026-09-18 15:57:23,53,0,6148,8151
2026-09-18 15:57:33,52,0,6148,8151
2026-09-18 15:57:43,52,0,6148,8151
2026-09-18 15:57:54,52,0,6148,8151
2026-09-18 15:58:04,52,29,6148,8151
2026-09-18 15:58:14,51,0,6148,8151
2026-09-18 15:58:24,51,0,6148,8151
2026-09-18 15:58:34,50,0,6148,8151
2026-09-18 15:58:45,50,0,6148,8151
2026-09-18 15:58:55,52,100,6148,8151
2026-09-18 15:59:05,52,0,6148,8151
2026-09-18 15:59:15,52,0,6148,8151
2026-09-18 15:59:26,53,30,6148,8151
2026-09-18 15:59:36,52,0,6148,8151
2026-09-18 15:59:46,52,0,6148,8151
2026-09-18 15:59:56,52,0,6148,8151
2026-09-18 16:00:07,55,63,6148,8151
2026-09-18 16:00:17,59,34,6148,8151
2026-09-18 16:00:27,52,0,6148,8151
2026-09-18 16:00:37,52,20,6148,8151
2026-09-18 16:00:48,51,0,6148,8151
2026-09-18 16:00:58,51,0,6148,8151
2026-09-18 16:01:08,50,0,6148,8151
2026-09-18 16:01:18,50,0,6148,8151
2026-09-18 16:01:28,49,0,6148,8151
2026-09-18 16:01:38,53,0,6148,8151
2026-09-18 16:01:49,56,78,6148,8151
2026-09-18 16:01:59,53,0,6148,8151
2026-09-18 16:02:09,56,66,6148,8151
2026-09-18 16:02:20,52,0,6148,8151
2026-09-18 16:02:30,52,0,6148,8151
2026-09-18 16:02:40,54,38,6148,8151
2026-09-18 16:02:50,52,0,6148,8151
2026-09-18 16:03:01,54,100,6148,8151
2026-09-18 16:03:11,53,16,6148,8151
2026-09-18 16:03:21,51,2,6148,8151
2026-09-18 16:03:31,51,0,6148,8151
2026-09-18 16:03:41,50,0,6148,8151
2026-09-18 16:03:51,50,0,6148,8151
2026-09-18 16:04:02,50,0,6148,8151
2026-09-18 16:04:12,52,0,6148,8151
2026-09-18 16:04:22,52,0,6148,8151
2026-09-18 16:04:32,59,27,6148,8151
2026-09-18 16:04:42,52,0,6148,8151
2026-09-18 16:04:53,54,0,6148,8151
2026-09-18 16:05:03,53,73,6148,8151
2026-09-18 16:05:13,52,0,6148,8151
2026-09-18 16:05:24,54,2,6148,8151
2026-09-18 16:05:34,52,0,6148,8151
2026-09-18 16:05:44,52,29,6148,8151
2026-09-18 16:05:54,52,21,6148,8151
2026-09-18 16:06:04,51,21,6148,8151
2026-09-18 16:06:15,50,0,6148,8151
2026-09-18 16:06:25,50,0,6148,8151
2026-09-18 16:06:35,49,0,6148,8151
2026-09-18 16:06:45,50,22,6148,8151
2026-09-18 16:06:55,56,67,6148,8151
2026-09-18 16:07:05,52,0,6148,8151
2026-09-18 16:07:16,53,30,6148,8151
2026-09-18 16:07:26,59,34,6148,8151
2026-09-18 16:07:36,52,0,6148,8151
2026-09-18 16:07:47,55,85,6148,8151
2026-09-18 16:07:57,53,0,6148,8151
2026-09-18 16:08:07,52,0,6148,8151
2026-09-18 16:08:17,53,17,6148,8151
2026-09-18 16:08:27,51,0,6148,8151
2026-09-18 16:08:38,53,21,6148,8151
2026-09-18 16:08:48,50,0,6148,8151
2026-09-18 16:08:58,50,0,6148,8151
2026-09-18 16:09:08,49,0,6148,8151
2026-09-18 16:09:18,56,36,6148,8151
2026-09-18 16:09:29,55,89,6148,8151
2026-09-18 16:09:39,54,93,6148,8151
2026-09-18 16:09:49,53,0,6148,8151
2026-09-18 16:09:59,53,4,6148,8151
2026-09-18 16:10:10,52,0,6148,8151
2026-09-18 16:10:20,52,0,6148,8151
2026-09-18 16:10:30,57,34,6148,8151
2026-09-18 16:10:40,53,10,6148,8151
2026-09-18 16:10:51,52,0,6148,8151
2026-09-18 16:11:01,52,23,6148,8151
2026-09-18 16:11:11,51,0,6148,8151
2026-09-18 16:11:21,50,0,6148,8151
2026-09-18 16:11:31,50,0,6148,8151
2026-09-18 16:11:42,50,0,6148,8151
2026-09-18 16:11:52,52,0,6148,8151
2026-09-18 16:12:02,53,19,6148,8151
2026-09-18 16:12:12,52,0,6148,8151
2026-09-18 16:12:22,56,0,6148,8151
2026-09-18 16:12:33,53,33,6148,8151
2026-09-18 16:12:43,54,3,6148,8151
2026-09-18 16:12:53,53,38,6148,8151
2026-09-18 16:13:03,58,0,6148,8151
2026-09-18 16:13:14,54,11,6148,8151
2026-09-18 16:13:24,52,0,6148,8151
2026-09-18 16:13:34,59,65,6148,8151
2026-09-18 16:13:44,51,0,6148,8151
2026-09-18 16:13:55,50,0,6148,8151
2026-09-18 16:14:05,50,0,6148,8151
2026-09-18 16:14:15,50,0,6148,8151
2026-09-18 16:14:25,55,38,6148,8151
2026-09-18 16:14:35,52,0,6148,8151
2026-09-18 16:14:46,56,56,6148,8151
2026-09-18 16:14:56,54,23,6148,8151
2026-09-18 16:15:06,52,0,6148,8151
2026-09-18 16:15:16,52,0,6148,8151
2026-09-18 16:15:27,53,0,6148,8151
2026-09-18 16:15:37,52,0,6148,8151
2026-09-18 16:15:47,52,15,6148,8151
2026-09-18 16:15:57,59,96,6148,8151
2026-09-18 16:16:08,52,16,6148,8151
2026-09-18 16:16:18,51,0,6148,8151
2026-09-18 16:16:28,50,0,6148,8151
2026-09-18 16:16:38,50,0,6148,8151
2026-09-18 16:16:48,50,0,6148,8151
2026-09-18 16:16:58,52,0,6148,8151
2026-09-18 16:17:09,52,0,6148,8151
2026-09-18 16:17:19,60,35,6148,8151
2026-09-18 16:17:29,52,33,6148,8151
2026-09-18 16:17:40,52,0,6148,8151
2026-09-18 16:17:50,54,32,6148,8151
2026-09-18 16:18:00,53,26,6148,8151
2026-09-18 16:18:10,53,0,6148,8151
2026-09-18 16:18:20,52,0,6148,8151
2026-09-18 16:18:31,52,29,6148,8151
2026-09-18 16:18:41,51,30,6148,8151
2026-09-18 16:18:51,51,0,6148,8151
2026-09-18 16:19:01,50,0,6148,8151
2026-09-18 16:19:11,49,0,6148,8151
2026-09-18 16:19:22,49,0,6148,8151
2026-09-18 16:19:32,52,0,6148,8151
2026-09-18 16:19:42,53,35,6148,8151
2026-09-18 16:19:52,53,62,6148,8151
2026-09-18 16:20:03,57,0,6148,8151
2026-09-18 16:20:13,52,0,6148,8151
2026-09-18 16:20:23,52,0,6148,8151
2026-09-18 16:20:33,53,35,6148,8151
2026-09-18 16:20:44,55,0,6148,8151
2026-09-18 16:20:54,52,0,6148,8151
2026-09-18 16:21:04,52,26,6148,8151
2026-09-18 16:21:14,51,28,6148,8151
2026-09-18 16:21:24,51,0,6148,8151
2026-09-18 16:21:34,50,0,6148,8151
2026-09-18 16:21:45,49,0,6148,8151
2026-09-18 16:21:55,49,0,6148,8151
2026-09-18 16:22:05,53,0,6148,8151
2026-09-18 16:22:15,52,0,6148,8151
2026-09-18 16:22:25,52,31,6148,8151
2026-09-18 16:22:36,52,0,6148,8151
2026-09-18 16:22:46,52,0,6148,8151
2026-09-18 16:22:56,52,0,6148,8151
2026-09-18 16:23:06,52,0,6148,8151
2026-09-18 16:23:17,53,11,6148,8151
2026-09-18 16:23:27,52,0,6148,8151
2026-09-18 16:23:37,51,0,6148,8151
2026-09-18 16:23:47,51,0,6148,8151
2026-09-18 16:23:58,51,0,6148,8151
2026-09-18 16:24:08,50,0,6148,8151
2026-09-18 16:24:18,49,0,6148,8151
2026-09-18 16:24:28,49,0,6148,8151
2026-09-18 16:24:38,54,34,6148,8151
2026-09-18 16:24:48,54,44,6148,8151
2026-09-18 16:24:59,52,0,6148,8151
2026-09-18 16:25:09,54,54,6148,8151
2026-09-18 16:25:19,52,0,6148,8151
2026-09-18 16:25:30,52,0,6148,8151
2026-09-18 16:25:40,54,52,6148,8151
2026-09-18 16:25:50,55,78,6148,8151
2026-09-18 16:26:00,55,82,6148,8151
2026-09-18 16:26:11,53,19,6148,8151
2026-09-18 16:26:21,51,29,6148,8151
2026-09-18 16:26:31,51,0,6148,8151
2026-09-18 16:26:41,50,0,6148,8151
2026-09-18 16:26:51,49,0,6148,8151
2026-09-18 16:27:01,49,0,6148,8151
2026-09-18 16:27:12,51,0,6148,8151
2026-09-18 16:27:22,52,0,6148,8151
2026-09-18 16:27:32,51,0,6148,8151
2026-09-18 16:27:42,52,0,6148,8151
2026-09-18 16:27:53,52,52,6148,8151
2026-09-18 16:28:03,52,0,6148,8151
2026-09-18 16:28:13,53,39,6148,8151
2026-09-18 16:28:23,52,0,6148,8151
2026-09-18 16:28:34,52,0,6148,8151
2026-09-18 16:28:44,51,0,6148,8151
2026-09-18 16:28:54,52,47,6148,8151
2026-09-18 16:29:04,51,0,6148,8151
2026-09-18 16:29:15,50,0,6148,8151
2026-09-18 16:29:25,49,0,6148,8151
2026-09-18 16:29:35,49,0,6148,8151
2026-09-18 16:29:45,52,0,6148,8151
2026-09-18 16:29:55,52,0,6148,8151
2026-09-18 16:30:05,52,5,6148,8151
2026-09-18 16:30:16,51,0,6148,8151
2026-09-18 16:30:26,52,0,6148,8151
2026-09-18 16:30:36,51,0,6148,8151
2026-09-18 16:30:47,56,76,6148,8151
2026-09-18 16:30:57,58,35,6148,8151
2026-09-18 16:31:07,53,1,6148,8151
2026-09-18 16:31:17,51,0,6148,8151
2026-09-18 16:31:27,51,27,6148,8151
2026-09-18 16:31:38,51,0,6148,8151
2026-09-18 16:31:48,50,0,6148,8151
2026-09-18 16:31:58,49,0,6148,8151
2026-09-18 16:32:08,50,0,6148,8151
2026-09-18 16:32:18,51,0,6148,8151
2026-09-18 16:32:28,52,0,6148,8151
2026-09-18 16:32:39,52,0,6148,8151
2026-09-18 16:32:49,53,0,6148,8151
2026-09-18 16:32:59,52,0,6148,8151
2026-09-18 16:33:10,54,41,6148,8151
2026-09-18 16:33:20,52,14,6148,8151
2026-09-18 16:33:30,52,0,6148,8151
2026-09-18 16:33:40,54,35,6148,8151
2026-09-18 16:33:50,52,28,6148,8151
2026-09-18 16:34:01,51,0,6148,8151
2026-09-18 16:34:11,51,0,6148,8151
2026-09-18 16:34:21,50,0,6148,8151
2026-09-18 16:34:31,50,0,6148,8151
2026-09-18 16:34:41,49,0,6148,8151
2026-09-18 16:34:52,53,6,6148,8151
2026-09-18 16:35:02,53,0,6148,8151
2026-09-18 16:35:12,53,0,6148,8151
2026-09-18 16:35:22,54,44,6148,8151
2026-09-18 16:35:33,52,0,6148,8151
2026-09-18 16:35:43,55,38,6148,8151
2026-09-18 16:35:53,60,37,6148,8151
2026-09-18 16:36:03,52,0,6148,8151
2026-09-18 16:36:13,52,0,6148,8151
2026-09-18 16:36:24,51,28,6148,8151
2026-09-18 16:36:34,51,27,6148,8151
2026-09-18 16:36:44,51,11,6148,8151
2026-09-18 16:36:54,50,0,6148,8151
2026-09-18 16:37:04,49,0,6148,8151
2026-09-18 16:37:15,49,0,6148,8151
2026-09-18 16:37:25,50,0,6148,8151
2026-09-18 16:37:35,52,0,6148,8151
2026-09-18 16:37:45,52,0,6148,8151
2026-09-18 16:37:55,52,0,6148,8151
2026-09-18 16:38:06,52,0,6148,8151
2026-09-18 16:38:16,52,0,6148,8151
2026-09-18 16:38:26,52,0,6148,8151
2026-09-18 16:38:36,52,0,6148,8151
2026-09-18 16:38:47,56,39,6148,8151
2026-09-18 16:38:57,58,98,6148,8151
2026-09-18 16:39:07,51,29,6148,8151
2026-09-18 16:39:17,51,30,6148,8151
2026-09-18 16:39:27,50,0,6148,8151
2026-09-18 16:39:38,50,0,6148,8151
2026-09-18 16:39:48,49,0,6148,8151
2026-09-18 16:39:58,51,0,6148,8151
2026-09-18 16:40:08,52,0,6148,8151
2026-09-18 16:40:18,52,0,6148,8151
2026-09-18 16:40:29,52,7,6148,8151
2026-09-18 16:40:39,52,0,6148,8151
2026-09-18 16:40:49,54,89,6148,8151
2026-09-18 16:40:59,52,0,6148,8151
2026-09-18 16:41:10,54,28,6148,8151
2026-09-18 16:41:20,52,42,6148,8151
2026-09-18 16:41:30,52,0,6148,8151
2026-09-18 16:41:40,52,28,6148,8151
2026-09-18 16:41:51,52,26,6148,8151
2026-09-18 16:42:01,50,0,6148,8151
2026-09-18 16:42:11,50,0,6148,8151
2026-09-18 16:42:21,49,0,6148,8151
2026-09-18 16:42:31,54,37,6148,8151
2026-09-18 16:42:41,52,0,6148,8151
2026-09-18 16:42:52,52,0,6148,8151
2026-09-18 16:43:02,52,0,6148,8151
2026-09-18 16:43:12,52,0,6148,8151
2026-09-18 16:43:23,52,0,6148,8151
2026-09-18 16:43:33,52,31,6148,8151
2026-09-18 16:43:43,52,0,6148,8151
2026-09-18 16:43:53,52,0,6148,8151
2026-09-18 16:44:03,56,100,6148,8151
2026-09-18 16:44:14,58,100,6148,8151
2026-09-18 16:44:24,52,17,6148,8151
2026-09-18 16:44:34,50,0,6148,8151
2026-09-18 16:44:44,50,0,6148,8151
2026-09-18 16:44:54,50,0,6148,8151
2026-09-18 16:45:05,55,53,6148,8151
2026-09-18 16:45:15,54,0,6148,8151
2026-09-18 16:45:25,52,0,6148,8151
2026-09-18 16:45:35,53,0,6148,8151
2026-09-18 16:45:46,52,0,6148,8151
2026-09-18 16:45:56,53,0,6148,8151
2026-09-18 16:46:06,52,0,6148,8151
2026-09-18 16:46:16,56,67,6148,8151
2026-09-18 16:46:26,52,0,6148,8151
2026-09-18 16:46:37,52,0,6148,8151
2026-09-18 16:46:47,52,26,6148,8151
2026-09-18 16:46:57,52,23,6148,8151
2026-09-18 16:47:07,50,0,6148,8151
2026-09-18 16:47:18,50,0,6148,8151
2026-09-18 16:47:28,49,0,6148,8151
2026-09-18 16:47:38,51,6,6148,8151
2026-09-18 16:47:48,54,42,6148,8151
2026-09-18 16:47:58,54,48,6148,8151
2026-09-18 16:48:09,59,62,6148,8151
2026-09-18 16:48:19,54,48,6148,8151
2026-09-18 16:48:29,54,33,6148,8151
2026-09-18 16:48:39,52,0,6148,8151
2026-09-18 16:48:50,53,0,6148,8151
2026-09-18 16:49:00,59,66,6148,8151
2026-09-18 16:49:10,52,0,6148,8151
2026-09-18 16:49:20,52,28,6148,8151
2026-09-18 16:49:31,56,69,6148,8151
2026-09-18 16:49:41,50,0,6148,8151
2026-09-18 16:49:51,50,0,6148,8151
2026-09-18 16:50:01,50,0,6148,8151
2026-09-18 16:50:11,49,0,6148,8151
2026-09-18 16:50:21,53,0,6148,8151
2026-09-18 16:50:32,53,0,6148,8151
2026-09-18 16:50:42,52,20,6148,8151
2026-09-18 16:50:52,52,0,6148,8151
2026-09-18 16:51:03,52,0,6148,8151
2026-09-18 16:51:13,52,0,6148,8151
2026-09-18 16:51:23,57,0,6148,8151
2026-09-18 16:51:33,56,53,6148,8151
2026-09-18 16:51:44,52,0,6148,8151
2026-09-18 16:51:54,53,0,6148,8151
2026-09-18 16:52:04,51,31,6148,8151
2026-09-18 16:52:14,51,0,6148,8151
2026-09-18 16:52:24,50,0,6148,8151
2026-09-18 16:52:34,49,0,6148,8151
2026-09-18 16:52:45,49,0,6148,8151
2026-09-18 16:52:55,55,47,6148,8151
2026-09-18 16:53:05,54,13,6148,8151
2026-09-18 16:53:15,53,0,6148,8151
2026-09-18 16:53:26,52,0,6148,8151
2026-09-18 16:53:36,53,0,6148,8151
2026-09-18 16:53:46,55,34,6148,8151
2026-09-18 16:53:56,52,0,6148,8151
2026-09-18 16:54:07,54,89,6148,8151
2026-09-18 16:54:17,52,28,6148,8151
2026-09-18 16:54:27,55,46,6148,8151
2026-09-18 16:54:37,51,0,6148,8151
2026-09-18 16:54:48,51,0,6148,8151
2026-09-18 16:54:58,50,0,6148,8151
2026-09-18 16:55:08,49,0,6148,8151
2026-09-18 16:55:18,50,0,6148,8151
2026-09-18 16:55:28,57,61,6148,8151
2026-09-18 16:55:38,54,32,6148,8151
2026-09-18 16:55:49,52,0,6148,8151
2026-09-18 16:55:59,52,0,6148,8151
2026-09-18 16:56:09,53,0,6148,8151
2026-09-18 16:56:19,53,0,6148,8151
2026-09-18 16:56:30,52,0,6148,8151
2026-09-18 16:56:40,54,33,6148,8151
2026-09-18 16:56:50,54,100,6148,8151
2026-09-18 16:57:00,51,0,6148,8151
2026-09-18 16:57:11,51,28,6148,8151
2026-09-18 16:57:21,51,0,6148,8151
2026-09-18 16:57:31,50,0,6148,8151
2026-09-18 16:57:41,50,0,6148,8151
2026-09-18 16:57:51,50,0,6148,8151
2026-09-18 16:58:02,55,100,6148,8151
2026-09-18 16:58:12,53,7,6148,8151
2026-09-18 16:58:22,52,0,6148,8151
2026-09-18 16:58:32,51,0,6148,8151
2026-09-18 16:58:43,53,0,6148,8151
2026-09-18 16:58:53,56,39,6148,8151
2026-09-18 16:59:03,57,16,6148,8151
2026-09-18 16:59:13,56,47,6148,8151
2026-09-18 16:59:24,52,0,6148,8151
2026-09-18 16:59:34,59,70,6148,8151
2026-09-18 16:59:44,52,29,6148,8151
2026-09-18 16:59:54,51,0,6148,8151
2026-09-18 17:00:04,50,0,6148,8151
2026-09-18 17:00:15,50,0,6148,8151
2026-09-18 17:00:25,50,0,6148,8151
2026-09-18 17:00:35,51,0,6148,8151
2026-09-18 17:00:45,60,33,6148,8151
2026-09-18 17:00:55,60,69,6148,8151
2026-09-18 17:01:06,59,36,6148,8151
2026-09-18 17:01:16,54,87,6148,8151
2026-09-18 17:01:26,54,98,6148,8151
2026-09-18 17:01:37,52,4,6148,8151
2026-09-18 17:01:47,54,41,6148,8151
2026-09-18 17:01:57,53,0,6148,8151
2026-09-18 17:02:07,52,16,6148,8151
2026-09-18 17:02:17,51,0,6148,8151
2026-09-18 17:02:28,51,0,6148,8151
2026-09-18 17:02:38,51,0,6148,8151
2026-09-18 17:02:48,50,0,6148,8151
2026-09-18 17:02:58,50,0,6148,8151
2026-09-18 17:03:08,49,0,6148,8151
2026-09-18 17:03:19,53,8,6148,8151
2026-09-18 17:03:29,52,0,6148,8151
2026-09-18 17:03:39,52,0,6148,8151
2026-09-18 17:03:49,52,0,6148,8151
2026-09-18 17:04:00,54,45,6148,8151
2026-09-18 17:04:10,56,49,6148,8151
2026-09-18 17:04:20,53,18,6148,8151
2026-09-18 17:04:30,53,0,6148,8151
2026-09-18 17:04:41,52,0,6148,8151
2026-09-18 17:04:51,51,0,6148,8151
2026-09-18 17:05:01,57,69,6148,8151
2026-09-18 17:05:11,51,0,6148,8151
2026-09-18 17:05:21,50,0,6148,8151
2026-09-18 17:05:32,50,0,6148,8151
2026-09-18 17:05:42,50,0,6148,8151
2026-09-18 17:05:52,54,78,6148,8151
2026-09-18 17:06:02,56,42,6148,8151
2026-09-18 17:06:12,52,0,6148,8151
2026-09-18 17:06:23,52,0,6148,8151
2026-09-18 17:06:33,56,41,6148,8151
2026-09-18 17:06:43,53,37,6148,8151
2026-09-18 17:06:53,56,7,6148,8151
2026-09-18 17:07:04,53,26,6148,8151
2026-09-18 17:07:14,53,81,6148,8151
2026-09-18 17:07:24,52,30,6148,8151
2026-09-18 17:07:34,55,0,6148,8151
2026-09-18 17:07:45,52,21,6148,8151
2026-09-18 17:07:55,50,0,6148,8151
2026-09-18 17:08:05,50,0,6148,8151
2026-09-18 17:08:15,49,0,6148,8151
2026-09-18 17:08:25,53,46,6148,8151
2026-09-18 17:08:35,52,0,6148,8151
2026-09-18 17:08:46,52,0,6148,8151
2026-09-18 17:08:56,55,48,6148,8151
2026-09-18 17:09:06,54,50,6148,8151
2026-09-18 17:09:17,52,0,6148,8151
2026-09-18 17:09:27,52,0,6148,8151
2026-09-18 17:09:37,53,0,6148,8151
2026-09-18 17:09:47,52,0,6148,8151
2026-09-18 17:09:57,52,27,6148,8151
2026-09-18 17:10:08,52,26,6148,8151
2026-09-18 17:10:18,57,98,6148,8151
2026-09-18 17:10:28,51,0,6148,8151
2026-09-18 17:10:38,50,0,6148,8151
2026-09-18 17:10:48,49,0,6148,8151
2026-09-18 17:10:59,49,0,6148,8151
2026-09-18 17:11:09,55,94,6148,8151
2026-09-18 17:11:19,52,0,6148,8151
2026-09-18 17:11:29,52,0,6148,8151
2026-09-18 17:11:39,52,0,6148,8151
2026-09-18 17:11:50,52,13,6148,8151
2026-09-18 17:12:00,52,0,6148,8151
2026-09-18 17:12:10,52,0,6148,8151
2026-09-18 17:12:20,53,4,6148,8151
2026-09-18 17:12:31,54,97,6148,8151
2026-09-18 17:12:41,52,32,6148,8151
2026-09-18 17:12:51,55,60,6148,8151
2026-09-18 17:13:01,51,0,6148,8151
2026-09-18 17:13:11,50,0,6148,8151
2026-09-18 17:13:22,49,0,6148,8151
2026-09-18 17:13:32,49,0,6148,8151
2026-09-18 17:13:42,55,74,6148,8151
2026-09-18 17:13:52,52,0,6148,8151
2026-09-18 17:14:02,52,0,6148,8151
2026-09-18 17:14:13,52,0,6148,8151
2026-09-18 17:14:23,52,0,6148,8151
2026-09-18 17:14:33,52,0,6148,8151
2026-09-18 17:14:44,54,88,6148,8151
2026-09-18 17:14:54,52,0,6148,8151
2026-09-18 17:15:04,52,31,6148,8151
2026-09-18 17:15:14,51,10,6148,8151
2026-09-18 17:15:24,51,24,6148,8151
2026-09-18 17:15:35,51,0,6148,8151
2026-09-18 17:15:45,50,0,6148,8151
2026-09-18 17:15:55,49,0,6148,8151
2026-09-18 17:16:05,49,0,6148,8151
2026-09-18 17:16:15,52,0,6148,8151
2026-09-18 17:16:26,52,0,6148,8151
2026-09-18 17:16:36,52,0,6148,8151
2026-09-18 17:16:46,54,0,6148,8151
2026-09-18 17:16:56,52,0,6148,8151
2026-09-18 17:17:07,52,0,6148,8151
2026-09-18 17:17:17,53,15,6148,8151
2026-09-18 17:17:27,54,33,6148,8151
2026-09-18 17:17:38,52,0,6148,8151
2026-09-18 17:17:48,58,79,6148,8151
2026-09-18 17:17:58,52,18,6148,8151
2026-09-18 17:18:08,51,0,6148,8151
2026-09-18 17:18:18,50,0,6148,8151
2026-09-18 17:18:29,50,0,6148,8151
2026-09-18 17:18:39,49,0,6148,8151
2026-09-18 17:18:49,52,0,6148,8151
2026-09-18 17:18:59,62,35,6148,8151
2026-09-18 17:19:09,52,0,6148,8151
2026-09-18 17:19:20,58,36,6148,8151
2026-09-18 17:19:30,52,0,6148,8151
2026-09-18 17:19:40,52,0,6148,8151
2026-09-18 17:19:50,54,40,6148,8151
2026-09-18 17:20:01,53,0,6148,8151
2026-09-18 17:20:11,52,0,6148,8151
2026-09-18 17:20:21,53,17,6148,8151
2026-09-18 17:20:31,51,0,6148,8151
2026-09-18 17:20:41,51,0,6148,8151
2026-09-18 17:20:52,50,0,6148,8151
2026-09-18 17:21:02,49,0,6148,8151
2026-09-18 17:21:12,49,0,6148,8151
2026-09-18 17:21:22,51,0,6148,8151
2026-09-18 17:21:32,55,91,6148,8151
2026-09-18 17:21:43,54,32,6148,8151
2026-09-18 17:21:53,53,36,6148,8151
2026-09-18 17:22:03,52,0,6148,8151
2026-09-18 17:22:13,52,0,6148,8151
2026-09-18 17:22:24,57,37,6148,8151
2026-09-18 17:22:34,52,0,6148,8151
2026-09-18 17:22:44,52,0,6148,8151
2026-09-18 17:22:54,58,82,6148,8151
2026-09-18 17:23:04,51,0,6148,8151
2026-09-18 17:23:15,51,0,6148,8151
2026-09-18 17:23:25,50,0,6148,8151
2026-09-18 17:23:35,49,0,6148,8151
2026-09-18 17:23:45,49,0,6148,8151
2026-09-18 17:23:55,55,67,6148,8151
2026-09-18 17:24:05,55,53,6148,8151
2026-09-18 17:24:16,52,0,6148,8151
2026-09-18 17:24:26,52,0,6148,8151
2026-09-18 17:24:36,54,17,6148,8151
2026-09-18 17:24:46,53,19,6148,8151
2026-09-18 17:24:57,52,0,6148,8151
2026-09-18 17:25:07,55,24,6148,8151
2026-09-18 17:25:17,54,35,6148,8151
2026-09-18 17:25:27,51,0,6148,8151
2026-09-18 17:25:37,53,24,6148,8151
2026-09-18 17:25:48,51,0,6148,8151
2026-09-18 17:25:58,50,0,6148,8151
2026-09-18 17:26:08,49,0,6148,8151
2026-09-18 17:26:18,50,0,6148,8151
2026-09-18 17:26:28,54,42,6148,8151
2026-09-18 17:26:38,59,35,6148,8151
2026-09-18 17:26:49,52,0,6148,8151
2026-09-18 17:26:59,52,0,6148,8151
2026-09-18 17:27:09,52,0,6148,8151
2026-09-18 17:27:19,52,0,6148,8151
2026-09-18 17:27:30,56,36,6148,8151
2026-09-18 17:27:40,60,36,6148,8151
2026-09-18 17:27:50,55,37,6148,8151
2026-09-18 17:28:00,52,0,6148,8151
2026-09-18 17:28:11,52,0,6148,8151
2026-09-18 17:28:21,52,0,6148,8151
2026-09-18 17:28:31,51,29,6148,8151
2026-09-18 17:28:41,52,22,6148,8151
2026-09-18 17:28:52,51,29,6148,8151
2026-09-18 17:29:02,50,0,6148,8151
2026-09-18 17:29:12,50,0,6148,8151
2026-09-18 17:29:22,49,0,6148,8151
2026-09-18 17:29:32,51,27,6148,8151
2026-09-18 17:29:42,53,0,6148,8151
2026-09-18 17:29:53,57,37,6148,8151
2026-09-18 17:30:03,52,0,6148,8151
2026-09-18 17:30:13,52,0,6148,8151
2026-09-18 17:30:23,52,0,6148,8151
2026-09-18 17:30:34,52,0,6148,8151
2026-09-18 17:30:44,52,0,6148,8151
2026-09-18 17:30:54,52,0,6148,8151
2026-09-18 17:31:04,52,0,6148,8151
2026-09-18 17:31:14,53,39,6148,8151
2026-09-18 17:31:25,54,0,6148,8151
2026-09-18 17:31:35,52,17,6148,8151
2026-09-18 17:31:45,52,22,6148,8151
2026-09-18 17:31:55,51,0,6148,8151
2026-09-18 17:32:05,50,0,6148,8151
2026-09-18 17:32:16,49,0,6148,8151
2026-09-18 17:32:26,52,88,6148,8151
2026-09-18 17:32:36,52,0,6148,8151
2026-09-18 17:32:46,52,11,6148,8151
2026-09-18 17:32:56,52,0,6148,8151
2026-09-18 17:33:07,58,35,6148,8151
2026-09-18 17:33:17,52,0,6148,8151
2026-09-18 17:33:27,52,0,6148,8151
2026-09-18 17:33:37,53,9,6148,8151
2026-09-18 17:33:48,52,0,6148,8151
2026-09-18 17:33:58,55,61,6148,8151
2026-09-18 17:34:08,53,0,6148,8151
2026-09-18 17:34:18,52,0,6148,8151
2026-09-18 17:34:28,54,100,6148,8151
2026-09-18 17:34:39,52,25,6148,8151
2026-09-18 17:34:49,50,0,6148,8151
2026-09-18 17:34:59,50,0,6148,8151
2026-09-18 17:35:09,49,0,6148,8151
2026-09-18 17:35:19,53,0,6148,8151
2026-09-18 17:35:30,52,0,6148,8151
2026-09-18 17:35:40,52,0,6148,8151
2026-09-18 17:35:50,52,0,6148,8151
2026-09-18 17:36:00,52,0,6148,8151
2026-09-18 17:36:11,52,0,6148,8151
2026-09-18 17:36:21,52,0,6148,8151
2026-09-18 17:36:31,52,0,6148,8151
2026-09-18 17:36:41,52,0,6148,8151
2026-09-18 17:36:52,53,0,6148,8151
2026-09-18 17:37:02,54,38,6148,8151
2026-09-18 17:37:12,52,0,6148,8151
2026-09-18 17:37:22,51,0,6148,8151
2026-09-18 17:37:32,51,0,6148,8151
2026-09-18 17:37:43,50,0,6148,8151
2026-09-18 17:37:53,49,0,6148,8151
2026-09-18 17:38:03,50,0,6148,8151
2026-09-18 17:38:13,53,0,6148,8151
2026-09-18 17:38:23,52,0,6148,8151
2026-09-18 17:38:34,52,0,6148,8151
2026-09-18 17:38:44,52,0,6148,8151
2026-09-18 17:38:54,52,0,6148,8151
2026-09-18 17:39:04,52,12,6148,8151
2026-09-18 17:39:15,53,0,6148,8151
2026-09-18 17:39:25,54,97,6148,8151
2026-09-18 17:39:35,54,19,6148,8151
2026-09-18 17:39:45,52,0,6148,8151
2026-09-18 17:39:56,54,93,6148,8151
2026-09-18 17:40:06,54,29,6148,8151
2026-09-18 17:40:16,52,28,6148,8151
2026-09-18 17:40:26,51,0,6148,8151
2026-09-18 17:40:36,50,0,6148,8151
2026-09-18 17:40:47,49,0,6148,8151
2026-09-18 17:40:57,59,25,6148,8151
2026-09-18 17:41:07,52,0,6148,8151
2026-09-18 17:41:17,55,55,6148,8151
2026-09-18 17:41:28,52,0,6148,8151
2026-09-18 17:41:38,56,68,6148,8151
2026-09-18 17:41:48,53,0,6148,8151
2026-09-18 17:41:58,53,15,6148,8151
2026-09-18 17:42:09,53,26,6148,8151
2026-09-18 17:42:19,54,100,6148,8151
2026-09-18 17:42:29,52,0,6148,8151
2026-09-18 17:42:39,53,0,6148,8151
2026-09-18 17:42:49,57,62,6148,8151
2026-09-18 17:43:00,51,11,6148,8151
2026-09-18 17:43:10,51,28,6148,8151
2026-09-18 17:43:20,50,0,6148,8151
2026-09-18 17:43:30,50,0,6148,8151
2026-09-18 17:43:40,49,0,6148,8151
2026-09-18 17:43:51,52,0,6148,8151
2026-09-18 17:44:01,52,37,6148,8151
2026-09-18 17:44:11,53,8,6148,8151
2026-09-18 17:44:21,53,0,6148,8151
2026-09-18 17:44:32,53,12,6148,8151
2026-09-18 17:44:42,51,17,6148,8151
2026-09-18 17:44:52,61,35,6148,8151
2026-09-18 17:45:02,55,77,6148,8151
2026-09-18 17:45:13,52,0,6148,8151
2026-09-18 17:45:23,53,0,6148,8151
2026-09-18 17:45:33,52,0,6148,8151
2026-09-18 17:45:43,53,18,6148,8151
2026-09-18 17:45:53,53,17,6148,8151
2026-09-18 17:46:04,51,27,6148,8151
2026-09-18 17:46:14,50,0,6148,8151
2026-09-18 17:46:24,50,0,6148,8151
2026-09-18 17:46:34,49,0,6148,8151
2026-09-18 17:46:44,54,0,6148,8151
2026-09-18 17:46:54,52,0,6148,8151
2026-09-18 17:47:05,51,0,6148,8151
2026-09-18 17:47:15,51,0,6148,8151
2026-09-18 17:47:25,52,23,6148,8151
2026-09-18 17:47:36,53,39,6148,8151
2026-09-18 17:47:46,52,0,6148,8151
2026-09-18 17:47:56,53,35,6148,8151
2026-09-18 17:48:06,52,0,6148,8151
2026-09-18 17:48:17,54,16,6148,8151
2026-09-18 17:48:27,52,0,6148,8151
2026-09-18 17:48:37,52,27,6148,8151
2026-09-18 17:48:47,51,0,6148,8151
2026-09-18 17:48:57,51,0,6148,8151
2026-09-18 17:49:08,50,0,6148,8151
2026-09-18 17:49:18,49,0,6148,8151
2026-09-18 17:49:28,53,100,6148,8151
2026-09-18 17:49:38,55,42,6148,8151
2026-09-18 17:49:48,54,98,6148,8151
2026-09-18 17:49:59,52,0,6148,8151
2026-09-18 17:50:09,52,0,6148,8151
2026-09-18 17:50:19,52,0,6148,8151
2026-09-18 17:50:29,52,0,6148,8151
2026-09-18 17:50:40,52,0,6148,8151
2026-09-18 17:50:50,53,0,6148,8151
2026-09-18 17:51:00,52,23,6148,8151
2026-09-18 17:51:10,52,0,6148,8151
2026-09-18 17:51:21,55,47,6148,8151
2026-09-18 17:51:31,58,91,6148,8151
2026-09-18 17:51:41,52,18,6148,8151
2026-09-18 17:51:51,51,0,6148,8151
2026-09-18 17:52:01,50,0,6148,8151
2026-09-18 17:52:12,49,0,6148,8151
2026-09-18 17:52:22,52,0,6148,8151
2026-09-18 17:52:32,52,0,6148,8151
2026-09-18 17:52:42,52,0,6148,8151
2026-09-18 17:52:53,53,36,6148,8151
2026-09-18 17:53:03,52,0,6148,8151
2026-09-18 17:53:13,53,16,6148,8151
2026-09-18 17:53:23,53,0,6148,8151
2026-09-18 17:53:34,59,67,6148,8151
2026-09-18 17:53:44,54,39,6148,8151
2026-09-18 17:53:54,53,1,6148,8151
2026-09-18 17:54:04,52,17,6148,8151
2026-09-18 17:54:14,52,27,6148,8151
2026-09-18 17:54:25,52,28,6148,8151
2026-09-18 17:54:35,51,0,6148,8151
2026-09-18 17:54:45,50,0,6148,8151
2026-09-18 17:54:55,50,0,6148,8151
2026-09-18 17:55:05,50,0,6148,8151
2026-09-18 17:55:16,53,16,6148,8151
2026-09-18 17:55:26,52,4,6148,8151
2026-09-18 17:55:36,55,36,6148,8151
2026-09-18 17:55:46,52,0,6148,8151
2026-09-18 17:55:57,54,100,6148,8151
2026-09-18 17:56:07,60,34,6148,8151
2026-09-18 17:56:17,52,0,6148,8151
2026-09-18 17:56:27,54,49,6148,8151
2026-09-18 17:56:38,56,34,6148,8151
2026-09-18 17:56:48,52,0,6148,8151
2026-09-18 17:56:58,52,0,6148,8151
2026-09-18 17:57:08,52,0,6148,8151
2026-09-18 17:57:19,51,0,6148,8151
2026-09-18 17:57:29,51,16,6148,8151
2026-09-18 17:57:39,50,0,6148,8151
2026-09-18 17:57:49,50,0,6148,8151
2026-09-18 17:57:59,49,0,6148,8151
2026-09-18 17:58:09,54,100,6148,8151
2026-09-18 17:58:20,54,1,6148,8151
2026-09-18 17:58:30,52,0,6148,8151
2026-09-18 17:58:40,52,0,6148,8151
2026-09-18 17:58:50,53,0,6148,8151
2026-09-18 17:59:01,52,0,6148,8151
2026-09-18 17:59:11,53,10,6148,8151
2026-09-18 17:59:21,52,0,6148,8151
2026-09-18 17:59:31,59,39,6148,8151
2026-09-18 17:59:42,52,0,6148,8151
2026-09-18 17:59:52,55,57,6148,8151
2026-09-18 18:00:02,52,20,6148,8151
2026-09-18 18:00:12,52,25,6148,8151
2026-09-18 18:00:23,51,0,6148,8151
2026-09-18 18:00:33,50,0,6148,8151
2026-09-18 18:00:43,49,0,6148,8151
2026-09-18 18:00:53,49,0,6148,8151
2026-09-18 18:01:03,53,8,6148,8151
2026-09-18 18:01:14,58,38,6148,8151
2026-09-18 18:01:24,53,32,6148,8151
2026-09-18 18:01:34,52,0,6148,8151
2026-09-18 18:01:44,52,0,6148,8151
2026-09-18 18:01:55,52,0,6148,8151
2026-09-18 18:02:05,53,0,6148,8151
2026-09-18 18:02:15,57,70,6148,8151
2026-09-18 18:02:25,53,30,6148,8151
2026-09-18 18:02:36,54,100,6148,8151
2026-09-18 18:02:46,53,0,6148,8151
2026-09-18 18:02:56,51,0,6148,8151
2026-09-18 18:03:06,51,0,6148,8151
2026-09-18 18:03:17,51,0,6148,8151
2026-09-18 18:03:27,50,0,6148,8151
2026-09-18 18:03:37,49,0,6148,8151
2026-09-18 18:03:47,52,0,6148,8151
2026-09-18 18:03:57,54,38,6148,8151
2026-09-18 18:04:07,52,0,6148,8151
2026-09-18 18:04:18,54,79,6148,8151
2026-09-18 18:04:28,53,44,6148,8151
2026-09-18 18:04:38,56,81,6148,8151
2026-09-18 18:04:49,54,35,6148,8151
2026-09-18 18:04:59,52,0,6148,8151
2026-09-18 18:05:09,52,34,6148,8151
2026-09-18 18:05:19,52,0,6148,8151
2026-09-18 18:05:30,52,0,6148,8151
2026-09-18 18:05:40,52,26,6148,8151
2026-09-18 18:05:50,55,0,6148,8151
2026-09-18 18:06:00,52,19,6148,8151
2026-09-18 18:06:10,50,0,6148,8151
2026-09-18 18:06:21,50,0,6148,8151
2026-09-18 18:06:31,49,0,6148,8151
2026-09-18 18:06:41,55,25,6148,8151
2026-09-18 18:06:51,52,0,6148,8151
2026-09-18 18:07:01,55,64,6148,8151
2026-09-18 18:07:12,52,0,6148,8151
2026-09-18 18:07:22,52,16,6148,8151
2026-09-18 18:07:32,52,0,6148,8151
2026-09-18 18:07:42,52,0,6148,8151
2026-09-18 18:07:52,54,97,6148,8151
2026-09-18 18:08:03,52,0,6148,8151
2026-09-18 18:08:13,53,0,6148,8151
2026-09-18 18:08:23,54,25,6148,8151
2026-09-18 18:08:33,52,0,6148,8151
2026-09-18 18:08:43,52,0,6148,8151
2026-09-18 18:08:54,50,0,6148,8151
2026-09-18 18:09:04,49,0,6148,8151
2026-09-18 18:09:14,49,0,6148,8151
2026-09-18 18:09:24,52,0,6148,8151
2026-09-18 18:09:34,53,20,6148,8151
2026-09-18 18:09:44,54,3,6148,8151
2026-09-18 18:09:55,53,0,6148,8151
2026-09-18 18:10:05,56,100,6148,8151
2026-09-18 18:10:15,54,0,6148,8151
2026-09-18 18:10:25,54,0,6148,8151
2026-09-18 18:10:35,56,8,6148,8151
2026-09-18 18:10:46,54,0,6148,8151
2026-09-18 18:10:56,53,27,6148,8151
2026-09-18 18:11:06,53,28,6148,8151
2026-09-18 18:11:16,51,0,6148,8151
2026-09-18 18:11:26,50,0,6148,8151
2026-09-18 18:11:37,49,0,6148,8151
2026-09-18 18:11:47,52,94,6148,8151
2026-09-18 18:11:57,51,0,6148,8151
2026-09-18 18:12:07,53,17,6148,8151
2026-09-18 18:12:17,56,72,6148,8151
2026-09-18 18:12:27,55,49,6148,8151
2026-09-18 18:12:38,53,15,6148,8151
2026-09-18 18:12:48,54,0,6148,8151
2026-09-18 18:12:58,55,0,6148,8151
2026-09-18 18:13:08,54,0,6148,8151
2026-09-18 18:13:19,54,30,6148,8151
2026-09-18 18:13:29,53,23,6148,8151
2026-09-18 18:13:39,52,0,6148,8151
2026-09-18 18:13:49,50,0,6148,8151
2026-09-18 18:13:59,49,0,6148,8151
2026-09-18 18:14:09,48,0,6148,8151
2026-09-18 18:14:20,50,0,6148,8151
2026-09-18 18:14:30,52,0,6148,8151
2026-09-18 18:14:40,57,26,6148,8151
2026-09-18 18:14:50,53,0,6148,8151
2026-09-18 18:15:00,55,33,6148,8151
2026-09-18 18:15:11,54,0,6148,8151
2026-09-18 18:15:21,58,36,6148,8151
2026-09-18 18:15:31,54,30,6148,8151
2026-09-18 18:15:41,55,0,6148,8151
2026-09-18 18:15:51,56,92,6148,8151
2026-09-18 18:16:01,53,28,6148,8151
2026-09-18 18:16:12,51,0,6148,8151
2026-09-18 18:16:22,50,0,6148,8151
2026-09-18 18:16:32,49,0,6148,8151
2026-09-18 18:16:42,54,65,6148,8151
2026-09-18 18:16:52,51,0,6148,8151
2026-09-18 18:17:03,52,12,6148,8151
2026-09-18 18:17:13,57,72,6148,8151
2026-09-18 18:17:23,53,0,6148,8151
2026-09-18 18:17:33,54,0,6148,8151
2026-09-18 18:17:43,54,0,6148,8151
2026-09-18 18:17:54,56,38,6148,8151
2026-09-18 18:18:04,54,0,6148,8151
2026-09-18 18:18:14,53,28,6148,8151
2026-09-18 18:18:24,55,100,6148,8151
2026-09-18 18:18:34,52,0,6148,8151
2026-09-18 18:18:44,50,0,6148,8151
2026-09-18 18:18:55,49,0,6148,8151
2026-09-18 18:19:05,48,0,6148,8151
2026-09-18 18:19:15,52,34,6148,8151
2026-09-18 18:19:25,53,0,6148,8151
2026-09-18 18:19:35,52,0,6148,8151
2026-09-18 18:19:46,55,31,6148,8151
2026-09-18 18:19:56,54,25,6148,8151
2026-09-18 18:20:06,54,0,6148,8151
2026-09-18 18:20:16,58,67,6148,8151
2026-09-18 18:20:27,62,36,6148,8151
2026-09-18 18:20:37,56,100,6148,8151
2026-09-18 18:20:47,53,27,6148,8151
2026-09-18 18:20:57,53,26,6148,8151
2026-09-18 18:21:07,51,0,6148,8151
2026-09-18 18:21:17,50,0,6148,8151
2026-09-18 18:21:28,49,0,6148,8151
2026-09-18 18:21:38,51,23,6148,8151
2026-09-18 18:21:48,51,0,6148,8151
2026-09-18 18:21:58,53,53,6148,8151
2026-09-18 18:22:08,52,0,6148,8151
2026-09-18 18:22:19,53,0,6148,8151
2026-09-18 18:22:29,54,0,6148,8151
2026-09-18 18:22:39,56,100,6148,8151
2026-09-18 18:22:49,55,0,6148,8151
2026-09-18 18:22:59,54,0,6148,8151
2026-09-18 18:23:10,54,27,6148,8151
2026-09-18 18:23:20,53,31,6148,8151
2026-09-18 18:23:30,52,0,6148,8151
2026-09-18 18:23:40,50,0,6148,8151
2026-09-18 18:23:50,49,0,6148,8151
2026-09-18 18:24:00,48,0,6148,8151
2026-09-18 18:24:11,54,72,6148,8151
2026-09-18 18:24:21,53,90,6148,8151
2026-09-18 18:24:31,54,89,6148,8151
2026-09-18 18:24:41,59,34,6148,8151
2026-09-18 18:24:51,53,0,6148,8151
2026-09-18 18:25:02,53,0,6148,8151
2026-09-18 18:25:12,57,56,6148,8151
2026-09-18 18:25:22,54,12,6148,8151
2026-09-18 18:25:32,54,0,6148,8151
2026-09-18 18:25:42,53,0,6148,8151
2026-09-18 18:25:53,53,27,6148,8151
2026-09-18 18:26:03,52,0,6148,8151
2026-09-18 18:26:13,50,0,6148,8151
2026-09-18 18:26:23,49,0,6148,8151
2026-09-18 18:26:33,54,40,6148,8151
2026-09-18 18:26:44,58,36,6148,8151
2026-09-18 18:26:54,54,51,6148,8151
2026-09-18 18:27:04,52,0,6148,8151
2026-09-18 18:27:14,55,45,6148,8151
2026-09-18 18:27:24,56,59,6148,8151
2026-09-18 18:27:35,54,0,6148,8151
2026-09-18 18:27:45,55,9,6148,8151
2026-09-18 18:27:55,59,75,6148,8151
2026-09-18 18:28:05,55,18,6148,8151
2026-09-18 18:28:15,53,0,6148,8151
2026-09-18 18:28:26,52,0,6148,8151
2026-09-18 18:28:36,51,0,6148,8151
2026-09-18 18:28:46,49,0,6148,8151
2026-09-18 18:28:56,48,0,6148,8151
2026-09-18 18:29:06,50,0,6148,8151
2026-09-18 18:29:17,52,95,6148,8151
2026-09-18 18:29:27,53,24,6148,8151
2026-09-18 18:29:37,57,0,6148,8151
2026-09-18 18:29:47,55,6,6148,8151
2026-09-18 18:29:57,58,49,6148,8151
2026-09-18 18:30:08,54,15,6148,8151
2026-09-18 18:30:18,55,0,6148,8151
2026-09-18 18:30:28,55,27,6148,8151
2026-09-18 18:30:38,53,0,6148,8151
2026-09-18 18:30:48,53,2,6148,8151
2026-09-18 18:30:59,52,0,6148,8151
2026-09-18 18:31:09,50,0,6148,8151
2026-09-18 18:31:19,49,0,6148,8151
2026-09-18 18:31:29,52,35,6148,8151
2026-09-18 18:31:39,55,62,6148,8151
2026-09-18 18:31:50,52,0,6148,8151
2026-09-18 18:32:00,55,58,6148,8151
2026-09-18 18:32:10,55,94,6148,8151
2026-09-18 18:32:20,53,0,6148,8151
2026-09-18 18:32:30,54,0,6148,8151
2026-09-18 18:32:41,54,0,6148,8151
2026-09-18 18:32:51,54,0,6148,8151
2026-09-18 18:33:01,55,4,6148,8151
2026-09-18 18:33:11,55,78,6148,8151
2026-09-18 18:33:21,52,0,6148,8151
2026-09-18 18:33:32,51,0,6148,8151
2026-09-18 18:33:42,49,0,6148,8151
2026-09-18 18:33:52,48,0,6148,8151
2026-09-18 18:34:02,50,0,6148,8151
2026-09-18 18:34:12,51,0,6148,8151
2026-09-18 18:34:23,56,44,6148,8151
2026-09-18 18:34:33,53,23,6148,8151
2026-09-18 18:34:43,60,36,6148,8151
2026-09-18 18:34:53,55,45,6148,8151
2026-09-18 18:35:03,55,1,6148,8151
2026-09-18 18:35:14,54,0,6148,8151
2026-09-18 18:35:24,56,52,6148,8151
2026-09-18 18:35:34,56,75,6148,8151
2026-09-18 18:35:44,55,53,6148,8151
2026-09-18 18:35:54,51,0,6148,8151
2026-09-18 18:36:05,50,0,6148,8151
2026-09-18 18:36:15,49,0,6148,8151
2026-09-18 18:36:25,50,78,6148,8151
2026-09-18 18:36:35,51,37,6148,8151
2026-09-18 18:36:45,55,25,6148,8151
2026-09-18 18:36:56,53,67,6148,8151
2026-09-18 18:37:06,54,100,6148,8151
2026-09-18 18:37:16,54,86,6148,8151
2026-09-18 18:37:26,56,0,6148,8151
2026-09-18 18:37:36,54,0,6148,8151
2026-09-18 18:37:47,55,37,6148,8151
2026-09-18 18:37:57,55,9,6148,8151
2026-09-18 18:38:07,54,42,6148,8151
2026-09-18 18:38:17,52,0,6148,8151
2026-09-18 18:38:27,51,0,6148,8151
2026-09-18 18:38:38,49,0,6148,8151
2026-09-18 18:38:48,48,0,6148,8151
2026-09-18 18:38:58,54,66,6148,8151
2026-09-18 18:39:08,51,0,6148,8151
2026-09-18 18:39:18,52,0,6148,8151
2026-09-18 18:39:29,55,56,6148,8151
2026-09-18 18:39:39,56,74,6148,8151
2026-09-18 18:39:49,53,0,6148,8151
2026-09-18 18:39:59,55,3,6148,8151
2026-09-18 18:40:09,55,3,6148,8151
2026-09-18 18:40:20,56,27,6148,8151
2026-09-18 18:40:30,55,21,6148,8151
2026-09-18 18:40:40,55,99,6148,8151
2026-09-18 18:40:50,52,0,6148,8151
2026-09-18 18:41:00,50,0,6148,8151
2026-09-18 18:41:10,49,0,6148,8151
2026-09-18 18:41:21,48,0,6148,8151
2026-09-18 18:41:31,51,0,6148,8151
2026-09-18 18:41:41,52,4,6148,8151
2026-09-18 18:41:51,55,90,6148,8151
2026-09-18 18:42:01,53,0,6148,8151
2026-09-18 18:42:12,53,24,6148,8151
2026-09-18 18:42:22,54,0,6148,8151
2026-09-18 18:42:32,56,37,6148,8151
2026-09-18 18:42:42,56,100,6148,8151
2026-09-18 18:42:52,56,37,6148,8151
2026-09-18 18:43:03,53,0,6148,8151
2026-09-18 18:43:13,56,60,6148,8151
2026-09-18 18:43:23,51,0,6148,8151
2026-09-18 18:43:33,50,0,6148,8151
2026-09-18 18:43:43,49,0,6148,8151
2026-09-18 18:43:54,49,0,6148,8151
2026-09-18 18:44:04,51,0,6148,8151
2026-09-18 18:44:14,52,20,6148,8151
2026-09-18 18:44:24,52,0,6148,8151
2026-09-18 18:44:34,59,15,6148,8151
2026-09-18 18:44:45,57,0,6148,8151
2026-09-18 18:44:55,54,0,6148,8151
2026-09-18 18:45:05,58,0,6148,8151
2026-09-18 18:45:15,54,0,6148,8151
2026-09-18 18:45:25,54,29,6148,8151
2026-09-18 18:45:36,53,29,6148,8151
2026-09-18 18:45:46,52,0,6148,8151
2026-09-18 18:45:56,51,0,6148,8151
2026-09-18 18:46:06,49,0,6148,8151
2026-09-18 18:46:16,48,0,6148,8151
2026-09-18 18:46:26,51,0,6148,8151
2026-09-18 18:46:37,53,20,6148,8151
2026-09-18 18:46:47,53,8,6148,8151
2026-09-18 18:46:57,54,0,6148,8151
2026-09-18 18:47:07,53,0,6148,8151
2026-09-18 18:47:17,53,13,6148,8151
2026-09-18 18:47:28,54,0,6148,8151
2026-09-18 18:47:38,56,93,6148,8151
2026-09-18 18:47:48,54,0,6148,8151
2026-09-18 18:47:58,59,87,6148,8151
2026-09-18 18:48:08,52,24,6148,8151
2026-09-18 18:48:19,51,0,6148,8151
2026-09-18 18:48:29,49,0,6148,8151
2026-09-18 18:48:39,49,0,6148,8151
2026-09-18 18:48:49,52,38,6148,8151
2026-09-18 18:48:59,53,87,6148,8151
2026-09-18 18:49:10,51,0,6148,8151
2026-09-18 18:49:20,52,0,6148,8151
2026-09-18 18:49:30,56,79,6148,8151
2026-09-18 18:49:40,58,65,6148,8151
2026-09-18 18:49:50,54,0,6148,8151
2026-09-18 18:50:01,56,100,6148,8151
2026-09-18 18:50:11,54,0,6148,8151
2026-09-18 18:50:21,54,28,6148,8151
2026-09-18 18:50:31,53,29,6148,8151
2026-09-18 18:50:41,52,0,6148,8151
2026-09-18 18:50:51,50,0,6148,8151
2026-09-18 18:51:02,49,0,6148,8151
2026-09-18 18:51:12,48,0,6148,8151
2026-09-18 18:51:22,50,0,6148,8151
2026-09-18 18:51:32,51,0,6148,8151
2026-09-18 18:51:42,56,36,6148,8151
2026-09-18 18:51:53,53,63,6148,8151
2026-09-18 18:52:03,54,36,6148,8151
2026-09-18 18:52:13,56,10,6148,8151
2026-09-18 18:52:23,58,0,6148,8151
2026-09-18 18:52:33,54,0,6148,8151
2026-09-18 18:52:44,55,35,6148,8151
2026-09-18 18:52:54,57,94,6148,8151
2026-09-18 18:53:04,53,0,6148,8151
2026-09-18 18:53:14,52,0,6148,8151
2026-09-18 18:53:24,51,0,6148,8151
2026-09-18 18:53:35,50,0,6148,8151
2026-09-18 18:53:45,54,57,6148,8151
2026-09-18 18:53:55,51,0,6148,8151
2026-09-18 18:54:05,53,34,6148,8151
2026-09-18 18:54:15,52,6,6148,8151
2026-09-18 18:54:26,53,0,6148,8151
2026-09-18 18:54:36,55,21,6148,8151
2026-09-18 18:54:46,54,0,6148,8151
2026-09-18 18:54:56,57,73,6148,8151
2026-09-18 18:55:06,54,0,6148,8151
2026-09-18 18:55:17,54,0,6148,8151
2026-09-18 18:55:27,53,0,6148,8151
2026-09-18 18:55:37,53,23,6148,8151
2026-09-18 18:55:47,50,0,6148,8151
2026-09-18 18:55:57,49,0,6148,8151
2026-09-18 18:56:07,48,0,6148,8151
2026-09-18 18:56:18,51,7,6148,8151
2026-09-18 18:56:28,51,0,6148,8151
2026-09-18 18:56:38,53,34,6148,8151
2026-09-18 18:56:48,52,0,6148,8151
2026-09-18 18:56:58,53,0,6148,8151
2026-09-18 18:57:09,54,0,6148,8151
2026-09-18 18:57:19,58,40,6148,8151
2026-09-18 18:57:29,54,0,6148,8151
2026-09-18 18:57:39,55,0,6148,8151
2026-09-18 18:57:49,53,0,6148,8151
2026-09-18 18:58:00,52,0,6148,8151
2026-09-18 18:58:10,52,0,6148,8151
2026-09-18 18:58:20,50,0,6148,8151
2026-09-18 18:58:30,49,0,6148,8151
2026-09-18 18:58:40,50,34,6148,8151
2026-09-18 18:58:50,51,0,6148,8151
2026-09-18 18:59:01,52,0,6148,8151
2026-09-18 18:59:11,55,0,6148,8151
2026-09-18 18:59:21,54,13,6148,8151
2026-09-18 18:59:31,54,68,6148,8151
2026-09-18 18:59:41,57,0,6148,8151
2026-09-18 18:59:52,57,0,6148,8151
2026-09-18 19:00:02,54,0,6148,8151
2026-09-18 19:00:12,54,0,6148,8151
2026-09-18 19:00:22,53,0,6148,8151
2026-09-18 19:00:32,52,0,6148,8151
2026-09-18 19:00:43,50,0,6148,8151
2026-09-18 19:00:53,49,0,6148,8151
2026-09-18 19:01:03,48,0,6148,8151
2026-09-18 19:01:13,52,95,6148,8151
2026-09-18 19:01:23,52,0,6148,8151
2026-09-18 19:01:34,52,0,6148,8151
2026-09-18 19:01:44,53,0,6148,8151
2026-09-18 19:01:54,54,0,6148,8151
2026-09-18 19:02:04,53,0,6148,8151
2026-09-18 19:02:14,56,100,6148,8151
2026-09-18 19:02:25,55,0,6148,8151
2026-09-18 19:02:35,56,37,6148,8151
2026-09-18 19:02:45,55,21,6148,8151
2026-09-18 19:02:55,52,0,6148,8151
2026-09-18 19:03:05,51,0,6148,8151
2026-09-18 19:03:16,50,0,6148,8151
2026-09-18 19:03:26,49,0,6148,8151
2026-09-18 19:03:36,50,0,6148,8151
2026-09-18 19:03:46,52,17,6148,8151
2026-09-18 19:03:56,52,0,6148,8151
2026-09-18 19:04:06,52,0,6148,8151
2026-09-18 19:04:17,53,0,6148,8151
2026-09-18 19:04:27,53,0,6148,8151
2026-09-18 19:04:37,58,36,6148,8151
2026-09-18 19:04:47,57,36,6148,8151
2026-09-18 19:04:57,54,0,6148,8151
2026-09-18 19:05:08,55,0,6148,8151
2026-09-18 19:05:18,53,26,6148,8151
2026-09-18 19:05:28,52,0,6148,8151
2026-09-18 19:05:38,50,0,6148,8151
2026-09-18 19:05:48,49,0,6148,8151
2026-09-18 19:05:59,48,0,6148,8151
2026-09-18 19:06:09,51,96,6148,8151
2026-09-18 19:06:19,52,76,6148,8151
2026-09-18 19:06:29,53,30,6148,8151
2026-09-18 19:06:39,52,0,6148,8151
2026-09-18 19:06:50,53,0,6148,8151
2026-09-18 19:07:00,56,8,6148,8151
2026-09-18 19:07:10,53,0,6148,8151
2026-09-18 19:07:20,55,70,6148,8151
2026-09-18 19:07:30,54,0,6148,8151
2026-09-18 19:07:41,53,0,6148,8151
2026-09-18 19:07:51,53,26,6148,8151
2026-09-18 19:08:01,52,0,6148,8151
2026-09-18 19:08:11,51,0,6148,8151
2026-09-18 19:08:21,49,0,6148,8151
2026-09-18 19:08:31,50,0,6148,8151
2026-09-18 19:08:42,51,0,6148,8151
2026-09-18 19:08:52,52,0,6148,8151
2026-09-18 19:09:02,58,39,6148,8151
2026-09-18 19:09:12,55,13,6148,8151
2026-09-18 19:09:23,56,77,6148,8151
2026-09-18 19:09:33,54,0,6148,8151
2026-09-18 19:09:43,54,0,6148,8151
2026-09-18 19:09:53,58,39,6148,8151
2026-09-18 19:10:03,54,0,6148,8151
2026-09-18 19:10:14,57,54,6148,8151
2026-09-18 19:10:24,53,0,6148,8151
2026-09-18 19:10:34,51,0,6148,8151
2026-09-18 19:10:44,50,0,6148,8151
2026-09-18 19:10:54,49,0,6148,8151
2026-09-18 19:11:04,51,0,6148,8151
2026-09-18 19:11:15,54,36,6148,8151
2026-09-18 19:11:25,53,21,6148,8151
2026-09-18 19:11:35,56,41,6148,8151
2026-09-18 19:11:45,55,0,6148,8151
2026-09-18 19:11:55,56,9,6148,8151
2026-09-18 19:12:06,55,21,6148,8151
2026-09-18 19:12:16,53,0,6148,8151
2026-09-18 19:12:26,51,0,6148,8151
2026-09-18 19:12:36,52,0,6148,8151
2026-09-18 19:12:46,55,99,6148,8151
2026-09-18 19:12:57,54,0,6148,8151
2026-09-18 19:13:07,56,96,6148,8151
2026-09-18 19:13:17,58,84,6148,8151
2026-09-18 19:13:27,56,0,6148,8151
2026-09-18 19:13:37,55,17,6148,8151
2026-09-18 19:13:48,60,87,6148,8151
2026-09-18 19:13:58,52,0,6148,8151
2026-09-18 19:14:08,50,0,6148,8151
2026-09-18 19:14:18,52,59,6148,8151
2026-09-18 19:14:28,54,7,6148,8151
2026-09-18 19:14:39,53,33,6148,8151
2026-09-18 19:14:49,53,0,6148,8151
2026-09-18 19:14:59,61,44,6148,8151
2026-09-18 19:15:09,54,71,6148,8151
2026-09-18 19:15:19,57,0,6148,8151
2026-09-18 19:15:30,52,0,6148,8151
2026-09-18 19:15:40,50,0,6148,8151
2026-09-18 19:15:50,54,38,6148,8151
2026-09-18 19:16:00,59,37,6148,8151
2026-09-18 19:16:10,54,2,6148,8151
2026-09-18 19:16:21,54,0,6148,8151
2026-09-18 19:16:31,55,33,6148,8151
2026-09-18 19:16:41,55,0,6148,8151
2026-09-18 19:16:51,57,87,6148,8151
2026-09-18 19:17:01,54,32,6148,8151
2026-09-18 19:17:12,52,0,6148,8151
2026-09-18 19:17:22,50,0,6148,8151
2026-09-18 19:17:32,54,89,6148,8151
2026-09-18 19:17:42,56,91,6148,8151
2026-09-18 19:17:52,55,22,6148,8151
2026-09-18 19:18:03,54,7,6148,8151
2026-09-18 19:18:13,56,8,6148,8151
2026-09-18 19:18:23,56,33,6148,8151
2026-09-18 19:18:33,55,23,6148,8151
2026-09-18 19:18:43,53,0,6148,8151
2026-09-18 19:18:54,51,0,6148,8151
2026-09-18 19:19:04,52,100,6148,8151
2026-09-18 19:19:14,52,4,6148,8151
2026-09-18 19:19:24,52,12,6148,8151
2026-09-18 19:19:34,55,84,6148,8151
2026-09-18 19:19:45,54,0,6148,8151
2026-09-18 19:19:55,55,34,6148,8151
2026-09-18 19:20:05,61,36,6148,8151
2026-09-18 19:20:15,53,0,6148,8151
2026-09-18 19:20:25,52,0,6148,8151
2026-09-18 19:20:36,50,0,6148,8151
2026-09-18 19:20:46,52,1,6148,8151
2026-09-18 19:20:56,55,52,6148,8151
2026-09-18 19:21:06,55,49,6148,8151
2026-09-18 19:21:16,56,45,6148,8151
2026-09-18 19:21:27,62,66,6148,8151
2026-09-18 19:21:37,55,28,6148,8151
2026-09-18 19:21:47,55,6,6148,8151
2026-09-18 19:21:57,53,28,6148,8151
2026-09-18 19:22:08,53,0,6148,8151
2026-09-18 19:22:18,50,0,6148,8151
2026-09-18 19:22:28,55,36,6148,8151
2026-09-18 19:22:38,53,67,6148,8151
2026-09-18 19:22:48,54,13,6148,8151
2026-09-18 19:22:59,55,0,6148,8151
2026-09-18 19:23:09,54,91,6148,8151
2026-09-18 19:23:19,56,56,6148,8151
2026-09-18 19:23:29,53,29,6148,8151
2026-09-18 19:23:39,54,1,6148,8151
2026-09-18 19:23:50,50,0,6148,8151
2026-09-18 19:24:00,49,0,6148,8151
2026-09-18 19:24:10,51,0,6148,8151
2026-09-18 19:24:20,53,18,6148,8151
2026-09-18 19:24:30,53,13,6148,8151
2026-09-18 19:24:41,54,0,6148,8151
2026-09-18 19:24:51,57,42,6148,8151
2026-09-18 19:25:01,55,0,6148,8151
2026-09-18 19:25:11,54,0,6148,8151
2026-09-18 19:25:21,53,0,6148,8151
2026-09-18 19:25:32,51,0,6148,8151
2026-09-18 19:25:42,52,0,6148,8151
2026-09-18 19:25:52,54,3,6148,8151
2026-09-18 19:26:02,56,100,6148,8151
2026-09-18 19:26:12,55,1,6148,8151
2026-09-18 19:26:23,57,92,6148,8151
2026-09-18 19:26:33,60,65,6148,8151
2026-09-18 19:26:43,54,27,6148,8151
2026-09-18 19:26:53,53,0,6148,8151
2026-09-18 19:27:03,51,0,6148,8151
2026-09-18 19:27:13,50,0,6148,8151
2026-09-18 19:27:24,53,35,6148,8151
2026-09-18 19:27:34,53,2,6148,8151
2026-09-18 19:27:44,54,0,6148,8151
2026-09-18 19:27:54,55,9,6148,8151
2026-09-18 19:28:04,57,38,6148,8151
2026-09-18 19:28:15,55,17,6148,8151
2026-09-18 19:28:25,56,22,6148,8151
2026-09-18 19:28:35,53,0,6148,8151
2026-09-18 19:28:45,51,0,6148,8151
2026-09-18 19:28:55,52,28,6148,8151
2026-09-18 19:29:06,55,36,6148,8151
2026-09-18 19:29:16,54,0,6148,8151
2026-09-18 19:29:26,57,40,6148,8151
2026-09-18 19:29:36,55,13,6148,8151
2026-09-18 19:29:46,59,66,6148,8151
2026-09-18 19:29:57,55,26,6148,8151
2026-09-18 19:30:07,56,88,6148,8151
2026-09-18 19:30:17,51,0,6148,8151
2026-09-18 19:30:27,50,0,6148,8151
2026-09-18 19:30:37,51,0,6148,8151
2026-09-18 19:30:47,52,26,6148,8151
2026-09-18 19:30:58,54,4,6148,8151
2026-09-18 19:31:08,54,42,6148,8151
2026-09-18 19:31:18,54,35,6148,8151
2026-09-18 19:31:28,54,40,6148,8151
2026-09-18 19:31:38,53,28,6148,8151
2026-09-18 19:31:49,51,0,6148,8151
2026-09-18 19:31:59,50,0,6148,8151
2026-09-18 19:32:09,51,0,6148,8151
2026-09-18 19:32:19,55,65,6148,8151
2026-09-18 19:32:29,53,7,6148,8151
2026-09-18 19:32:40,54,0,6148,8151
2026-09-18 19:32:50,56,37,6148,8151
2026-09-18 19:33:00,55,0,6148,8151
2026-09-18 19:33:10,54,26,6148,8151
2026-09-18 19:33:20,53,0,6148,8151
2026-09-18 19:33:31,52,0,6148,8151
2026-09-18 19:33:41,50,0,6148,8151
2026-09-18 19:33:51,53,0,6148,8151
2026-09-18 19:34:01,54,0,6148,8151
2026-09-18 19:34:11,55,35,6148,8151
2026-09-18 19:34:21,54,0,6148,8151
2026-09-18 19:34:32,55,26,6148,8151
2026-09-18 19:34:42,57,73,6148,8151
2026-09-18 19:34:52,54,27,6148,8151
2026-09-18 19:35:02,52,0,6148,8151
2026-09-18 19:35:12,50,0,6148,8151
2026-09-18 19:35:23,52,0,6148,8151
2026-09-18 19:35:33,54,36,6148,8151
2026-09-18 19:35:43,53,9,6148,8151
2026-09-18 19:35:53,54,0,6148,8151
2026-09-18 19:36:03,56,35,6148,8151
2026-09-18 19:36:14,56,29,6148,8151
2026-09-18 19:36:24,55,0,6148,8151
2026-09-18 19:36:34,55,23,6148,8151
2026-09-18 19:36:44,51,0,6148,8151
2026-09-18 19:36:54,50,0,6148,8151
2026-09-18 19:37:04,55,42,6148,8151
2026-09-18 19:37:15,53,8,6148,8151
2026-09-18 19:37:25,53,0,6148,8151
2026-09-18 19:37:35,55,95,6148,8151
2026-09-18 19:37:45,54,19,6148,8151
2026-09-18 19:37:55,56,56,6148,8151
2026-09-18 19:38:06,53,29,6148,8151
2026-09-18 19:38:16,52,0,6148,8151
2026-09-18 19:38:26,50,0,6148,8151
2026-09-18 19:38:36,50,6,6148,8151
2026-09-18 19:38:46,52,35,6148,8151
2026-09-18 19:38:57,53,37,6148,8151
2026-09-18 19:39:07,54,36,6148,8151
2026-09-18 19:39:17,54,0,6148,8151
2026-09-18 19:39:27,56,45,6148,8151
2026-09-18 19:39:37,56,28,6148,8151
2026-09-18 19:39:47,53,0,6148,8151
2026-09-18 19:39:58,52,0,6148,8151
2026-09-18 19:40:08,50,0,6148,8151
2026-09-18 19:40:18,52,0,6148,8151
2026-09-18 19:40:28,55,16,6148,8151
2026-09-18 19:40:38,60,37,6148,8151
2026-09-18 19:40:49,55,3,6148,8151
2026-09-18 19:40:59,56,7,6148,8151
2026-09-18 19:41:09,57,89,6148,8151
2026-09-18 19:41:19,56,97,6148,8151
2026-09-18 19:41:29,53,0,6148,8151
2026-09-18 19:41:39,51,0,6148,8151
2026-09-18 19:41:50,52,0,6148,8151
2026-09-18 19:42:00,53,0,6148,8151
2026-09-18 19:42:10,53,0,6148,8151
2026-09-18 19:42:20,53,0,6148,8151
2026-09-18 19:42:30,54,6,6148,8151
2026-09-18 19:42:41,55,19,6148,8151
2026-09-18 19:42:51,54,25,6148,8151
2026-09-18 19:43:01,52,28,6148,8151
2026-09-18 19:43:11,50,0,6148,8151
2026-09-18 19:43:21,49,0,6148,8151
2026-09-18 19:43:31,56,76,6148,8151
2026-09-18 19:43:42,53,0,6148,8151
2026-09-18 19:43:52,57,37,6148,8151
2026-09-18 19:44:02,59,35,6148,8151
2026-09-18 19:44:12,54,29,6148,8151
2026-09-18 19:44:23,55,16,6148,8151
2026-09-18 19:44:33,54,28,6148,8151
2026-09-18 19:44:43,53,0,6148,8151
2026-09-18 19:44:53,51,0,6148,8151
2026-09-18 19:45:03,53,23,6148,8151
2026-09-18 19:45:13,53,2,6148,8151
2026-09-18 19:45:24,55,68,6148,8151
2026-09-18 19:45:34,57,16,6148,8151
2026-09-18 19:45:44,59,44,6148,8151
2026-09-18 19:45:54,55,0,6148,8151
2026-09-18 19:46:05,56,45,6148,8151
2026-09-18 19:46:15,53,30,6148,8151
2026-09-18 19:46:25,51,0,6148,8151
2026-09-18 19:46:35,50,0,6148,8151
2026-09-18 19:46:45,51,0,6148,8151
2026-09-18 19:46:55,56,64,6148,8151
2026-09-18 19:47:06,58,40,6148,8151
2026-09-18 19:47:16,55,43,6148,8151
2026-09-18 19:47:26,54,23,6148,8151
2026-09-18 19:47:36,57,84,6148,8151
2026-09-18 19:47:46,56,41,6148,8151
2026-09-18 19:47:57,53,0,6148,8151
2026-09-18 19:48:07,51,0,6148,8151
2026-09-18 19:48:17,53,41,6148,8151
2026-09-18 19:48:27,55,62,6148,8151
2026-09-18 19:48:37,53,0,6148,8151
2026-09-18 19:48:48,55,41,6148,8151
2026-09-18 19:48:58,55,25,6148,8151
2026-09-18 19:49:08,55,0,6148,8151
2026-09-18 19:49:18,57,100,6148,8151
2026-09-18 19:49:28,54,29,6148,8151
2026-09-18 19:49:39,52,0,6148,8151
2026-09-18 19:49:49,50,0,6148,8151
2026-09-18 19:49:59,51,17,6148,8151
2026-09-18 19:50:09,56,58,6148,8151
2026-09-18 19:50:19,52,0,6148,8151
2026-09-18 19:50:29,54,0,6148,8151
2026-09-18 19:50:40,58,64,6148,8151
2026-09-18 19:50:50,55,21,6148,8151
2026-09-18 19:51:00,55,97,6148,8151
2026-09-18 19:51:10,52,0,6148,8151
2026-09-18 19:51:20,50,0,6148,8151
2026-09-18 19:51:31,49,30,6148,8151
2026-09-18 19:51:41,58,37,6148,8151
2026-09-18 19:51:51,56,48,6148,8151
2026-09-18 19:52:01,55,40,6148,8151
2026-09-18 19:52:11,55,93,6148,8151
2026-09-18 19:52:22,56,36,6148,8151
2026-09-18 19:52:32,56,32,6148,8151
2026-09-18 19:52:42,53,29,6148,8151
2026-09-18 19:52:52,52,0,6148,8151
2026-09-18 19:53:02,50,0,6148,8151
2026-09-18 19:53:12,53,7,6148,8151
2026-09-18 19:53:23,54,7,6148,8151
2026-09-18 19:53:33,54,94,6148,8151
2026-09-18 19:53:43,55,96,6148,8151
2026-09-18 19:53:53,56,15,6148,8151
2026-09-18 19:54:03,55,40,6148,8151
2026-09-18 19:54:14,55,21,6148,8151
2026-09-18 19:54:24,56,0,6148,8151
2026-09-18 19:54:34,51,0,6148,8151
2026-09-18 19:54:44,50,0,6148,8151
2026-09-18 19:54:54,52,6,6148,8151
2026-09-18 19:55:05,55,37,6148,8151
2026-09-18 19:55:15,55,30,6148,8151
2026-09-18 19:55:25,54,0,6148,8151
2026-09-18 19:55:35,55,5,6148,8151
2026-09-18 19:55:45,57,98,6148,8151
2026-09-18 19:55:56,53,0,6148,8151
2026-09-18 19:56:06,52,0,6148,8151
2026-09-18 19:56:16,50,0,6148,8151
2026-09-18 19:56:26,53,83,6148,8151
2026-09-18 19:56:36,53,7,6148,8151
2026-09-18 19:56:46,54,4,6148,8151
2026-09-18 19:56:57,56,100,6148,8151
2026-09-18 19:57:07,56,31,6148,8151
2026-09-18 19:57:17,55,31,6148,8151
2026-09-18 19:57:27,54,28,6148,8151
2026-09-18 19:57:38,53,28,6148,8151
2026-09-18 19:57:48,51,0,6148,8151
2026-09-18 19:57:58,50,0,6148,8151
2026-09-18 19:58:08,53,22,6148,8151
2026-09-18 19:58:18,53,0,6148,8151
2026-09-18 19:58:28,54,0,6148,8151
2026-09-18 19:58:39,55,0,6148,8151
2026-09-18 19:58:49,57,79,6148,8151
2026-09-18 19:58:59,56,2,6148,8151
2026-09-18 19:59:09,58,59,6148,8151
2026-09-18 19:59:19,53,0,6148,8151
2026-09-18 19:59:30,51,0,6148,8151
2026-09-18 19:59:40,53,33,6148,8151
2026-09-18 19:59:50,55,89,6148,8151
2026-09-18 20:00:00,56,38,6148,8151
2026-09-18 20:00:10,54,0,6148,8151
2026-09-18 20:00:21,56,100,6148,8151
2026-09-18 20:00:31,55,0,6148,8151
2026-09-18 20:00:41,55,51,6148,8151
2026-09-18 20:00:51,53,24,6148,8151
2026-09-18 20:01:01,51,0,6148,8151
2026-09-18 20:01:12,49,0,6148,8151
2026-09-18 20:01:22,52,36,6148,8151
2026-09-18 20:01:32,54,11,6148,8151
2026-09-18 20:01:42,54,3,6148,8151
2026-09-18 20:01:52,57,17,6148,8151
2026-09-18 20:02:03,55,21,6148,8151
2026-09-18 20:02:13,56,26,6148,8151
2026-09-18 20:02:23,54,29,6148,8151
2026-09-18 20:02:33,53,0,6148,8151
2026-09-18 20:02:43,51,0,6148,8151
2026-09-18 20:02:53,55,42,6148,8151
2026-09-18 20:03:04,61,35,6148,8151
2026-09-18 20:03:14,53,18,6148,8151
2026-09-18 20:03:24,55,40,6148,8151
2026-09-18 20:03:34,57,36,6148,8151
2026-09-18 20:03:44,55,0,6148,8151
2026-09-18 20:03:55,55,3,6148,8151
2026-09-18 20:04:05,53,27,6148,8151
2026-09-18 20:04:15,51,0,6148,8151
2026-09-18 20:04:25,50,0,6148,8151
2026-09-18 20:04:35,53,36,6148,8151
2026-09-18 20:04:46,54,80,6148,8151
2026-09-18 20:04:56,54,31,6148,8151
2026-09-18 20:05:06,55,38,6148,8151
2026-09-18 20:05:16,56,45,6148,8151
2026-09-18 20:05:26,58,59,6148,8151
2026-09-18 20:05:37,54,30,6148,8151
2026-09-18 20:05:47,53,0,6148,8151
2026-09-18 20:05:57,51,0,6148,8151
2026-09-18 20:06:07,51,0,6148,8151
2026-09-18 20:06:17,54,34,6148,8151
2026-09-18 20:06:27,54,8,6148,8151
2026-09-18 20:06:38,57,57,6148,8151
2026-09-18 20:06:48,56,32,6148,8151
2026-09-18 20:06:58,55,24,6148,8151
2026-09-18 20:07:08,55,0,6148,8151
2026-09-18 20:07:19,53,0,6148,8151
2026-09-18 20:07:29,52,0,6148,8151
2026-09-18 20:07:39,50,0,6148,8151
2026-09-18 20:07:49,54,36,6148,8151
2026-09-18 20:07:59,57,39,6148,8151
2026-09-18 20:08:10,55,35,6148,8151
2026-09-18 20:08:20,55,22,6148,8151
2026-09-18 20:08:30,55,34,6148,8151
2026-09-18 20:08:40,55,57,6148,8151
2026-09-18 20:08:50,54,7,6148,8151
2026-09-18 20:09:01,53,29,6148,8151
2026-09-18 20:09:11,51,0,6148,8151
2026-09-18 20:09:21,50,0,6148,8151
2026-09-18 20:09:31,53,35,6148,8151
2026-09-18 20:09:41,55,2,6148,8151
2026-09-18 20:09:52,54,100,6148,8151
2026-09-18 20:10:02,54,0,6148,8151
2026-09-18 20:10:12,58,41,6148,8151
2026-09-18 20:10:22,55,0,6148,8151
2026-09-18 20:10:32,54,30,6148,8151
2026-09-18 20:10:43,53,0,6148,8151
2026-09-18 20:10:53,51,0,6148,8151
2026-09-18 20:11:03,52,37,6148,8151
2026-09-18 20:11:13,53,0,6148,8151
2026-09-18 20:11:23,54,0,6148,8151
2026-09-18 20:11:33,54,0,6148,8151
2026-09-18 20:11:44,55,0,6148,8151
2026-09-18 20:11:54,57,38,6148,8151
2026-09-18 20:12:04,58,56,6148,8151
2026-09-18 20:12:14,53,41,6148,8151
2026-09-18 20:12:25,51,0,6148,8151
2026-09-18 20:12:35,49,0,6148,8151
2026-09-18 20:12:45,52,0,6148,8151
2026-09-18 20:12:55,52,27,6148,8151
2026-09-18 20:13:05,60,37,6148,8151
2026-09-18 20:13:15,57,68,6148,8151
2026-09-18 20:13:26,56,99,6148,8151
2026-09-18 20:13:36,55,0,6148,8151
2026-09-18 20:13:46,56,22,6148,8151
2026-09-18 20:13:56,53,0,6148,8151
2026-09-18 20:14:06,51,0,6148,8151
2026-09-18 20:14:17,55,63,6148,8151
2026-09-18 20:14:27,53,6,6148,8151
2026-09-18 20:14:37,54,0,6148,8151
2026-09-18 20:14:47,54,0,6148,8151
2026-09-18 20:14:57,55,0,6148,8151
2026-09-18 20:15:08,55,0,6148,8151
2026-09-18 20:15:18,54,28,6148,8151
2026-09-18 20:15:28,53,28,6148,8151
2026-09-18 20:15:38,51,0,6148,8151
2026-09-18 20:15:48,49,0,6148,8151
2026-09-18 20:15:59,52,8,6148,8151
2026-09-18 20:16:09,53,0,6148,8151
2026-09-18 20:16:19,55,95,6148,8151
2026-09-18 20:16:29,54,10,6148,8151
2026-09-18 20:16:39,53,32,6148,8151
2026-09-18 20:16:50,58,19,6148,8151
2026-09-18 20:17:00,53,0,6148,8151
2026-09-18 20:17:10,53,28,6148,8151
2026-09-18 20:17:20,52,0,6148,8151
2026-09-18 20:17:30,50,0,6148,8151
2026-09-18 20:17:41,49,0,6148,8151
2026-09-18 20:17:51,48,0,6148,8151
2026-09-18 20:18:01,51,21,6148,8151
2026-09-18 20:18:11,52,0,6148,8151
2026-09-18 20:18:21,54,42,6148,8151
2026-09-18 20:18:32,53,0,6148,8151
2026-09-18 20:18:42,53,0,6148,8151
2026-09-18 20:18:52,54,1,6148,8151
2026-09-18 20:19:02,53,26,6148,8151
2026-09-18 20:19:12,52,0,6148,8151
2026-09-18 20:19:23,52,0,6148,8151
2026-09-18 20:19:33,50,0,6148,8151
2026-09-18 20:19:43,49,0,6148,8151
2026-09-18 20:19:53,48,0,6148,8151
2026-09-18 20:20:03,49,0,6148,8151
2026-09-18 20:20:13,53,92,6148,8151
2026-09-18 20:20:24,54,100,6148,8151
2026-09-18 20:20:34,54,48,6148,8151
2026-09-18 20:20:44,53,0,6148,8151
2026-09-18 20:20:54,54,0,6148,8151
2026-09-18 20:21:04,53,24,6148,8151
2026-09-18 20:21:15,53,29,6148,8151
2026-09-18 20:21:25,52,0,6148,8151
2026-09-18 20:21:35,50,0,6148,8151
2026-09-18 20:21:45,49,0,6148,8151
2026-09-18 20:21:55,48,0,6148,8151
2026-09-18 20:22:06,52,30,6148,8151
2026-09-18 20:22:16,54,80,6148,8151
2026-09-18 20:22:26,58,36,6148,8151
2026-09-18 20:22:36,53,1,6148,8151
2026-09-18 20:22:46,53,0,6148,8151
2026-09-18 20:22:57,56,49,6148,8151
2026-09-18 20:23:07,54,14,6148,8151
2026-09-18 20:23:17,54,23,6148,8151
2026-09-18 20:23:27,52,0,6148,8151
2026-09-18 20:23:37,51,0,6148,8151
2026-09-18 20:23:48,49,0,6148,8151
2026-09-18 20:23:58,48,0,6148,8151
2026-09-18 20:24:08,51,4,6148,8151
2026-09-18 20:24:18,51,29,6148,8151
2026-09-18 20:24:28,53,4,6148,8151
2026-09-18 20:24:39,53,92,6148,8151
2026-09-18 20:24:49,53,76,6148,8151
2026-09-18 20:24:59,55,52,6148,8151
2026-09-18 20:25:09,55,76,6148,8151
2026-09-18 20:25:19,55,42,6148,8151
2026-09-18 20:25:29,52,4,6148,8151
2026-09-18 20:25:40,51,0,6148,8151
2026-09-18 20:25:50,49,0,6148,8151
2026-09-18 20:26:00,48,0,6148,8151
2026-09-18 20:26:10,52,80,6148,8151
2026-09-18 20:26:20,55,35,6148,8151
2026-09-18 20:26:31,51,0,6148,8151
2026-09-18 20:26:41,52,0,6148,8151
2026-09-18 20:26:51,52,0,6148,8151
2026-09-18 20:27:01,54,0,6148,8151
2026-09-18 20:27:11,53,0,6148,8151
2026-09-18 20:27:22,53,30,6148,8151
2026-09-18 20:27:32,52,29,6148,8151
2026-09-18 20:27:42,51,0,6148,8151
2026-09-18 20:27:52,50,0,6148,8151
2026-09-18 20:28:02,49,0,6148,8151
2026-09-18 20:28:13,48,0,6148,8151
2026-09-18 20:28:23,51,8,6148,8151
2026-09-18 20:28:33,51,16,6148,8151
2026-09-18 20:28:43,53,48,6148,8151
2026-09-18 20:28:53,53,0,6148,8151
2026-09-18 20:29:04,53,0,6148,8151
2026-09-18 20:29:14,53,26,6148,8151
2026-09-18 20:29:24,55,53,6148,8151
2026-09-18 20:29:34,52,0,6148,8151
2026-09-18 20:29:44,51,0,6148,8151
2026-09-18 20:29:55,50,0,6148,8151
2026-09-18 20:30:05,48,0,6148,8151
2026-09-18 20:30:15,48,0,6148,8151
2026-09-18 20:30:25,51,100,6148,8151
2026-09-18 20:30:35,52,31,6148,8151
2026-09-18 20:30:45,52,0,6148,8151
2026-09-18 20:30:56,53,37,6148,8151
2026-09-18 20:31:06,55,0,6148,8151
2026-09-18 20:31:16,53,25,6148,8151
2026-09-18 20:31:26,53,0,6148,8151
2026-09-18 20:31:36,53,23,6148,8151
2026-09-18 20:31:47,52,0,6148,8151
2026-09-18 20:31:57,50,0,6148,8151
2026-09-18 20:32:07,49,0,6148,8151
2026-09-18 20:32:17,48,0,6148,8151
2026-09-18 20:32:27,49,0,6148,8151
2026-09-18 20:32:37,51,33,6148,8151
2026-09-18 20:32:48,51,0,6148,8151
2026-09-18 20:32:58,52,0,6148,8151
2026-09-18 20:33:08,53,0,6148,8151
2026-09-18 20:33:18,54,0,6148,8151
2026-09-18 20:33:29,53,29,6148,8151
2026-09-18 20:33:39,52,29,6148,8151
2026-09-18 20:33:49,52,0,6148,8151
2026-09-18 20:33:59,50,0,6148,8151
2026-09-18 20:34:09,49,0,6148,8151
2026-09-18 20:34:19,48,0,6148,8151
2026-09-18 20:34:30,49,15,6148,8151
2026-09-18 20:34:40,53,40,6148,8151
2026-09-18 20:34:50,52,28,6148,8151
2026-09-18 20:35:00,55,67,6148,8151
2026-09-18 20:35:10,52,0,6148,8151
2026-09-18 20:35:21,56,67,6148,8151
2026-09-18 20:35:31,56,68,6148,8151
2026-09-18 20:35:41,52,27,6148,8151
2026-09-18 20:35:51,52,0,6148,8151
2026-09-18 20:36:01,50,0,6148,8151
2026-09-18 20:36:12,49,0,6148,8151
2026-09-18 20:36:22,48,0,6148,8151
2026-09-18 20:36:32,49,0,6148,8151
2026-09-18 20:36:42,50,0,6148,8151
2026-09-18 20:36:52,58,37,6148,8151
2026-09-18 20:37:03,52,15,6148,8151
2026-09-18 20:37:13,52,0,6148,8151
2026-09-18 20:37:23,55,91,6148,8151
2026-09-18 20:37:33,54,0,6148,8151
2026-09-18 20:37:43,52,0,6148,8151
2026-09-18 20:37:54,52,0,6148,8151
2026-09-18 20:38:04,50,0,6148,8151
2026-09-18 20:38:14,49,0,6148,8151
2026-09-18 20:38:24,48,0,6148,8151
2026-09-18 20:38:34,49,0,6148,8151
2026-09-18 20:38:45,50,0,6148,8151
2026-09-18 20:38:55,53,0,6148,8151
2026-09-18 20:39:05,53,95,6148,8151
2026-09-18 20:39:15,58,51,6148,8151
2026-09-18 20:39:25,55,33,6148,8151
2026-09-18 20:39:36,54,92,6148,8151
2026-09-18 20:39:46,53,22,6148,8151
2026-09-18 20:39:56,52,28,6148,8151
2026-09-18 20:40:06,50,0,6148,8151
2026-09-18 20:40:16,49,0,6148,8151
2026-09-18 20:40:26,48,0,6148,8151
2026-09-18 20:40:37,50,0,6148,8151
2026-09-18 20:40:47,54,54,6148,8151
2026-09-18 20:40:57,51,0,6148,8151
2026-09-18 20:41:07,53,25,6148,8151
2026-09-18 20:41:17,53,5,6148,8151
2026-09-18 20:41:28,54,0,6148,8151
2026-09-18 20:41:38,56,46,6148,8151
2026-09-18 20:41:48,52,0,6148,8151
2026-09-18 20:41:58,52,28,6148,8151
2026-09-18 20:42:08,50,0,6148,8151
2026-09-18 20:42:19,49,0,6148,8151
2026-09-18 20:42:29,48,0,6148,8151
2026-09-18 20:42:39,48,0,6148,8151
2026-09-18 20:42:49,56,35,6148,8151
2026-09-18 20:42:59,53,100,6148,8151
2026-09-18 20:43:10,54,99,6148,8151
2026-09-18 20:43:20,53,0,6148,8151
2026-09-18 20:43:30,53,0,6148,8151
2026-09-18 20:43:40,54,0,6148,8151
2026-09-18 20:43:50,52,0,6148,8151
2026-09-18 20:44:01,52,1,6148,8151
2026-09-18 20:44:11,51,0,6148,8151
2026-09-18 20:44:21,49,0,6148,8151
2026-09-18 20:44:31,48,0,6148,8151
2026-09-18 20:44:41,47,0,6148,8151
2026-09-18 20:44:51,50,0,6148,8151
2026-09-18 20:45:02,56,74,6148,8151
2026-09-18 20:45:12,52,27,6148,8151
2026-09-18 20:45:22,52,0,6148,8151
2026-09-18 20:45:32,53,0,6148,8151
2026-09-18 20:45:42,54,38,6148,8151
2026-09-18 20:45:53,53,27,6148,8151
2026-09-18 20:46:03,52,0,6148,8151
2026-09-18 20:46:13,51,0,6148,8151
2026-09-18 20:46:23,49,0,6148,8151
2026-09-18 20:46:33,48,0,6148,8151
2026-09-18 20:46:44,47,0,6148,8151
2026-09-18 20:46:54,50,0,6148,8151
2026-09-18 20:47:04,54,20,6148,8151
2026-09-18 20:47:14,52,86,6148,8151
2026-09-18 20:47:24,53,24,6148,8151
2026-09-18 20:47:35,54,45,6148,8151
2026-09-18 20:47:45,55,95,6148,8151
2026-09-18 20:47:55,54,86,6148,8151
2026-09-18 20:48:05,52,27,6148,8151
2026-09-18 20:48:15,51,0,6148,8151
2026-09-18 20:48:25,49,0,6148,8151
2026-09-18 20:48:36,48,0,6148,8151
2026-09-18 20:48:46,47,0,6148,8151
2026-09-18 20:48:56,50,5,6148,8151
2026-09-18 20:49:06,52,20,6148,8151
2026-09-18 20:49:16,51,20,6148,8151
2026-09-18 20:49:27,52,0,6148,8151
2026-09-18 20:49:37,54,0,6148,8151
2026-09-18 20:49:47,56,84,6148,8151
2026-09-18 20:49:57,53,28,6148,8151
2026-09-18 20:50:07,58,96,6148,8151
2026-09-18 20:50:18,51,0,6148,8151
2026-09-18 20:50:28,49,0,6148,8151
2026-09-18 20:50:38,48,0,6148,8151
2026-09-18 20:50:48,47,0,6148,8151
2026-09-18 20:50:58,49,15,6148,8151
2026-09-18 20:51:08,54,73,6148,8151
2026-09-18 20:51:19,53,37,6148,8151
2026-09-18 20:51:29,55,54,6148,8151
2026-09-18 20:51:39,54,40,6148,8151
2026-09-18 20:51:49,53,0,6148,8151
2026-09-18 20:51:59,53,27,6148,8151
2026-09-18 20:52:10,52,12,6148,8151
2026-09-18 20:52:20,51,0,6148,8151
2026-09-18 20:52:30,49,0,6148,8151
2026-09-18 20:52:40,48,0,6148,8151
2026-09-18 20:52:50,47,0,6148,8151
2026-09-18 20:53:01,51,46,6148,8151
2026-09-18 20:53:11,51,0,6148,8151
2026-09-18 20:53:21,52,0,6148,8151
2026-09-18 20:53:31,54,70,6148,8151
2026-09-18 20:53:41,55,1,6148,8151
2026-09-18 20:53:52,62,31,6148,8151
2026-09-18 20:54:02,60,54,6148,8151
2026-09-18 20:54:12,52,28,6148,8151
2026-09-18 20:54:22,51,0,6148,8151
2026-09-18 20:54:32,49,0,6148,8151
2026-09-18 20:54:42,48,0,6148,8151
2026-09-18 20:54:53,47,0,6148,8151
2026-09-18 20:55:03,52,0,6148,8151
2026-09-18 20:55:13,52,11,6148,8151
2026-09-18 20:55:23,52,1,6148,8151
2026-09-18 20:55:33,60,35,6148,8151
2026-09-18 20:55:44,55,84,6148,8151
2026-09-18 20:55:54,53,28,6148,8151
2026-09-18 20:56:04,52,0,6148,8151
2026-09-18 20:56:14,52,0,6148,8151
2026-09-18 20:56:24,51,0,6148,8151
2026-09-18 20:56:34,49,0,6148,8151
2026-09-18 20:56:45,48,0,6148,8151
2026-09-18 20:56:55,47,0,6148,8151
2026-09-18 20:57:05,49,0,6148,8151
2026-09-18 20:57:15,51,12,6148,8151
2026-09-18 20:57:25,51,0,6148,8151
2026-09-18 20:57:36,54,94,6148,8151
2026-09-18 20:57:46,55,37,6148,8151
2026-09-18 20:57:56,53,0,6148,8151
2026-09-18 20:58:06,53,26,6148,8151
2026-09-18 20:58:16,55,78,6148,8151
2026-09-18 20:58:27,51,0,6148,8151
2026-09-18 20:58:37,50,0,6148,8151
2026-09-18 20:58:47,48,0,6148,8151
2026-09-18 20:58:57,47,0,6148,8151
2026-09-18 20:59:07,50,0,6148,8151
2026-09-18 20:59:18,54,33,6148,8151
2026-09-18 20:59:28,54,89,6148,8151
2026-09-18 20:59:38,55,71,6148,8151
2026-09-18 20:59:48,53,0,6148,8151
2026-09-18 20:59:58,53,0,6148,8151
2026-09-18 21:00:09,53,8,6148,8151
2026-09-18 21:00:19,52,0,6148,8151
2026-09-18 21:00:29,51,0,6148,8151
2026-09-18 21:00:39,49,0,6148,8151
2026-09-18 21:00:49,48,0,6148,8151
2026-09-18 21:00:59,48,0,6148,8151
2026-09-18 21:01:10,50,88,6148,8151
2026-09-18 21:01:20,52,15,6148,8151
2026-09-18 21:01:30,52,72,6148,8151
2026-09-18 21:01:40,53,38,6148,8151
2026-09-18 21:01:50,53,0,6148,8151
2026-09-18 21:02:01,53,0,6148,8151
2026-09-18 21:02:11,58,92,6148,8151
2026-09-18 21:02:21,52,0,6148,8151
2026-09-18 21:02:31,51,0,6148,8151
2026-09-18 21:02:41,50,0,6148,8151
2026-09-18 21:02:52,48,0,6148,8151
2026-09-18 21:03:02,47,0,6148,8151
2026-09-18 21:03:12,50,13,6148,8151
2026-09-18 21:03:22,53,61,6148,8151
2026-09-18 21:03:32,52,3,6148,8151
2026-09-18 21:03:43,52,0,6148,8151
2026-09-18 21:03:53,53,0,6148,8151
2026-09-18 21:04:03,54,0,6148,8151
2026-09-18 21:04:13,53,28,6148,8151
2026-09-18 21:04:23,52,17,6148,8151
2026-09-18 21:04:34,51,0,6148,8151
2026-09-18 21:04:44,50,0,6148,8151
2026-09-18 21:04:54,49,0,6148,8151
2026-09-18 21:05:04,48,0,6148,8151
2026-09-18 21:05:14,50,0,6148,8151
2026-09-18 21:05:24,52,17,6148,8151
2026-09-18 21:05:35,52,0,6148,8151
2026-09-18 21:05:45,54,28,6148,8151
2026-09-18 21:05:55,55,99,6148,8151
2026-09-18 21:06:05,55,80,6148,8151
2026-09-18 21:06:15,53,0,6148,8151
2026-09-18 21:06:26,52,28,6148,8151
2026-09-18 21:06:36,51,0,6148,8151
2026-09-18 21:06:46,50,0,6148,8151
2026-09-18 21:06:56,49,0,6148,8151
2026-09-18 21:07:06,48,0,6148,8151
2026-09-18 21:07:17,50,20,6148,8151
2026-09-18 21:07:27,55,29,6148,8151
2026-09-18 21:07:37,51,0,6148,8151
2026-09-18 21:07:47,52,6,6148,8151
2026-09-18 21:07:57,55,93,6148,8151
2026-09-18 21:08:08,53,0,6148,8151
2026-09-18 21:08:18,53,29,6148,8151
2026-09-18 21:08:28,57,60,6148,8151
2026-09-18 21:08:38,51,0,6148,8151
2026-09-18 21:08:48,50,0,6148,8151
2026-09-18 21:08:59,49,0,6148,8151
2026-09-18 21:09:09,48,0,6148,8151
2026-09-18 21:09:19,51,35,6148,8151
2026-09-18 21:09:29,50,0,6148,8151
2026-09-18 21:09:39,55,35,6148,8151
2026-09-18 21:09:50,54,12,6148,8151
2026-09-18 21:10:00,55,65,6148,8151
2026-09-18 21:10:10,54,97,6148,8151
2026-09-18 21:10:20,56,0,6148,8151
2026-09-18 21:10:30,52,0,6148,8151
2026-09-18 21:10:41,52,0,6148,8151
2026-09-18 21:10:51,50,0,6148,8151
2026-09-18 21:11:01,49,0,6148,8151
2026-09-18 21:11:11,48,0,6148,8151
2026-09-18 21:11:21,51,89,6148,8151
2026-09-18 21:11:32,51,3,6148,8151
2026-09-18 21:11:42,57,34,6148,8151
2026-09-18 21:11:52,60,37,6148,8151
2026-09-18 21:12:02,54,11,6148,8151
2026-09-18 21:12:12,53,0,6148,8151
2026-09-18 21:12:23,57,37,6148,8151
2026-09-18 21:12:33,53,29,6148,8151
2026-09-18 21:12:43,52,27,6148,8151
2026-09-18 21:12:53,50,0,6148,8151
2026-09-18 21:13:03,49,0,6148,8151
2026-09-18 21:13:13,48,0,6148,8151
2026-09-18 21:13:24,48,0,6148,8151
2026-09-18 21:13:34,55,58,6148,8151
2026-09-18 21:13:44,51,0,6148,8151
2026-09-18 21:13:54,51,10,6148,8151
2026-09-18 21:14:04,54,28,6148,8151
2026-09-18 21:14:15,58,39,6148,8151
2026-09-18 21:14:25,53,0,6148,8151
2026-09-18 21:14:35,52,0,6148,8151
2026-09-18 21:14:45,52,28,6148,8151
2026-09-18 21:14:55,50,0,6148,8151
2026-09-18 21:15:06,49,0,6148,8151
2026-09-18 21:15:16,48,0,6148,8151
2026-09-18 21:15:26,48,100,6148,8151
2026-09-18 21:15:36,50,0,6148,8151
2026-09-18 21:15:46,51,0,6148,8151
2026-09-18 21:15:57,52,29,6148,8151
2026-09-18 21:16:07,52,0,6148,8151
2026-09-18 21:16:17,52,0,6148,8151
2026-09-18 21:16:27,53,0,6148,8151
2026-09-18 21:16:37,52,28,6148,8151
2026-09-18 21:16:47,52,0,6148,8151
2026-09-18 21:16:58,50,0,6148,8151
2026-09-18 21:17:08,49,0,6148,8151
2026-09-18 21:17:18,48,0,6148,8151
2026-09-18 21:17:28,47,0,6148,8151
2026-09-18 21:17:38,51,77,6148,8151
2026-09-18 21:17:49,51,90,6148,8151
2026-09-18 21:17:59,55,35,6148,8151
2026-09-18 21:18:09,55,33,6148,8151
2026-09-18 21:18:19,55,82,6148,8151
2026-09-18 21:18:29,57,68,6148,8151
2026-09-18 21:18:39,52,29,6148,8151
2026-09-18 21:18:50,52,26,6148,8151
2026-09-18 21:19:00,50,0,6148,8151
2026-09-18 21:19:10,49,0,6148,8151
2026-09-18 21:19:20,48,0,6148,8151
2026-09-18 21:19:30,47,0,6148,8151
2026-09-18 21:19:40,55,64,6148,8151
2026-09-18 21:19:51,51,0,6148,8151
2026-09-18 21:20:01,53,94,6148,8151
2026-09-18 21:20:11,55,57,6148,8151
2026-09-18 21:20:21,55,98,6148,8151
2026-09-18 21:20:31,55,100,6148,8151
2026-09-18 21:20:42,52,0,6148,8151
2026-09-18 21:20:52,52,31,6148,8151
2026-09-18 21:21:02,50,0,6148,8151
2026-09-18 21:21:12,49,0,6148,8151
2026-09-18 21:21:22,48,0,6148,8151
2026-09-18 21:21:32,47,0,6148,8151
2026-09-18 21:21:43,57,35,6148,8151
2026-09-18 21:21:53,50,10,6148,8151
2026-09-18 21:22:03,52,0,6148,8151
2026-09-18 21:22:13,59,35,6148,8151
2026-09-18 21:22:23,55,100,6148,8151
2026-09-18 21:22:34,53,0,6148,8151
2026-09-18 21:22:44,52,32,6148,8151
2026-09-18 21:22:54,52,0,6148,8151
2026-09-18 21:23:04,51,0,6148,8151
2026-09-18 21:23:14,49,0,6148,8151
2026-09-18 21:23:24,48,0,6148,8151
2026-09-18 21:23:35,47,0,6148,8151
2026-09-18 21:23:45,51,83,6148,8151
2026-09-18 21:23:55,52,64,6148,8151
2026-09-18 21:24:05,53,13,6148,8151
2026-09-18 21:24:15,54,0,6148,8151
2026-09-18 21:24:26,52,0,6148,8151
2026-09-18 21:24:36,54,35,6148,8151
2026-09-18 21:24:46,52,28,6148,8151
2026-09-18 21:24:56,52,29,6148,8151
2026-09-18 21:25:06,51,0,6148,8151
2026-09-18 21:25:16,49,0,6148,8151
2026-09-18 21:25:27,48,0,6148,8151
2026-09-18 21:25:37,47,0,6148,8151
2026-09-18 21:25:47,49,0,6148,8151
2026-09-18 21:25:57,50,0,6148,8151
2026-09-18 21:26:07,53,36,6148,8151
2026-09-18 21:26:18,60,70,6148,8151
2026-09-18 21:26:28,52,0,6148,8151
2026-09-18 21:26:38,55,38,6148,8151
2026-09-18 21:26:48,52,0,6148,8151
2026-09-18 21:26:58,52,30,6148,8151
2026-09-18 21:27:09,51,0,6148,8151
2026-09-18 21:27:19,49,0,6148,8151
2026-09-18 21:27:29,48,0,6148,8151
2026-09-18 21:27:39,47,0,6148,8151
2026-09-18 21:27:49,52,57,6148,8151
2026-09-18 21:28:00,50,0,6148,8151
2026-09-18 21:28:10,52,31,6148,8151
2026-09-18 21:28:20,52,0,6148,8151
2026-09-18 21:28:30,53,14,6148,8151
2026-09-18 21:28:40,54,9,6148,8151
2026-09-18 21:28:51,52,28,6148,8151
2026-09-18 21:29:01,52,0,6148,8151
2026-09-18 21:29:11,51,0,6148,8151
2026-09-18 21:29:21,49,0,6148,8151
2026-09-18 21:29:31,48,0,6148,8151
2026-09-18 21:29:41,47,0,6148,8151
2026-09-18 21:29:52,49,0,6148,8151
2026-09-18 21:30:02,51,34,6148,8151
2026-09-18 21:30:12,54,0,6148,8151
2026-09-18 21:30:22,51,0,6148,8151
2026-09-18 21:30:32,54,12,6148,8151
2026-09-18 21:30:43,53,0,6148,8151
2026-09-18 21:30:53,52,0,6148,8151
2026-09-18 21:31:03,52,29,6148,8151
2026-09-18 21:31:13,51,0,6148,8151
2026-09-18 21:31:23,49,0,6148,8151
2026-09-18 21:31:33,48,0,6148,8151
2026-09-18 21:31:44,47,0,6148,8151
2026-09-18 21:31:54,49,0,6148,8151
2026-09-18 21:32:04,50,0,6148,8151
2026-09-18 21:32:14,53,100,6148,8151
2026-09-18 21:32:24,53,41,6148,8151
2026-09-18 21:32:35,52,0,6148,8151
2026-09-18 21:32:45,53,5,6148,8151
2026-09-18 21:32:55,52,0,6148,8151
2026-09-18 21:33:05,54,100,6148,8151
2026-09-18 21:33:15,51,0,6148,8151
2026-09-18 21:33:26,49,0,6148,8151
2026-09-18 21:33:36,48,0,6148,8151
2026-09-18 21:33:46,47,0,6148,8151
2026-09-18 21:33:56,50,21,6148,8151
2026-09-18 21:34:06,50,11,6148,8151
2026-09-18 21:34:16,55,77,6148,8151
2026-09-18 21:34:27,54,100,6148,8151
2026-09-18 21:34:37,54,40,6148,8151
2026-09-18 21:34:47,55,87,6148,8151
2026-09-18 21:34:57,52,0,6148,8151
2026-09-18 21:35:08,52,26,6148,8151
2026-09-18 21:35:18,51,0,6148,8151
2026-09-18 21:35:28,49,0,6148,8151
2026-09-18 21:35:38,48,0,6148,8151
2026-09-18 21:35:48,47,0,6148,8151
2026-09-18 21:35:58,49,0,6148,8151
2026-09-18 21:36:09,53,9,6148,8151
2026-09-18 21:36:19,52,97,6148,8151
2026-09-18 21:36:29,52,0,6148,8151
2026-09-18 21:36:39,52,0,6148,8151
2026-09-18 21:36:49,54,9,6148,8151
2026-09-18 21:37:00,53,24,6148,8151
2026-09-18 21:37:10,52,26,6148,8151
2026-09-18 21:37:20,51,0,6148,8151
2026-09-18 21:37:30,49,0,6148,8151
2026-09-18 21:37:40,48,0,6148,8151
2026-09-18 21:37:50,47,0,6148,8151
2026-09-18 21:38:01,49,0,6148,8151
2026-09-18 21:38:11,49,0,6148,8151
2026-09-18 21:38:21,50,14,6148,8151
2026-09-18 21:38:31,51,0,6148,8151
2026-09-18 21:38:41,52,20,6148,8151
2026-09-18 21:38:52,52,20,6148,8151
2026-09-18 21:39:02,52,0,6148,8151
2026-09-18 21:39:12,56,50,6148,8151
2026-09-18 21:39:22,55,96,6148,8151
2026-09-18 21:39:32,51,0,6148,8151
2026-09-18 21:39:43,50,0,6148,8151
2026-09-18 21:39:53,49,0,6148,8151
2026-09-18 21:40:03,50,28,6148,8151
2026-09-18 21:40:13,51,0,6148,8151
2026-09-18 21:40:23,51,0,6148,8151
2026-09-18 21:40:34,51,0,6148,8151
2026-09-18 21:40:44,52,0,6148,8151
2026-09-18 21:40:54,53,0,6148,8151
2026-09-18 21:41:04,52,0,6148,8151
2026-09-18 21:41:14,52,0,6148,8151
2026-09-18 21:41:25,53,27,6148,8151
2026-09-18 21:41:35,54,97,6148,8151
2026-09-18 21:41:45,50,0,6148,8151
2026-09-18 21:41:55,49,0,6148,8151
2026-09-18 21:42:05,49,0,6148,8151
2026-09-18 21:42:16,51,0,6148,8151
2026-09-18 21:42:26,51,0,6148,8151
2026-09-18 21:42:36,51,0,6148,8151
2026-09-18 21:42:46,54,27,6148,8151
2026-09-18 21:42:56,54,96,6148,8151
2026-09-18 21:43:07,52,0,6148,8151
2026-09-18 21:43:17,54,0,6148,8151
2026-09-18 21:43:27,53,22,6148,8151
2026-09-18 21:43:37,52,27,6148,8151
2026-09-18 21:43:47,50,0,6148,8151
2026-09-18 21:43:57,49,0,6148,8151
2026-09-18 21:44:08,50,66,6148,8151
2026-09-18 21:44:18,50,0,6148,8151
2026-09-18 21:44:28,52,25,6148,8151
2026-09-18 21:44:38,52,19,6148,8151
2026-09-18 21:44:48,52,0,6148,8151
2026-09-18 21:44:59,54,18,6148,8151
2026-09-18 21:45:09,52,0,6148,8151
2026-09-18 21:45:19,52,0,6148,8151
2026-09-18 21:45:29,54,0,6148,8151
2026-09-18 21:45:39,51,0,6148,8151
2026-09-18 21:45:50,50,0,6148,8151
2026-09-18 21:46:00,49,0,6148,8151
2026-09-18 21:46:10,50,34,6148,8151
2026-09-18 21:46:20,53,49,6148,8151
2026-09-18 21:46:30,51,9,6148,8151
2026-09-18 21:46:41,60,36,6148,8151
2026-09-18 21:46:51,52,0,6148,8151
2026-09-18 21:47:01,52,0,6148,8151
2026-09-18 21:47:11,52,0,6148,8151
2026-09-18 21:47:21,53,0,6148,8151
2026-09-18 21:47:32,54,18,6148,8151
2026-09-18 21:47:42,52,29,6148,8151
2026-09-18 21:47:52,50,0,6148,8151
2026-09-18 21:48:02,49,0,6148,8151
2026-09-18 21:48:12,51,37,6148,8151
2026-09-18 21:48:23,50,0,6148,8151
2026-09-18 21:48:33,51,0,6148,8151
2026-09-18 21:48:43,53,100,6148,8151
2026-09-18 21:48:53,53,38,6148,8151
2026-09-18 21:49:03,52,0,6148,8151
2026-09-18 21:49:14,53,0,6148,8151
2026-09-18 21:49:24,54,20,6148,8151
2026-09-18 21:49:34,52,0,6148,8151
2026-09-18 21:49:44,52,0,6148,8151
2026-09-18 21:49:54,50,0,6148,8151
2026-09-18 21:50:05,49,0,6148,8151
2026-09-18 21:50:15,50,0,6148,8151
2026-09-18 21:50:25,51,0,6148,8151
2026-09-18 21:50:35,56,35,6148,8151
2026-09-18 21:50:45,52,0,6148,8151
2026-09-18 21:50:56,53,19,6148,8151
2026-09-18 21:51:06,52,0,6148,8151
2026-09-18 21:51:16,53,0,6148,8151
2026-09-18 21:51:26,52,0,6148,8151
2026-09-18 21:51:36,53,26,6148,8151
2026-09-18 21:51:46,58,96,6148,8151
2026-09-18 21:51:57,50,0,6148,8151
2026-09-18 21:52:07,49,0,6148,8151
2026-09-18 21:52:17,49,0,6148,8151
2026-09-18 21:52:27,52,37,6148,8151
2026-09-18 21:52:37,51,0,6148,8151
2026-09-18 21:52:47,51,0,6148,8151
2026-09-18 21:52:58,53,100,6148,8151
2026-09-18 21:53:08,54,67,6148,8151
2026-09-18 21:53:18,52,0,6148,8151
2026-09-18 21:53:28,53,0,6148,8151
2026-09-18 21:53:38,54,21,6148,8151
2026-09-18 21:53:49,53,57,6148,8151
2026-09-18 21:53:59,50,0,6148,8151
2026-09-18 21:54:09,49,0,6148,8151
2026-09-18 21:54:19,49,0,6148,8151
2026-09-18 21:54:29,50,0,6148,8151
2026-09-18 21:54:40,50,0,6148,8151
2026-09-18 21:54:50,53,19,6148,8151
2026-09-18 21:55:00,53,20,6148,8151
2026-09-18 21:55:10,54,38,6148,8151
2026-09-18 21:55:20,52,0,6148,8151
2026-09-18 21:55:31,53,0,6148,8151
2026-09-18 21:55:41,52,30,6148,8151
2026-09-18 21:55:51,52,26,6148,8151
2026-09-18 21:56:01,50,0,6148,8151
2026-09-18 21:56:11,49,0,6148,8151
2026-09-18 21:56:21,50,0,6148,8151
2026-09-18 21:56:32,51,0,6148,8151
2026-09-18 21:56:42,51,0,6148,8151
2026-09-18 21:56:52,55,63,6148,8151
2026-09-18 21:57:02,54,98,6148,8151
2026-09-18 21:57:12,52,1,6148,8151
2026-09-18 21:57:23,53,26,6148,8151
2026-09-18 21:57:33,53,0,6148,8151
2026-09-18 21:57:43,52,27,6148,8151
2026-09-18 21:57:53,52,27,6148,8151
2026-09-18 21:58:03,50,0,6148,8151
2026-09-18 21:58:14,49,0,6148,8151
2026-09-18 21:58:24,49,27,6148,8151
2026-09-18 21:58:34,52,26,6148,8151
2026-09-18 21:58:44,51,5,6148,8151
2026-09-18 21:58:54,52,12,6148,8151
2026-09-18 21:59:05,52,0,6148,8151
2026-09-18 21:59:15,52,1,6148,8151
2026-09-18 21:59:25,53,0,6148,8151
2026-09-18 21:59:35,52,0,6148,8151
2026-09-18 21:59:46,52,0,6148,8151
2026-09-18 21:59:56,51,0,6148,8151
2026-09-18 22:00:06,50,0,6148,8151
2026-09-18 22:00:16,48,0,6148,8151
2026-09-18 22:00:26,51,39,6148,8151
2026-09-18 22:00:36,58,37,6148,8151
2026-09-18 22:00:47,52,27,6148,8151
2026-09-18 22:00:57,53,55,6148,8151
2026-09-18 22:01:07,54,40,6148,8151
2026-09-18 22:01:17,52,0,6148,8151
2026-09-18 22:01:27,55,44,6148,8151
2026-09-18 22:01:38,53,18,6148,8151
2026-09-18 22:01:48,52,0,6148,8151
2026-09-18 22:01:58,51,27,6148,8151
2026-09-18 22:02:08,50,0,6148,8151
2026-09-18 22:02:18,48,0,6148,8151
2026-09-18 22:02:29,51,55,6148,8151
2026-09-18 22:02:39,51,27,6148,8151
2026-09-18 22:02:49,51,0,6148,8151
2026-09-18 22:02:59,52,8,6148,8151
2026-09-18 22:03:09,53,0,6148,8151
2026-09-18 22:03:20,54,55,6148,8151
2026-09-18 22:03:30,52,0,6148,8151
2026-09-18 22:03:40,52,0,6148,8151
2026-09-18 22:03:50,52,27,6148,8151
2026-09-18 22:04:00,52,25,6148,8151
2026-09-18 22:04:10,50,0,6148,8151
2026-09-18 22:04:21,49,0,6148,8151
2026-09-18 22:04:31,51,23,6148,8151
2026-09-18 22:04:41,51,8,6148,8151
2026-09-18 22:04:51,53,48,6148,8151
2026-09-18 22:05:01,51,0,6148,8151
2026-09-18 22:05:12,52,0,6148,8151
2026-09-18 22:05:22,53,12,6148,8151
2026-09-18 22:05:32,53,0,6148,8151
2026-09-18 22:05:42,56,36,6148,8151
2026-09-18 22:05:52,52,28,6148,8151
2026-09-18 22:06:03,52,25,6148,8151
2026-09-18 22:06:13,50,0,6148,8151
2026-09-18 22:06:23,48,0,6148,8151
2026-09-18 22:06:33,50,0,6148,8151
2026-09-18 22:06:43,50,0,6148,8151
2026-09-18 22:06:54,55,61,6148,8151
2026-09-18 22:07:04,51,0,6148,8151
2026-09-18 22:07:14,52,0,6148,8151
2026-09-18 22:07:24,55,38,6148,8151
2026-09-18 22:07:34,54,38,6148,8151
2026-09-18 22:07:45,52,0,6148,8151
2026-09-18 22:07:55,52,18,6148,8151
2026-09-18 22:08:05,52,23,6148,8151
2026-09-18 22:08:15,50,0,6148,8151
2026-09-18 22:08:25,48,0,6148,8151
2026-09-18 22:08:35,49,0,6148,8151
2026-09-18 22:08:46,51,0,6148,8151
2026-09-18 22:08:56,51,0,6148,8151
2026-09-18 22:09:06,57,33,6148,8151
2026-09-18 22:09:16,52,0,6148,8151
2026-09-18 22:09:27,53,26,6148,8151
2026-09-18 22:09:37,55,67,6148,8151
2026-09-18 22:09:47,54,71,6148,8151
2026-09-18 22:09:57,53,51,6148,8151
2026-09-18 22:10:07,51,0,6148,8151
2026-09-18 22:10:17,50,0,6148,8151
2026-09-18 22:10:28,49,0,6148,8151
2026-09-18 22:10:38,54,37,6148,8151
2026-09-18 22:10:48,52,49,6148,8151
2026-09-18 22:10:58,51,0,6148,8151
2026-09-18 22:11:08,56,55,6148,8151
2026-09-18 22:11:19,57,36,6148,8151
2026-09-18 22:11:29,53,0,6148,8151
2026-09-18 22:11:39,54,40,6148,8151
2026-09-18 22:11:49,52,0,6148,8151
2026-09-18 22:11:59,53,21,6148,8151
2026-09-18 22:12:10,51,0,6148,8151
2026-09-18 22:12:20,50,0,6148,8151
2026-09-18 22:12:30,48,0,6148,8151
2026-09-18 22:12:40,51,0,6148,8151
2026-09-18 22:12:50,50,0,6148,8151
2026-09-18 22:13:00,52,10,6148,8151
2026-09-18 22:13:11,52,0,6148,8151
2026-09-18 22:13:21,52,0,6148,8151
2026-09-18 22:13:31,53,0,6148,8151
2026-09-18 22:13:41,55,88,6148,8151
2026-09-18 22:13:52,52,0,6148,8151
2026-09-18 22:14:02,60,96,6148,8151
2026-09-18 22:14:12,51,0,6148,8151
2026-09-18 22:14:22,49,0,6148,8151
2026-09-18 22:14:32,48,0,6148,8151
2026-09-18 22:14:42,50,0,6148,8151
2026-09-18 22:14:53,50,0,6148,8151
2026-09-18 22:15:03,53,27,6148,8151
2026-09-18 22:15:13,52,0,6148,8151
2026-09-18 22:15:23,53,35,6148,8151
2026-09-18 22:15:33,54,34,6148,8151
2026-09-18 22:15:44,52,0,6148,8151
2026-09-18 22:15:54,54,87,6148,8151
2026-09-18 22:16:04,52,27,6148,8151
2026-09-18 22:16:14,51,0,6148,8151
2026-09-18 22:16:24,49,0,6148,8151
2026-09-18 22:16:34,48,0,6148,8151
2026-09-18 22:16:45,50,0,6148,8151
2026-09-18 22:16:55,53,0,6148,8151
2026-09-18 22:17:05,51,0,6148,8151
2026-09-18 22:17:15,53,40,6148,8151
2026-09-18 22:17:25,52,0,6148,8151
2026-09-18 22:17:36,54,0,6148,8151
2026-09-18 22:17:46,55,0,6148,8151
2026-09-18 22:17:56,52,0,6148,8151
2026-09-18 22:18:06,52,27,6148,8151
2026-09-18 22:18:17,51,0,6148,8151
2026-09-18 22:18:27,49,0,6148,8151
2026-09-18 22:18:37,48,0,6148,8151
2026-09-18 22:18:47,50,0,6148,8151
2026-09-18 22:18:57,50,0,6148,8151
2026-09-18 22:19:08,53,88,6148,8151
2026-09-18 22:19:18,52,4,6148,8151
2026-09-18 22:19:28,51,0,6148,8151
2026-09-18 22:19:38,54,29,6148,8151
2026-09-18 22:19:48,55,55,6148,8151
2026-09-18 22:19:58,52,0,6148,8151
2026-09-18 22:20:09,54,42,6148,8151
2026-09-18 22:20:19,50,0,6148,8151
2026-09-18 22:20:29,49,0,6148,8151
2026-09-18 22:20:39,49,0,6148,8151
2026-09-18 22:20:49,50,30,6148,8151
2026-09-18 22:21:00,50,0,6148,8151
2026-09-18 22:21:10,51,0,6148,8151
2026-09-18 22:21:20,53,22,6148,8151
2026-09-18 22:21:30,53,9,6148,8151
2026-09-18 22:21:40,55,74,6148,8151
2026-09-18 22:21:51,55,78,6148,8151
2026-09-18 22:22:01,58,40,6148,8151
2026-09-18 22:22:11,51,0,6148,8151
2026-09-18 22:22:21,51,0,6148,8151
2026-09-18 22:22:31,49,0,6148,8151
2026-09-18 22:22:42,49,0,6148,8151
2026-09-18 22:22:52,50,0,6148,8151
2026-09-18 22:23:02,51,0,6148,8151
2026-09-18 22:23:12,51,0,6148,8151
2026-09-18 22:23:22,54,36,6148,8151
2026-09-18 22:23:33,52,0,6148,8151
2026-09-18 22:23:43,52,26,6148,8151
2026-09-18 22:23:53,52,0,6148,8151
2026-09-18 22:24:03,59,70,6148,8151
2026-09-18 22:24:13,53,23,6148,8151
2026-09-18 22:24:24,50,0,6148,8151
2026-09-18 22:24:34,49,0,6148,8151
2026-09-18 22:24:44,50,32,6148,8151
2026-09-18 22:24:54,51,100,6148,8151
2026-09-18 22:25:04,51,0,6148,8151
2026-09-18 22:25:15,52,0,6148,8151
2026-09-18 22:25:25,55,0,6148,8151
2026-09-18 22:25:35,57,16,6148,8151
2026-09-18 22:25:45,52,0,6148,8151
2026-09-18 22:25:56,54,4,6148,8151
2026-09-18 22:26:06,52,0,6148,8151
2026-09-18 22:26:16,51,28,6148,8151
2026-09-18 22:26:26,50,0,6148,8151
2026-09-18 22:26:36,49,0,6148,8151
2026-09-18 22:26:46,50,0,6148,8151
2026-09-18 22:26:57,50,0,6148,8151
2026-09-18 22:27:07,52,9,6148,8151
2026-09-18 22:27:17,52,0,6148,8151
2026-09-18 22:27:27,59,37,6148,8151
2026-09-18 22:27:37,54,100,6148,8151
2026-09-18 22:27:48,56,51,6148,8151
2026-09-18 22:27:58,55,38,6148,8151
2026-09-18 22:28:08,52,5,6148,8151
2026-09-18 22:28:18,51,26,6148,8151
2026-09-18 22:28:28,50,0,6148,8151
2026-09-18 22:28:39,48,0,6148,8151
2026-09-18 22:28:49,51,29,6148,8151
2026-09-18 22:28:59,56,69,6148,8151
2026-09-18 22:29:09,51,30,6148,8151
2026-09-18 22:29:19,52,0,6148,8151
2026-09-18 22:29:30,52,0,6148,8151
2026-09-18 22:29:40,56,60,6148,8151
2026-09-18 22:29:50,52,0,6148,8151
2026-09-18 22:30:00,54,100,6148,8151
2026-09-18 22:30:10,52,26,6148,8151
2026-09-18 22:30:21,51,0,6148,8151
2026-09-18 22:30:31,50,0,6148,8151
2026-09-18 22:30:41,48,0,6148,8151
2026-09-18 22:30:51,50,4,6148,8151
2026-09-18 22:31:01,50,1,6148,8151
2026-09-18 22:31:12,53,68,6148,8151
2026-09-18 22:31:22,56,38,6148,8151
2026-09-18 22:31:32,51,0,6148,8151
2026-09-18 22:31:42,59,72,6148,8151
2026-09-18 22:31:52,55,70,6148,8151
2026-09-18 22:32:03,56,37,6148,8151
2026-09-18 22:32:13,52,29,6148,8151
2026-09-18 22:32:23,52,29,6148,8151
2026-09-18 22:32:33,50,0,6148,8151
2026-09-18 22:32:43,49,0,6148,8151
2026-09-18 22:32:54,49,7,6148,8151
2026-09-18 22:33:04,51,13,6148,8151
2026-09-18 22:33:14,53,0,6148,8151
2026-09-18 22:33:24,51,0,6148,8151
2026-09-18 22:33:34,53,24,6148,8151
2026-09-18 22:33:45,52,0,6148,8151
2026-09-18 22:33:55,52,0,6148,8151
2026-09-18 22:34:05,53,37,6148,8151
2026-09-18 22:34:15,52,0,6148,8151
2026-09-18 22:34:25,51,5,6148,8151
2026-09-18 22:34:36,50,0,6148,8151
2026-09-18 22:34:46,48,0,6148,8151
2026-09-18 22:34:56,49,0,6148,8151
2026-09-18 22:35:06,51,30,6148,8151
2026-09-18 22:35:16,52,29,6148,8151
2026-09-18 22:35:27,51,0,6148,8151
2026-09-18 22:35:37,55,90,6148,8151
2026-09-18 22:35:47,53,0,6148,8151
2026-09-18 22:35:57,53,0,6148,8151
2026-09-18 22:36:07,52,0,6148,8151
2026-09-18 22:36:18,52,32,6148,8151
2026-09-18 22:36:28,52,26,6148,8151
2026-09-18 22:36:38,50,0,6148,8151
2026-09-18 22:36:48,48,0,6148,8151
2026-09-18 22:36:58,49,0,6148,8151
2026-09-18 22:37:09,50,0,6148,8151
2026-09-18 22:37:19,51,7,6148,8151
2026-09-18 22:37:29,55,36,6148,8151
2026-09-18 22:37:39,52,0,6148,8151
2026-09-18 22:37:49,53,0,6148,8151
2026-09-18 22:38:00,53,15,6148,8151
2026-09-18 22:38:10,53,0,6148,8151
2026-09-18 22:38:20,52,0,6148,8151
2026-09-18 22:38:30,52,22,6148,8151
2026-09-18 22:38:40,50,0,6148,8151
2026-09-18 22:38:50,48,0,6148,8151
2026-09-18 22:39:01,49,0,6148,8151
2026-09-18 22:39:11,51,0,6148,8151
2026-09-18 22:39:21,50,0,6148,8151
2026-09-18 22:39:31,53,84,6148,8151
2026-09-18 22:39:42,51,0,6148,8151
2026-09-18 22:39:52,52,6,6148,8151
2026-09-18 22:40:02,53,0,6148,8151
2026-09-18 22:40:12,53,0,6148,8151
2026-09-18 22:40:22,52,13,6148,8151
2026-09-18 22:40:33,51,0,6148,8151
2026-09-18 22:40:43,50,0,6148,8151
2026-09-18 22:40:53,48,0,6148,8151
2026-09-18 22:41:03,50,18,6148,8151
2026-09-18 22:41:13,50,0,6148,8151
2026-09-18 22:41:24,51,7,6148,8151
2026-09-18 22:41:34,51,30,6148,8151
2026-09-18 22:41:44,51,0,6148,8151
2026-09-18 22:41:54,53,82,6148,8151
2026-09-18 22:42:04,52,0,6148,8151
2026-09-18 22:42:15,52,0,6148,8151
2026-09-18 22:42:25,52,24,6148,8151
2026-09-18 22:42:35,51,28,6148,8151
2026-09-18 22:42:45,50,0,6148,8151
2026-09-18 22:42:55,48,0,6148,8151
2026-09-18 22:43:06,50,36,6148,8151
2026-09-18 22:43:16,51,36,6148,8151
2026-09-18 22:43:26,51,0,6148,8151
2026-09-18 22:43:36,53,33,6148,8151
2026-09-18 22:43:46,52,0,6148,8151
2026-09-18 22:43:57,52,0,6148,8151
2026-09-18 22:44:07,52,0,6148,8151
2026-09-18 22:44:17,52,0,6148,8151
2026-09-18 22:44:27,52,0,6148,8151
2026-09-18 22:44:37,51,0,6148,8151
2026-09-18 22:44:48,50,0,6148,8151
2026-09-18 22:44:58,48,0,6148,8151
2026-09-18 22:45:08,49,32,6148,8151
2026-09-18 22:45:18,55,68,6148,8151
2026-09-18 22:45:28,51,0,6148,8151
2026-09-18 22:45:39,51,0,6148,8151
2026-09-18 22:45:49,52,0,6148,8151
2026-09-18 22:45:59,53,0,6148,8151
2026-09-18 22:46:09,52,0,6148,8151
2026-09-18 22:46:19,56,57,6148,8151
2026-09-18 22:46:30,53,25,6148,8151
2026-09-18 22:46:40,54,99,6148,8151
2026-09-18 22:46:50,50,0,6148,8151
2026-09-18 22:47:00,48,0,6148,8151
2026-09-18 22:47:10,50,0,6148,8151
2026-09-18 22:47:20,52,11,6148,8151
2026-09-18 22:47:31,53,29,6148,8151
2026-09-18 22:47:41,52,0,6148,8151
2026-09-18 22:47:51,53,10,6148,8151
2026-09-18 22:48:01,54,26,6148,8151
2026-09-18 22:48:12,52,0,6148,8151
2026-09-18 22:48:22,54,95,6148,8151
2026-09-18 22:48:32,52,24,6148,8151
2026-09-18 22:48:42,51,0,6148,8151
2026-09-18 22:48:52,50,0,6148,8151
2026-09-18 22:49:02,48,0,6148,8151
2026-09-18 22:49:13,50,0,6148,8151
2026-09-18 22:49:23,52,22,6148,8151
2026-09-18 22:49:33,51,0,6148,8151
2026-09-18 22:49:43,51,0,6148,8151
2026-09-18 22:49:53,51,0,6148,8151
2026-09-18 22:50:04,53,17,6148,8151
2026-09-18 22:50:14,52,0,6148,8151
2026-09-18 22:50:24,53,0,6148,8151
2026-09-18 22:50:34,52,26,6148,8151
2026-09-18 22:50:44,51,26,6148,8151
2026-09-18 22:50:55,50,0,6148,8151
2026-09-18 22:51:05,48,0,6148,8151
2026-09-18 22:51:15,49,0,6148,8151
2026-09-18 22:51:25,50,0,6148,8151
2026-09-18 22:51:35,51,9,6148,8151
2026-09-18 22:51:46,51,0,6148,8151
2026-09-18 22:51:56,53,32,6148,8151
2026-09-18 22:52:06,55,0,6148,8151
2026-09-18 22:52:16,52,0,6148,8151
2026-09-18 22:52:26,53,7,6148,8151
2026-09-18 22:52:36,52,32,6148,8151
2026-09-18 22:52:47,54,28,6148,8151
2026-09-18 22:52:57,50,0,6148,8151
2026-09-18 22:53:07,48,0,6148,8151
2026-09-18 22:53:17,51,97,6148,8151
2026-09-18 22:53:27,51,0,6148,8151
2026-09-18 22:53:37,51,0,6148,8151
2026-09-18 22:53:48,52,26,6148,8151
2026-09-18 22:53:58,56,65,6148,8151
2026-09-18 22:54:08,52,0,6148,8151
2026-09-18 22:54:18,54,34,6148,8151
2026-09-18 22:54:28,55,94,6148,8151
2026-09-18 22:54:39,58,86,6148,8151
2026-09-18 22:54:49,55,64,6148,8151
2026-09-18 22:54:59,50,0,6148,8151
2026-09-18 22:55:09,48,0,6148,8151
2026-09-18 22:55:19,50,0,6148,8151
2026-09-18 22:55:30,51,0,6148,8151
2026-09-18 22:55:40,56,41,6148,8151
2026-09-18 22:55:50,51,0,6148,8151
2026-09-18 22:56:00,52,0,6148,8151
2026-09-18 22:56:10,52,0,6148,8151
2026-09-18 22:56:21,59,70,6148,8151
2026-09-18 22:56:31,53,0,6148,8151
2026-09-18 22:56:41,52,28,6148,8151
2026-09-18 22:56:51,52,28,6148,8151
2026-09-18 22:57:01,50,0,6148,8151
2026-09-18 22:57:11,48,0,6148,8151
2026-09-18 22:57:22,51,0,6148,8151
2026-09-18 22:57:32,51,3,6148,8151
2026-09-18 22:57:42,51,0,6148,8151
2026-09-18 22:57:52,52,0,6148,8151
2026-09-18 22:58:02,53,0,6148,8151
2026-09-18 22:58:13,52,0,6148,8151
2026-09-18 22:58:23,53,36,6148,8151
2026-09-18 22:58:33,52,0,6148,8151
2026-09-18 22:58:43,53,24,6148,8151
2026-09-18 22:58:53,52,30,6148,8151
2026-09-18 22:59:04,50,0,6148,8151
2026-09-18 22:59:14,49,0,6148,8151
2026-09-18 22:59:24,50,10,6148,8151
2026-09-18 22:59:34,51,23,6148,8151
2026-09-18 22:59:44,56,0,6148,8151
2026-09-18 22:59:54,55,0,6148,8151
2026-09-18 23:00:05,54,28,6148,8151
2026-09-18 23:00:15,58,38,6148,8151
2026-09-18 23:00:25,52,30,6148,8151
2026-09-18 23:00:35,55,20,6148,8151
2026-09-18 23:00:45,51,0,6148,8151
2026-09-18 23:00:56,49,0,6148,8151
2026-09-18 23:01:06,48,0,6148,8151
2026-09-18 23:01:16,47,0,6148,8151
2026-09-18 23:01:26,52,61,6148,8151
2026-09-18 23:01:36,51,13,6148,8151
2026-09-18 23:01:47,54,36,6148,8151
2026-09-18 23:01:57,56,39,6148,8151
2026-09-18 23:02:07,56,65,6148,8151
2026-09-18 23:02:17,58,71,6148,8151
2026-09-18 23:02:27,52,30,6148,8151
2026-09-18 23:02:38,52,28,6148,8151
2026-09-18 23:02:48,51,0,6148,8151
2026-09-18 23:02:58,49,0,6148,8151
2026-09-18 23:03:08,48,0,6148,8151
2026-09-18 23:03:18,47,0,6148,8151
2026-09-18 23:03:28,46,0,6148,8151
2026-09-18 23:03:39,52,61,6148,8151
2026-09-18 23:03:49,56,57,6148,8151
2026-09-18 23:03:59,54,47,6148,8151
2026-09-18 23:04:09,58,41,6148,8151
2026-09-18 23:04:19,54,5,6148,8151
2026-09-18 23:04:30,53,30,6148,8151
2026-09-18 23:04:40,52,7,6148,8151
2026-09-18 23:04:50,52,0,6148,8151
2026-09-18 23:05:00,50,0,6148,8151
2026-09-18 23:05:10,48,0,6148,8151
2026-09-18 23:05:21,47,0,6148,8151
2026-09-18 23:05:31,47,0,6148,8151
2026-09-18 23:05:41,50,32,6148,8151
2026-09-18 23:05:51,52,100,6148,8151
2026-09-18 23:06:01,54,10,6148,8151
2026-09-18 23:06:12,56,0,6148,8151
2026-09-18 23:06:22,56,0,6148,8151
2026-09-18 23:06:32,56,100,6148,8151
2026-09-18 23:06:42,54,98,6148,8151
2026-09-18 23:06:52,51,29,6148,8151
2026-09-18 23:07:02,50,0,6148,8151
2026-09-18 23:07:13,48,0,6148,8151
2026-09-18 23:07:23,47,0,6148,8151
2026-09-18 23:07:33,47,0,6148,8151
2026-09-18 23:07:43,49,0,6148,8151
2026-09-18 23:07:53,54,72,6148,8151
2026-09-18 23:08:04,53,10,6148,8151
2026-09-18 23:08:14,54,36,6148,8151
2026-09-18 23:08:24,56,74,6148,8151
2026-09-18 23:08:34,54,2,6148,8151
2026-09-18 23:08:45,53,33,6148,8151
2026-09-18 23:08:55,52,0,6148,8151
2026-09-18 23:09:05,50,0,6148,8151
2026-09-18 23:09:15,49,0,6148,8151
2026-09-18 23:09:25,48,0,6148,8151
2026-09-18 23:09:35,47,0,6148,8151
2026-09-18 23:09:46,49,0,6148,8151
2026-09-18 23:09:56,56,37,6148,8151
2026-09-18 23:10:06,53,33,6148,8151
2026-09-18 23:10:16,57,65,6148,8151
2026-09-18 23:10:27,53,0,6148,8151
2026-09-18 23:10:37,59,40,6148,8151
2026-09-18 23:10:47,53,30,6148,8151
2026-09-18 23:10:57,54,49,6148,8151
2026-09-18 23:11:07,50,0,6148,8151
2026-09-18 23:11:18,49,0,6148,8151
2026-09-18 23:11:28,48,0,6148,8151
2026-09-18 23:11:38,47,0,6148,8151
2026-09-18 23:11:48,48,36,6148,8151
2026-09-18 23:11:58,54,36,6148,8151
2026-09-18 23:12:09,55,63,6148,8151
2026-09-18 23:12:19,53,0,6148,8151
2026-09-18 23:12:29,53,31,6148,8151
2026-09-18 23:12:39,56,50,6148,8151
2026-09-18 23:12:49,52,29,6148,8151
2026-09-18 23:13:00,51,27,6148,8151
2026-09-18 23:13:10,50,0,6148,8151
2026-09-18 23:13:20,49,0,6148,8151
2026-09-18 23:13:30,47,0,6148,8151
2026-09-18 23:13:40,46,0,6148,8151
2026-09-18 23:13:51,45,0,6148,8151
2026-09-18 23:14:01,44,0,6148,8151
2026-09-18 23:14:11,44,0,6148,8151
2026-09-18 23:14:21,45,0,6148,8151
2026-09-18 23:14:31,48,0,6148,8151
2026-09-18 23:14:42,51,93,6148,8151
2026-09-18 23:14:52,52,37,6148,8151
2026-09-18 23:15:02,54,0,6148,8151
2026-09-18 23:15:12,53,33,6148,8151
2026-09-18 23:15:23,53,24,6148,8151
2026-09-18 23:15:33,52,11,6148,8151
2026-09-18 23:15:43,51,0,6148,8151
2026-09-18 23:15:53,49,0,6148,8151
2026-09-18 23:16:03,48,0,6148,8151
2026-09-18 23:16:14,47,0,6148,8151
2026-09-18 23:16:24,46,0,6148,8151
2026-09-18 23:16:34,51,100,6148,8151
2026-09-18 23:16:44,53,98,6148,8151
2026-09-18 23:16:54,52,28,6148,8151
2026-09-18 23:17:05,53,0,6148,8151
